"","ABCA3","AMBP","BAIAP2L2","C4BPA","CCL20","CCT7","CDR2L","CHMP2A","COL5A2","CPXM2","CYP4B1","EIF5A","EIF6","EPHX1","F2RL1","GFRA3","GGTLC1","GOLM1","GPI","IER3","IGFBP1","INMT","ITGB4","KLK12","KRT7","LAD1","LDHA","MARVELD1","METTL7A","NPC2","PFKP","PLAUR","PMEPA1","PSMB7","PSMC4","PTTG1IP","RANGAP1","RHOV","S100A11","SEC61G","SEMA3C","SERPINH1","SLC6A14","SPRR1B","TIMM23","TK1","TMED10","TOP2A","TSKU","TXN","UBA1","class"
"GSM1465989",-0.00519672889748263,-0.0148723782753573,-0.00337410389894272,-0.00125036724073311,-0.00570692791591199,0.024595766549411,0.00536085017623553,-0.0248063573029078,0.00657600853016462,0.00913037159309187,0.00600963841953254,-0.00821847867874973,0.01837960350536,0.00808807920376115,-0.00293625097387169,-0.00228575055865204,0.00738577711160368,-0.00467601417451235,-0.0113638421457082,-0.0821062464844699,-0.000589632108605386,-0.00390643318477643,0.000838033905135326,0.00954413927014687,-0.00686529057931156,-0.0215052360225249,-0.012665677170681,-0.0672415673764282,-0.0272427615584661,0.0150835011956229,-0.0170725371712653,0.0160706175468425,-0.0121536080430255,-0.032615721174628,0.0165151354207966,0.0121485686858954,-0.00863007224168523,0.0175764850861426,0.00934090612950053,-0.00450808067754733,-0.00331543197274232,-0.0173349652884931,-0.00770624459050886,0.037243805255313,0.00538377823915948,0.000275169740691057,-0.0109304348741422,0.00631971605319217,-0.00056294160724961,-0.0206204357850493,-0.000216399809853649,1
"GSM748053",-0.00621430884870907,-0.0177882331973736,-0.00393495547563947,-0.00120951821801821,-0.00391118310211355,0.0244406087137002,0.0048701516189036,-0.0236491574673671,0.00703698999435696,0.00837222033276979,0.00750670493892157,-0.00716274856456801,0.0181199247932368,0.00820816264476833,-0.00367174048705739,-0.00342696144484768,0.00860118427899912,-0.00460919216329045,-0.0107260035795162,-0.0848795820367752,-0.000529459976886456,-0.004428500099009,0.0006782482786194,0.00889420428403891,-0.00654906809744885,-0.0202087491965366,-0.0123380423749478,-0.0638639231547412,-0.0291336041571138,0.0158481708509836,-0.0153402327594561,0.013901384815009,-0.0104110085141693,-0.0326900062998703,0.0156468564380926,0.0124881542850999,-0.00978324117623873,0.0118426141826924,0.0093390167762106,-0.00465120636384109,-0.00357550969499637,-0.0189517246129726,-0.00659128908297669,0.0213438232859174,0.00505351775436224,0.000226703930484746,-0.0115430676111147,0.00572674957258873,-0.000521701934123725,-0.0209638354484915,-0.000215118098137352,1
"GSM748054",-0.0053067504412797,-0.0145021183228438,-0.00363056287566087,-0.00100301734043092,-0.00470669979903375,0.0261183588010581,0.0060999151026534,-0.0246529818700866,0.00743846182853096,0.00854828352049111,0.00458824154874704,-0.0077454091342107,0.0192365974825816,0.00693353125220008,-0.00358780640626652,-0.00227090637664033,0.00774067537654397,-0.00438899874665692,-0.0109786754541196,-0.0969996446831184,-0.000531405105837967,-0.00380982911905785,0.000844811000230442,0.00790940924640856,-0.00690007623399018,-0.0216129678664868,-0.0127822476705424,-0.0694955538148236,-0.0261620461279619,0.0152483529888694,-0.0160500152955511,0.0173244332903563,-0.0115374772824593,-0.0351526249620703,0.0166963433362525,0.0122002149467771,-0.0104773631819033,0.0133563695763122,0.00886150450550523,-0.00467873590131925,-0.00427481711987707,-0.0191147345243249,-0.0114034792185585,0.038751691648455,0.00529628978575898,0.000320463676819173,-0.010834425883617,0.00857347298481833,-0.000594602274740485,-0.021597812398077,-0.000208458511184169,0
"GSM748055",-0.00594183343531643,-0.0174693956714675,-0.00382848769031468,-0.000893542308265345,-0.00564532263728276,0.0260410169244027,0.00616565911808709,-0.024241757915152,0.00642726408480808,0.00901820073528577,0.00649241914493586,-0.00692059659128247,0.0181170281538234,0.00625632360177213,-0.00361514448789095,-0.00290084915177153,0.0109983032180219,-0.00454432634884232,-0.0114871265076789,-0.0830056309196604,-0.000524839370962039,-0.0037008207899957,0.000749123206985855,0.00772175233111239,-0.00662775938666057,-0.020685689839083,-0.0126955762027025,-0.0623135053819893,-0.0241761203040311,0.0135828788687325,-0.0161875968326332,0.0144948833047115,-0.0100476080999442,-0.0322755977050058,0.0175789406437603,0.0118739777497986,-0.0101079971823281,0.0106415390019025,0.00871915390678252,-0.00508848985329062,-0.0032346285838097,-0.0186945231103177,-0.00471145936458499,0.0176801299336735,0.00564377666043523,0.000300441513860879,-0.0111031758907754,0.00857569979114567,-0.000523969848052752,-0.0213168635811214,-0.000211790345505512,1
"GSM748057",-0.00579630723169819,-0.0161338036626455,-0.00345523862376501,-0.000935874859212983,-0.00628510377673028,0.0234134696652001,0.00540319991121065,-0.0223735120690988,0.00486102687730636,0.0100525779871618,0.00722726845501124,-0.00871701640089249,0.0170282599079803,0.00943771319380083,-0.00281118318387017,-0.00262134559692908,0.00702136850035389,-0.00476791512896638,-0.012577357424403,-0.0562690760817759,-0.000550936248873496,-0.0038756006770737,0.000760919470363159,0.00802053506223452,-0.00699134472733596,-0.0216356621025994,-0.0121398492521223,-0.0569824122600716,-0.026516827520849,0.013389040477556,-0.0180842419500954,0.0122660680996476,-0.00792910362747712,-0.0327196538101259,0.0160824376523493,0.0116688817064167,-0.00982229378453214,0.0127565007594003,0.00869315686932486,-0.00467607395033041,-0.00293889975188305,-0.015291673308109,-0.00420862926432474,0.0190874144947783,0.00546922256920725,0.00022296642314956,-0.0118851598019766,0.00436237750336159,-0.000578292100813349,-0.0228431442189631,-0.00021501801526799,1
"GSM748058",-0.00555430036816382,-0.0157451765478165,-0.00384612508674124,-0.00117128619753348,-0.00383825357658694,0.0239998373760522,0.00497836028728948,-0.0241338199763645,0.00662427481927842,0.00920007095467473,0.00737345994643368,-0.00827723099558872,0.0174030328963594,0.00822927631229866,-0.00326885033072996,-0.00318084236802979,0.0100184558434641,-0.00457021797319713,-0.0108559681235377,-0.0793137724269234,-0.000529302274190663,-0.00496087033768016,0.000722414916610018,0.00807900402923789,-0.00660969978003078,-0.0211130728457824,-0.0125338759360915,-0.0698007756842319,-0.029653857410604,0.016009180208932,-0.0142737281653397,0.0140955171812737,-0.00939648726729026,-0.033130888470061,0.0157694884622894,0.0125332654675884,-0.00939194994474827,0.0111422121865234,0.00911728063731955,-0.00459930815279273,-0.00388596254821401,-0.0175974293580751,-0.00827906370860569,0.0198572058755601,0.00521119700022214,0.000237313752622319,-0.0108710940662385,0.00638290982677937,-0.000523540707868074,-0.0213290182429764,-0.000211990516968668,1
"GSM748064",-0.00646838591128459,-0.0221281821267632,-0.0041246227616531,-0.00134448186437211,-0.00651656882180442,0.0247299944170024,0.00493346433137767,-0.0241040143933976,0.00591089748255782,0.00872939270739872,0.00580077079768535,-0.00776240599965342,0.0173066518697376,0.00635979565656531,-0.00419175204263543,-0.00335292271383156,0.00762195292055937,-0.00445285397741927,-0.011631438971527,-0.0815311791606782,-0.000525869914284463,-0.00408449322038818,0.000780851498332837,0.00770400682466089,-0.006273795804757,-0.0248943070765423,-0.0123322816575577,-0.0628986601274188,-0.0279228342448046,0.0145465864892584,-0.0172116307564061,0.0136596852084219,-0.00930516645602391,-0.0349627291710171,0.0163012980165016,0.0116247765967545,-0.00927108222431208,0.0134615145117672,0.00887981320577292,-0.00456425871534412,-0.00382094316445529,-0.0171096256009201,-0.00806637364415514,0.0215194999517667,0.00518863171962426,0.00024231020894744,-0.0108290172122078,0.00523898801428793,-0.000479747979469919,-0.0214691971536318,-0.000218331439663951,1
"GSM748068",-0.00434240821790877,-0.0181966278048284,-0.00441089902728253,-0.00117528745776916,-0.00935072734247663,0.0254643441737649,0.00591878548170277,-0.0257865119377681,0.00685994371551528,0.00890436843030276,0.00336833682430413,-0.00820309127175063,0.0180787511404323,0.00791429750981635,-0.00374680051111199,-0.00328884258698623,0.0056994946716905,-0.00460671639224996,-0.0123106167900115,-0.0840612022314311,-0.000546048191174452,-0.00285835454115515,0.000773706297886413,0.0135601224556358,-0.00603035377668487,-0.0176695607187848,-0.012400836656371,-0.066073846161758,-0.0253510713044025,0.0136332058205486,-0.0178842984934747,0.0152619247863381,-0.00809887520308891,-0.0348618770528986,0.0182963719759498,0.0114543427185124,-0.010560700981475,0.0125275714709069,0.00918063217633053,-0.00464914435961383,-0.00341784615066672,-0.0203123355295256,-0.0106947734967358,0.0200875161698275,0.00522018821642396,0.000360468319564497,-0.0113949633865582,0.00911332739462517,-0.000800883202419378,-0.0229539222608618,-0.000193193811061978,1
"GSM748075",-0.00518880732199409,-0.016356480446291,-0.00366637669356766,-0.000879552442684441,-0.00856890751618901,0.0258518256745126,0.00589601149744318,-0.0244461569851227,0.00747813347480572,0.00901823558514712,0.00440959395515318,-0.00788008005203837,0.0179538272882592,0.00744103850582522,-0.00306858353099786,-0.00225507218040631,0.00802553979587153,-0.00454702567864869,-0.0124960243638003,-0.0761624234318205,-0.000543438523857943,-0.00307205182394217,0.000859798001118091,0.00760453911621147,-0.00626872982957764,-0.0199019634100049,-0.0127516848145259,-0.0691111828268865,-0.0256429716385,0.014148594174233,-0.0179460151288076,0.0183310008648471,-0.0108593840810014,-0.0353565876723575,0.0175959497356461,0.0119206387579676,-0.0101910571104034,0.0127365859338012,0.00900944210858046,-0.00474872364357056,-0.00420056474122945,-0.0187286708340088,-0.0110733274813217,0.0434112999019448,0.00513349804079265,0.000310552554060767,-0.0106499218367859,0.00815482499694556,-0.000564008089207708,-0.0220419438558416,-0.000197993952274354,0
"GSM748077",-0.00524912165176622,-0.0158237123099546,-0.00426293804260246,-0.00115425245906003,-0.00688545491295948,0.0255223309993061,0.00621362875756542,-0.0237150285029988,0.00695089660438082,0.00896226775302303,0.00516179598620609,-0.00899349542969308,0.0180181908992847,0.00801659833562222,-0.00360185654446473,-0.00248321509498623,0.00698342187888415,-0.0044480027853594,-0.0113836059650284,-0.0804264453168714,-0.000538825843840324,-0.00372630791676366,0.00089904111730745,0.00767899417923261,-0.00634079035367878,-0.0208793947960704,-0.012523016982604,-0.0660975304653007,-0.0287721968519392,0.0136406755306057,-0.0163115806424308,0.0161615071051649,-0.00975590920751691,-0.0344019396288067,0.0176258929724532,0.0119202344056952,-0.0110454547251029,0.0173682261052817,0.00899895574125666,-0.00469180912077342,-0.00426283953619749,-0.0170379730170537,-0.0103293687390346,0.0220466329596802,0.00529871529081044,0.000316357695078483,-0.0109344388267391,0.00784084116377198,-0.000607904298066383,-0.0200789622927153,-0.000199049419034328,0
"GSM748078",-0.00525886127018886,-0.0188896346698468,-0.0036978237329159,-0.00139310585700978,-0.0078413472198293,0.0239232110785342,0.00600401900138151,-0.0248651615550917,0.00538207661053096,0.0088187080904523,0.00526285437792783,-0.0067295157419452,0.0166972877641678,0.00631716562590026,-0.00334448341064184,-0.00229511491096155,0.00878199283195249,-0.00473154987276738,-0.0111903753839809,-0.0938679450855905,-0.000538465997744183,-0.00490001487953144,0.000871970812321467,0.00806112701897241,-0.0062857067259556,-0.0222292907758096,-0.0122136355860797,-0.0661779202388893,-0.0310423147008772,0.014839091851002,-0.016095066603726,0.0133236683914585,-0.00886753318027812,-0.0335823126285637,0.0155255938401612,0.0120906484245553,-0.0100855780137229,0.012490137999018,0.00878619851106218,-0.00451606363483742,-0.00341695386746987,-0.0163494942392998,-0.00803601378443348,0.0207097042616967,0.00496455002120764,0.00022684159700885,-0.0103426376872736,0.00564444891502666,-0.000546246105628786,-0.0198749772669226,-0.000209227700716717,1
"GSM748079",-0.0056060259239149,-0.0152802779509992,-0.00386865503558281,-0.00110339740425471,-0.00495272484032709,0.024627471016712,0.00508699229682835,-0.0244587654337579,0.00741386833854448,0.00818875045484611,0.00516716543853635,-0.00846278581803767,0.0179074313781612,0.00693574825724034,-0.00322199119950841,-0.00249653396577757,0.00827441039219684,-0.00436215482959808,-0.0120754465054084,-0.0820043850477705,-0.000502509613954702,-0.00394203047251332,0.000743356243350197,0.00741807035266906,-0.00645422536961324,-0.0166869692114362,-0.012566594659348,-0.067709335841068,-0.028500253157356,0.0146003446775401,-0.0156344589936166,0.0174247807355339,-0.010295703904083,-0.0343107795559347,0.0171889628924837,0.0123081025775992,-0.0107080780194989,0.0118010488759751,0.00871905884991627,-0.00481054915784363,-0.0038865857242951,-0.0190050174172233,-0.00739373177938912,0.0201246135064446,0.005355182390574,0.000307645879974015,-0.0110029110434916,0.00767065145130863,-0.000532578434499059,-0.0205435417572123,-0.000200271444628085,0
"GSM748080",-0.00499060067800185,-0.0205122934919006,-0.00385603812832406,-0.00102541189044398,-0.00534408974768826,0.0247313878595137,0.00579344516953429,-0.0240754765132174,0.0072132854298759,0.00856184688417298,0.00640054786707847,-0.00741557800192628,0.0183333559520829,0.0068888417650853,-0.00366125323306611,-0.00220161236258494,0.0066651072087239,-0.00432185175457667,-0.0129246652206633,-0.0846082007001708,-0.000535368753099791,-0.00401340883250951,0.000875749875712814,0.00823805657200148,-0.00668261995779677,-0.0213615526295696,-0.012973829894911,-0.0680458863915239,-0.027278729465553,0.0140427021927053,-0.018126374573287,0.0157922189027665,-0.0121320688585959,-0.0337792697899418,0.0164641418245231,0.0123422995257509,-0.0102155176075219,0.0120615923516003,0.0089164710735981,-0.00474151413151333,-0.00388414501867043,-0.0184799795963265,-0.00880672631601796,0.019609640466232,0.00527411776372417,0.000319957448688101,-0.0114484287585479,0.0078045023816112,-0.000577430852243755,-0.0206242584564427,-0.000216287144857474,1
"GSM748081",-0.00499687846230314,-0.0228252894276127,-0.00443185250205609,-0.0011399394376708,-0.00479790015729664,0.0253608174064422,0.0054459773528565,-0.0225727567913861,0.00605004079407869,0.0095417002482969,0.00406005332490864,-0.00984426893150715,0.0178218794684155,0.00687650206350906,-0.00345805313973208,-0.00259574204346173,0.0075445014933583,-0.00450763359513837,-0.0122187169820882,-0.0878925018381363,-0.000765554053210166,-0.0033025427535152,0.000917461399557616,0.0107781860524239,-0.00712946045538201,-0.0218913540920907,-0.0127894783681092,-0.067973175426046,-0.0227913759501143,0.0135645955501309,-0.0185010102441976,0.0149061595517952,-0.00880060873686778,-0.0312683582454794,0.0165255660454279,0.0122116405196871,-0.00992610883507417,0.0148551683000103,0.00938692520142624,-0.00490708450248323,-0.00306751129141643,-0.0171689993735336,-0.00872327874680769,0.018613487434802,0.00514969650954177,0.000328186679044724,-0.0122770881185093,0.00872986892194464,-0.000665453127554231,-0.021024238465033,-0.000213914529207506,1
"GSM748083",-0.00639439271666263,-0.0193289284340889,-0.00398075842350739,-0.00112335987960253,-0.00595576770296014,0.0250576739099261,0.00530207505969159,-0.024618272183045,0.00721849282877751,0.00886014481672013,0.00535849604977599,-0.00812492028459357,0.0184937409782977,0.00741143516547861,-0.00370747858280949,-0.00219928850516348,0.00734820654746923,-0.00475954119140844,-0.0122386991205301,-0.0870681861221451,-0.000585398788891908,-0.0043113214277381,0.00079305190132674,0.00745766366616403,-0.00642476628387333,-0.0208587712114629,-0.0130642952631706,-0.0706996572113898,-0.0261822899574121,0.0141621900318069,-0.0197582095698618,0.0151304044662209,-0.0116859644441718,-0.035789494845361,0.0170359525151214,0.0122388641463899,-0.0096758175558342,0.0136749842421842,0.00885803144379158,-0.00479537544282435,-0.00379294406070301,-0.0183243716800581,-0.0109371162730144,0.0214703171546106,0.00539316136055039,0.00024077082508837,-0.0116317692390246,0.00702613221147407,-0.000582159282519596,-0.0216679774469896,-0.00019032974692936,0
"GSM748085",-0.00527505155682927,-0.0197588442594644,-0.00387220315037688,-0.00120191468823174,-0.00588114257209754,0.0250898193794023,0.00559327378159154,-0.0233182125113905,0.00659522742521043,0.00870913540526387,0.00698791619543485,-0.00786381692404388,0.0178974023155788,0.00859824983610562,-0.00355092362596566,-0.0027230246294665,0.00749127599534117,-0.00482944079469266,-0.0115358015802891,-0.0802372774473854,-0.000620226534369959,-0.00383711135067208,0.000832836223489829,0.0114394554672607,-0.00673431544648686,-0.021826269673552,-0.012497049272134,-0.0709555562585841,-0.0257879889136236,0.0133695165379986,-0.0161026975135598,0.0158206153904475,-0.00999544902606134,-0.0318626180701629,0.0156802970908058,0.0115342524620513,-0.00998435083551711,0.0128260912038489,0.00847537200806735,-0.00474543558274513,-0.00311108226361179,-0.0174989971755352,-0.0100444301833042,0.0253407214311723,0.00536971466927226,0.000260402098869987,-0.0118486235090089,0.00540230961555035,-0.000615831757921348,-0.0215174409503708,-0.000203522989994011,1
"GSM748086",-0.00559951545782944,-0.0164763652281094,-0.00388781329797279,-0.00138166740047985,-0.00535564403690986,0.0242512698955136,0.00538112805205199,-0.0246125546833135,0.00574951191615339,0.00940640096874233,0.00727155595026579,-0.00757051104320766,0.0162643325132885,0.00891154216459102,-0.00327181983069696,-0.00266051659492408,0.00963801614373332,-0.00449660913748937,-0.011466789662986,-0.0896543659720918,-0.000543431734907979,-0.00373445752073324,0.00084009952935877,0.00779173946611326,-0.00664654753883355,-0.0247781703744464,-0.0129594972889526,-0.0584295666318499,-0.0283885879701455,0.0157881950814828,-0.0138031645982489,0.01347844214717,-0.0107270957390634,-0.0329906124896381,0.016280931647393,0.0121770021914629,-0.0105165803205489,0.0113176497771518,0.0092666568850605,-0.00450022094193879,-0.00373618204291637,-0.0172828297730051,-0.0127916379439143,0.0195389497916442,0.00496856772114551,0.000249902491227869,-0.0112019104958206,0.00656805362928419,-0.000443825549281026,-0.0207265044747573,-0.00021668962704259,1
"GSM748087",-0.0058940069650337,-0.0167525755666328,-0.00373000807092222,-0.00147372960692866,-0.00438986874644155,0.0239359783251863,0.00461128880015199,-0.0244716481162385,0.00585570879289034,0.00884772090369931,0.00561265764308232,-0.00801369017303124,0.0174133637299754,0.00728897913571109,-0.0030911787752065,-0.00294545352679693,0.0109865588519849,-0.00514727626087379,-0.0109988242798752,-0.0835160315573664,-0.0005346607198986,-0.00437272026617117,0.000839992339684073,0.00815921870983326,-0.00657183178400588,-0.0210066734997695,-0.0121868323613731,-0.0636197769274408,-0.0275410569863796,0.0157263459168617,-0.0140979482130245,0.0123705528929501,-0.00931120530776487,-0.0330838603748919,0.015758950005078,0.0120853364408204,-0.00987473782701111,0.0104702386535384,0.00929371648215621,-0.00485074985535574,-0.00361227313444194,-0.0181499963478068,-0.00858356545150939,0.0185539753847308,0.00501524869106694,0.000228132601598071,-0.0109154571793782,0.00542125458650635,-0.000484159489080932,-0.0209256848886589,-0.000220326494118713,1
"GSM748089",-0.00500471159700743,-0.015986725768335,-0.00405475498498876,-0.00108064953823204,-0.0050899904729356,0.0250465100787884,0.00478280260969673,-0.0236420942216659,0.00686780370019574,0.00865953414920605,0.00531219645686359,-0.00832254987498712,0.016815102032671,0.00716504813369519,-0.00303384770538778,-0.00213573583932565,0.00697743097604399,-0.00442500170934317,-0.011484695600184,-0.0788781316900551,-0.000558149735381727,-0.00374651874787813,0.000689801276045123,0.00773167169702448,-0.00628045777498074,-0.0176005511875877,-0.012353721505164,-0.0655895097139329,-0.0283584292931167,0.0144845091021201,-0.0184662880915341,0.0163038699670377,-0.00883318742287985,-0.0355595210628642,0.0167156863246947,0.0114787727510398,-0.0103372520218525,0.0132471158099726,0.00858441161724287,-0.00476463099057207,-0.00389062844680556,-0.0171459365798135,-0.00915928003068737,0.0371798635408885,0.0052744375214895,0.000339673390160984,-0.0110667412668127,0.00833468109621652,-0.000521012794608009,-0.0213191781565584,-0.00019527016993794,0
"GSM748090",-0.00556053910213517,-0.0357548144669952,-0.00485364559281678,-0.00116477360161929,-0.00705107297684324,0.0248183291106262,0.00522377430885255,-0.0226075985372928,0.00620771948584693,0.00911094253046369,0.00456303353661589,-0.00889864351874342,0.0175236716390812,0.00903790395810062,-0.00385436140832011,-0.00279295417610203,0.00848881955482311,-0.00436684112805507,-0.0111708558803711,-0.0759270999005817,-0.000589520241815216,-0.00365693506845101,0.000760610287710947,0.00782227413305401,-0.00663146417035228,-0.020688583655002,-0.0126611464476097,-0.0704329761228723,-0.027246531363553,0.0143908476041976,-0.018384723924979,0.0123681564635707,-0.00691809488723832,-0.0326601061670476,0.0159921132653677,0.0113657855846638,-0.0103553262600757,0.0119696936373854,0.0085129541495268,-0.00455324756344965,-0.00291677789443396,-0.0164998006123911,-0.0086996834064299,0.0186631004471233,0.00531695530506331,0.000253829803351935,-0.012533710277904,0.00613336881326061,-0.000635863083891561,-0.021939068252166,-0.000203647406311621,1
"GSM748091",-0.00449528065281305,-0.01644382005006,-0.00354312883458864,-0.00105029687699587,-0.00873568915610044,0.0262721427070304,0.00559546564654583,-0.0243549901457497,0.00648900330394734,0.00941610165318188,0.00495284764984848,-0.00911649588284916,0.0181144359896021,0.00758541026245199,-0.00358802035577371,-0.00344574155707735,0.00639407339345537,-0.00469491835552825,-0.0132375104161627,-0.0789746121331295,-0.000572245837977305,-0.00303670540483884,0.000846832614978456,0.00784737570634255,-0.00639947201833604,-0.0196819333795291,-0.0126245092233677,-0.061095672508959,-0.0258199912035343,0.0133824817717142,-0.0177660755104907,0.0145182990113944,-0.00790862473840482,-0.0355249708522485,0.021611360379388,0.0117672047261323,-0.0110645105422385,0.012427813100209,0.00917940860776369,-0.00468601613444473,-0.00436936163170911,-0.0166461941540586,-0.00961636843266579,0.0199188218181186,0.00526874988287896,0.00033381727147738,-0.0110567873111397,0.00854700877660611,-0.000705237546269013,-0.0215256312905716,-0.000208187896759252,1
"GSM748092",-0.00482047278582371,-0.0199870822277178,-0.00374273246187972,-0.00110544048375098,-0.0077590453185549,0.0258715596053704,0.00480257597925959,-0.0232487256370841,0.00650431050491618,0.00876494360513294,0.00461341021808748,-0.00848644486423112,0.018465914345015,0.00625416027518804,-0.00347099756621669,-0.00326578600846563,0.00571925231979463,-0.00457659898527836,-0.0116000550452697,-0.0772421393210656,-0.000560170241880662,-0.00313682244193961,0.000627907129145028,0.0115478676766527,-0.0062869761170821,-0.0175102311687806,-0.0130380482265312,-0.05868168561056,-0.02510614318474,0.0128765149838344,-0.0191192405093854,0.0144739848174876,-0.0102474145691859,-0.0355980190971498,0.0185217229086587,0.010775092238743,-0.0101872304545243,0.0120249624149051,0.0080874959852319,-0.00477378670670487,-0.00280845411415463,-0.0173289185008466,-0.00506554921145203,0.0180317993648664,0.00553106269742949,0.000293227513442363,-0.0117320933828902,0.00978804289695635,-0.00049171974745572,-0.0206298380263652,-0.00019094630579923,1
"GSM748094",-0.00560548758685553,-0.0170023203023445,-0.00381217486365014,-0.00115473396722022,-0.00531135679290128,0.0245169688253145,0.00468363119733307,-0.0249222260259121,0.00654638634359214,0.00876932606208822,0.00505256628638977,-0.00793081049544095,0.016863634367105,0.00748572208941355,-0.00351132577102475,-0.00229751319808403,0.00737534028201038,-0.00487681390814395,-0.0121886028283066,-0.0943802585519825,-0.00051039838662919,-0.0034143550423461,0.000933761646516839,0.00748336508450706,-0.00670977195088258,-0.0201531069414621,-0.0132867409603527,-0.0637479609370239,-0.0274600294386668,0.0154969110045301,-0.0165377280633357,0.0168056138892219,-0.00882967164179511,-0.0329399919406233,0.0162048703849955,0.0122309947081673,-0.00988962917995911,0.0172955339518158,0.00902284584980071,-0.00465899574451524,-0.00338452110689272,-0.0176879651064149,-0.00825959038486755,0.024671560258332,0.00528837115237413,0.000265725789078154,-0.0111006665276296,0.00631839932155616,-0.000559251853915022,-0.0210603924875645,-0.000229465778439212,1
"GSM748100",-0.00554966729579047,-0.0161502615615079,-0.00378365732024236,-0.00108443175517298,-0.00979611490135951,0.0244731864743503,0.00528102023333568,-0.0244201029298869,0.00658964371848829,0.00954647005844212,0.00385299453929898,-0.00834640013884821,0.0159506306145884,0.00637744058868676,-0.00259148309717865,-0.00263027806104028,0.00670382410342871,-0.004878510187434,-0.0122387070017809,-0.0800008994360369,-0.000535593136148695,-0.00285561797724379,0.000585307943476178,0.00750029912959739,-0.0063034134351076,-0.019635525698122,-0.012658811821624,-0.0571618430511973,-0.0238614613526235,0.0138887484355384,-0.0204849534713319,0.0137897479670394,-0.00813378627595232,-0.0352017127889518,0.017313517359065,0.0126830513070215,-0.00876448110661298,0.0130481703288613,0.00891763198541208,-0.00487678402643832,-0.00328207727204681,-0.0171332073849382,-0.00917921748209727,0.0209452796536195,0.00529941400107645,0.000271594448410231,-0.010435267022952,0.00795366070298269,-0.000595953760950349,-0.0224755220381192,-0.000212338698227394,0
"GSM748101",-0.00544494550903657,-0.014849014572458,-0.00386985001615827,-0.000958013023480822,-0.00721412118936505,0.0248348603420794,0.00536732129762269,-0.0240417362509146,0.00641360359381401,0.00852255981801973,0.00544856618568234,-0.00739374019949291,0.0167095467027578,0.00581632736872538,-0.00322150540804252,-0.00228238118428816,0.00789425466088519,-0.00454520114403094,-0.0112495966610866,-0.0778367025582286,-0.000592660894855299,-0.0049668939014377,0.00082049977152234,0.0106419153051551,-0.00642800035695593,-0.0199265918841292,-0.012518705929152,-0.0642172346427578,-0.0282505852677912,0.0144968342884641,-0.0182321983002007,0.0150375162271182,-0.00947876581904231,-0.0338453735472282,0.0167962308895851,0.0117965768647772,-0.00972674493229175,0.0128229283439203,0.00881105605960773,-0.00476695963069791,-0.00363601311716689,-0.016622583601084,-0.0112071028213857,0.0442359913407992,0.0052428714021603,0.000270649777458537,-0.0107579887212667,0.00699337886238116,-0.000548640631457231,-0.0210194481197993,-0.000220995478565251,1
"GSM748102",-0.00495093753335306,-0.0156550467135351,-0.00383358034875579,-0.000982204835167456,-0.00764822682513487,0.0255506807349369,0.00521255583899672,-0.0242398224171661,0.00724047167341456,0.00894208761459208,0.00408855326618146,-0.00834377844015628,0.0172103624228023,0.00637841908807712,-0.00279929231213176,-0.00239541377980957,0.00614647955249296,-0.00464599186574941,-0.0122268087142561,-0.0852899783958553,-0.000519004345531137,-0.00398185348048006,0.000748813044740418,0.0073518133163554,-0.00641544655473501,-0.0162814008318378,-0.0127827276822509,-0.0668769634735603,-0.0285336825088591,0.0135491527554339,-0.0155093929049485,0.0143309548675718,-0.00891020488438336,-0.0340656501261013,0.0173112505389903,0.0115539288694473,-0.0100060788853869,0.0136284382536732,0.00878297214358803,-0.00483842898966099,-0.00415936525092871,-0.0178764257908655,-0.00521747035039477,0.0187183022518722,0.00541767368815976,0.000268922543675991,-0.0113377731252434,0.00829056515850239,-0.000509244506403563,-0.0203859192037813,-0.000208857816989267,1
"GSM748103",-0.00709797046145199,-0.0147943158373902,-0.0035317488072168,-0.00121126117344462,-0.00475235368648935,0.0241521613419321,0.00495606392369856,-0.0235954379294624,0.00694482564028163,0.00798900135242923,0.00679540250437839,-0.00906269872988505,0.0169203999829111,0.00690065084618102,-0.00317998486582882,-0.00257467265852599,0.00728218382537389,-0.0044656443573233,-0.011326830673546,-0.0865087491953855,-0.000549014074608057,-0.0043480126547685,0.000736504917234166,0.00798478338735875,-0.00635840577351787,-0.0189899478883545,-0.0124301959084311,-0.0664598962129977,-0.030040565431312,0.015070315709062,-0.0155191704036507,0.0159749324872907,-0.0104798318737752,-0.032620514929848,0.0163284658242824,0.0118809471618022,-0.00973016383345143,0.0124947806450277,0.00882531431552006,-0.00468496397584812,-0.00374658407637057,-0.0182755921199772,-0.0107344285655072,0.0252718534014366,0.00526369338688058,0.000243763535633624,-0.01083272991973,0.00630395698318587,-0.000555645422493119,-0.0196300001792815,-0.000202759887708811,1
"GSM748104",-0.00610469422893912,-0.0174508853453654,-0.00371666727569064,-0.00114625857388081,-0.0057934485962514,0.0251282590232675,0.00521907268967905,-0.0239577542027443,0.00578105842236248,0.00885232921924649,0.00653188648083609,-0.00698924215332442,0.0169522965835353,0.00884014016427194,-0.00356255252004546,-0.00288567245239296,0.00967278681592056,-0.00445195381333951,-0.01132414577569,-0.0829896483327794,-0.00052128606458189,-0.00454485456462526,0.000883817031674202,0.00785675403271312,-0.00642214476457187,-0.0225139072157636,-0.0121323063067625,-0.0641357820196788,-0.0273284004325745,0.0160030424584347,-0.0150425492972098,0.0128718366310751,-0.00871572101906084,-0.0329675369122204,0.0165323161116161,0.0117192789163678,-0.00985059938175909,0.0110379051666478,0.00872812642562898,-0.00472909452030768,-0.00434094371737503,-0.0176663674671056,-0.00943462482109915,0.0188006860392949,0.00536280742525933,0.000262590302561865,-0.0109807339369281,0.00502986128448807,-0.000490803459114594,-0.0206450391237139,-0.000205092291203701,1
"GSM748108",-0.00557233768454528,-0.0160201190834267,-0.00378659162941621,-0.001110823064052,-0.0076608634942504,0.0240617736030784,0.00467831935807807,-0.0237752520783872,0.00666982998998911,0.00852403357089514,0.00545852633481302,-0.00855753817165423,0.0169560549616519,0.00711559989340629,-0.00317073460885399,-0.00226103271527719,0.00772259246998181,-0.00465590148721385,-0.0117085539876389,-0.0753512671824637,-0.000528472990700641,-0.00375295442169062,0.000778004733528564,0.00829097752600948,-0.00647372436074352,-0.019436096170346,-0.0127895079416027,-0.0683189397767086,-0.0275281178645045,0.0154456688310136,-0.0168377064161138,0.0164696824860508,-0.0105101974794078,-0.0330969415567991,0.016777179921939,0.0117936178790801,-0.0102809659943385,0.0114567096189403,0.00890362282653557,-0.00473832347168271,-0.00360946676620081,-0.0181216099575307,-0.0112566958580985,0.0359184775162241,0.00524983520946214,0.000298306418892413,-0.0109157849503641,0.00740011337711843,-0.000546684070803072,-0.0207304466538689,-0.000198962805340279,1
"GSM748111",-0.00463280709478888,-0.0149865033064925,-0.00376788142334049,-0.000754910258188474,-0.00607625486162222,0.0256402592004958,0.0053121689342708,-0.0239044465325883,0.00765367501231427,0.00877463491251591,0.00453404815961873,-0.00820687867495338,0.0189655065031041,0.00741812742087958,-0.00386036040813717,-0.00230908259127622,0.00774959450544719,-0.00452260104429059,-0.0122163983996085,-0.0860225029642757,-0.000547048472612599,-0.00352592594696594,0.00098088711363432,0.00816565383797402,-0.00667489021020886,-0.0237194567414582,-0.0126453455227201,-0.0684936510910852,-0.0252855637054469,0.014470055727816,-0.0187457653806845,0.0160299868405317,-0.0117315797269402,-0.0344454235202416,0.0179588759222419,0.0129335773236998,-0.0115214029423758,0.0127889168912467,0.00946537665607316,-0.00590535681244438,-0.00423162143591158,-0.0196170340077096,-0.00651314545935202,0.0182136639626454,0.00529339252990338,0.000328388561957185,-0.0115227834433494,0.00852214170942568,-0.000606037052139681,-0.0210407537090475,-0.000200875611907485,0
"GSM748113",-0.00429740737585563,-0.0161344848001248,-0.00419565903214551,-0.000695759593526892,-0.00585938496351203,0.0251058123969165,0.00482754728412353,-0.0239837609986419,0.00674381390267873,0.00898179413264222,0.00363600553441306,-0.00840523693879355,0.0169295109590719,0.00670251238854176,-0.00320980593417555,-0.00243923545055172,0.00614304825530106,-0.0049000296354786,-0.0138626853997189,-0.0974775102678467,-0.000552128970802622,-0.0027863248195359,0.000893309438549081,0.0112336314509684,-0.00647055861935479,-0.0191289995116982,-0.0125557369488796,-0.0520899415474367,-0.0222251115064721,0.0122303586691302,-0.0171898377246877,0.0162999280190842,-0.0100444636862577,-0.035641541554984,0.0197296043773032,0.0114850957232911,-0.0103140638642848,0.0131929177843971,0.00973027677814312,-0.00490564458266824,-0.00328906217907051,-0.0177741392443945,-0.00869649762418724,0.0188065550441997,0.00506067383141285,0.000330527771272808,-0.0114491001147665,0.010147436069464,-0.000530460750233736,-0.0213685988319776,-0.000208441706864819,1
"GSM748116",-0.00416716783921787,-0.0168356818814717,-0.00589250964398503,-0.000799456484826821,-0.00419982562180568,0.0255871666259167,0.00597652660039407,-0.0244246191872923,0.00682318404758582,0.00885141298827868,0.003443288770992,-0.00805115706650545,0.01815202375267,0.00686780513450214,-0.00375013062436484,-0.00287116217206734,0.00800916510777897,-0.00457571670679457,-0.0127111626886481,-0.0830933323226299,-0.000559809310791325,-0.00274120340069614,0.000767949310610546,0.00825259098631558,-0.00651812631584661,-0.0201998487011315,-0.0129143673708523,-0.0651331358014318,-0.0258337613897942,0.0136444206957969,-0.0167270035314587,0.0165456761417414,-0.0114930448182031,-0.0344634793464943,0.0185039113228363,0.011960829021545,-0.011257850279111,0.0118151139967011,0.0086793360606004,-0.00479394769533487,-0.00384164602003361,-0.0186731333107026,-0.00874277773146944,0.0201181717827812,0.00543474962731581,0.000320910111959335,-0.0112496461225545,0.00868432111144553,-0.000549735832340938,-0.0200305845311062,-0.000217633148802549,0
"GSM748121",-0.00571146851013215,-0.0265058271924104,-0.00390277449878006,-0.00103036380723029,-0.00577975572825933,0.025257997288864,0.00488020496264044,-0.0242712547806019,0.00625976267187235,0.00862768536020803,0.00614929840063775,-0.0087171447535535,0.0175554920869728,0.00837801717286508,-0.00320880809116219,-0.00336827464255285,0.00786250800104662,-0.00443509313779391,-0.0116819066260075,-0.0793545737817893,-0.000549613244359766,-0.0037695577529758,0.00077246411005126,0.0180124931537295,-0.00663013633433073,-0.0201756010922944,-0.0124866747157777,-0.0612145784488616,-0.0270905874896439,0.0147869322484657,-0.0174092153034428,0.0142856304036671,-0.0097191013975601,-0.0333763884498489,0.01699466539922,0.0115247478599623,-0.0101310017345277,0.0129666265193732,0.00867504109260376,-0.00481528090683597,-0.0033112723259183,-0.0167298414498714,-0.00820521793925841,0.01855807467912,0.00539845460574379,0.000255619640577459,-0.0116265656984938,0.00603713594060917,-0.000561513250413427,-0.0210199774762387,-0.000211244238419277,1
"GSM748122",-0.00462394107292418,-0.0162711896819544,-0.00430547948490164,-0.000885434221584668,-0.00616518254816088,0.0251142569197239,0.00578719677849718,-0.024645167022112,0.00709278084406378,0.00867955526785646,0.00500651792385424,-0.00840035572190725,0.0195787777421038,0.00746119242660486,-0.00325816050525686,-0.0020961270953971,0.00699201242154596,-0.00475931848378908,-0.0115991670874893,-0.0787590079710946,-0.000894370042027646,-0.00448462987500886,0.00092827538816552,0.00833417396954706,-0.006690285621769,-0.0214557050710489,-0.0126302956065585,-0.0692471489266344,-0.0274628613651581,0.0122939878401736,-0.0204589707800569,0.012702574378587,-0.0115639751855562,-0.034359320243893,0.0173657207876855,0.011979200809928,-0.0101503420685514,0.014115029908452,0.00882345924121036,-0.00495440887546748,-0.00315373861252702,-0.0166456608619276,-0.00879689191409233,0.0350561359301207,0.00538595256499145,0.000245216049835838,-0.0121992574864399,0.00494340863459495,-0.00062557151846433,-0.0217915894441906,-0.000211917409128209,1
"GSM748123",-0.00595218565718727,-0.0150516219979067,-0.0035629803874208,-0.00114254686034278,-0.00630456076507655,0.0259325501639397,0.00602241552222043,-0.0255136679219476,0.00727899849904881,0.00876358797991553,0.00534492615560971,-0.00895160121701885,0.0179216573355738,0.0066348486335024,-0.00326834320838937,-0.00226603647109463,0.00844657680621951,-0.00475484914734039,-0.0123589238779209,-0.0840582505607924,-0.000517699920772451,-0.00440767263821345,0.000756292569623651,0.00745625961860717,-0.00635793797842176,-0.0200033875800696,-0.0125018772829747,-0.0648200064377717,-0.0282429955922437,0.0144446103888399,-0.0173982966091529,0.0165327510238983,-0.0105204617413479,-0.034569171163997,0.0179457583659477,0.0119395290136233,-0.0102576879348244,0.0173852642281732,0.00900974700898259,-0.00490529744891356,-0.00347475633169201,-0.0187229414892122,-0.00960344339659892,0.0218878580252374,0.00551644173287324,0.000317562416911129,-0.011018509560554,0.00873813856998358,-0.000544455261813908,-0.0204816290521341,-0.000208865661808767,0
"GSM748124",-0.00514177266016832,-0.0173979282547989,-0.00373550059818929,-0.00117313395779796,-0.00811410988202583,0.0243418699476346,0.00489501934609348,-0.0236154728058631,0.00709079499099682,0.0094736968287812,0.00523647628501601,-0.00879560219976808,0.0170569472156686,0.00733721297956456,-0.00290128672210955,-0.00368536025747903,0.0067119613874593,-0.00486035217429912,-0.0111958284342288,-0.0866908547194481,-0.000535388991451596,-0.00300865025478566,0.000702504158660051,0.016507895103009,-0.00700409783706942,-0.0172706792190973,-0.0125276006615752,-0.0662128295429514,-0.0264439576012399,0.0142347603512038,-0.0180922434697213,0.0178483421565903,-0.0104705439018175,-0.0326335469021014,0.0166333233536826,0.0112576476184535,-0.0099437544908802,0.0138117417888505,0.00902246542966253,-0.00483579562728113,-0.00333380346496996,-0.0178112247962079,-0.0105900567078792,0.018495404199988,0.00545349303706387,0.000289205814198774,-0.0119845519982961,0.00691072581757423,-0.000491606618652868,-0.0192482949350075,-0.000214617705466403,1
"GSM748125",-0.00594436150790318,-0.0142042012671659,-0.00386740763212861,-0.00123541116779558,-0.00826887204941888,0.0249696583187583,0.00527716469491486,-0.0258153074617793,0.00702529179981151,0.00828409784767596,0.00543027886674353,-0.00904337676416494,0.0173091567837521,0.00706997475434707,-0.00248981536830874,-0.00355092686823295,0.00782094760693544,-0.00450517942437574,-0.0124139668627911,-0.0861318463738263,-0.000551252628430539,-0.0045573277373971,0.000719209566924143,0.00760037799077681,-0.00634446973746009,-0.017722510357866,-0.0124764128164666,-0.0653509565446912,-0.0287180290497377,0.0143188698243759,-0.0188080460313987,0.0173520960896456,-0.00930224447342597,-0.0335281207815562,0.0168654326178853,0.0122378716702844,-0.00944827952246117,0.0135276205778589,0.00895639376596406,-0.00480454859624603,-0.00365657142865301,-0.0175760685814389,-0.00883542130801853,0.0198692130304309,0.00520651987067161,0.00027143095429682,-0.0111453224892713,0.00793666101963604,-0.000553972935488651,-0.0202821738854344,-0.000214823913307524,1
"GSM748126",-0.00591346350601126,-0.0185307921714113,-0.00386032377542206,-0.00141151170251433,-0.00689140105291879,0.0255954505812916,0.00523127001278794,-0.0264156767798635,0.00642868929608834,0.00858906453914961,0.00538589427514357,-0.00844349654143181,0.017218373693055,0.00770041721583454,-0.00300790972316641,-0.00352811953451581,0.00762148957017743,-0.00458414309267794,-0.0120015151949634,-0.0832295225391813,-0.000544987038470943,-0.00378921897282965,0.000777618165481811,0.0179264826574305,-0.00683442490039082,-0.0191242165872759,-0.0129530185595859,-0.0614885778217166,-0.024396670728915,0.0147390491373464,-0.0191763245729366,0.0141572095002974,-0.00970415226175939,-0.0319534490075386,0.017044412520007,0.0113664070960617,-0.00977654930840666,0.0147167209690877,0.0093012431519026,-0.00475732833268997,-0.00313354345309773,-0.01808979940725,-0.0112502528355556,0.0184819305693295,0.00506227747655425,0.000299016238306658,-0.0118030106595012,0.00719711756475834,-0.000468166838913881,-0.0197619895164938,-0.000208403927792349,1
"GSM748127",-0.0044362029516016,-0.0159335099432381,-0.00419636591652878,-0.000830880435691922,-0.00426021391819223,0.0250337607960065,0.00563467019762627,-0.0238293270237332,0.00771202588259313,0.00881945803436984,0.00462605788892843,-0.00924607652383527,0.0176707233028727,0.00624531696018229,-0.002776614495977,-0.00222590393205604,0.00615366729828372,-0.00495037217177271,-0.0123172619251163,-0.0778741806075244,-0.000520777161299649,-0.00334448090103099,0.000898364684938036,0.00794159034555325,-0.00685111393392366,-0.0201283781433231,-0.0126543872071781,-0.0726563039955225,-0.0279477904743541,0.0138642000061605,-0.0176441053219893,0.0159035472475917,-0.010765162518076,-0.0337802840717307,0.0167807962365501,0.0120838356949899,-0.00989052685311911,0.0161628253806728,0.0088046261128433,-0.004796551124113,-0.00412964178946761,-0.0185417396438462,-0.00899199080532103,0.0204336831707528,0.00535460064779045,0.000276287262468646,-0.0116532104869632,0.00764428336656333,-0.000606106558266187,-0.02101023162505,-0.000202059557360895,0
"GSM748128",-0.00566980469906116,-0.0199484824690263,-0.00369159360180961,-0.00114884632845201,-0.00878487306658708,0.0249549388121717,0.0051222550277396,-0.0236009576832265,0.0074959374509354,0.0089090779976933,0.00536247526880376,-0.00789163826027773,0.0165979075016953,0.00733204104087476,-0.00299394031823525,-0.00354298654859182,0.00683671999485449,-0.00482726143344945,-0.0112759072637507,-0.0852235037529153,-0.000526813086812112,-0.00350360291963352,0.000640536426789097,0.0124242873562521,-0.00642855264028203,-0.0198685518637737,-0.012316055791251,-0.0635719582985689,-0.0273653778544108,0.0141888233524754,-0.0203916374255817,0.0147222565372791,-0.0105102063984345,-0.0334030959282124,0.0163093291830941,0.0116019547977485,-0.0097745057082507,0.0145694484356402,0.00902832510415928,-0.00476547768240487,-0.00341768845582856,-0.0181329019668001,-0.0101276157567397,0.0190387996731837,0.0051506856124025,0.000278960730795293,-0.0109741643106103,0.00832257945642055,-0.000535786889671889,-0.0204548424585872,-0.000210063624313519,1
"GSM748130",-0.00583437159315937,-0.0162664524678807,-0.0041406041227497,-0.00108455020094607,-0.00483137568486138,0.0248254564814754,0.00598205684762221,-0.0249608470307896,0.00545560458240333,0.0089665350838578,0.00431221673582001,-0.00887345629122984,0.0173524331645042,0.00696302253511988,-0.00400269571973769,-0.0024282014491826,0.00710991564468249,-0.00501703266918934,-0.0114161497316441,-0.0749314352958959,-0.00062422380078619,-0.00436042675688999,0.00082704504627698,0.00806805960727333,-0.00665696805420351,-0.0240766085367116,-0.0124901769143765,-0.0618736833286042,-0.0271163074054424,0.014320420500988,-0.0155127136123645,0.0139003060471372,-0.00723922351478022,-0.0337470903801739,0.0169073186133132,0.0122503431799245,-0.00945508605631028,0.0190623492316045,0.0094793184732375,-0.00466366404975777,-0.00320870762619563,-0.0169719004879441,-0.0103500854347681,0.0264142116879604,0.00512679654389323,0.000264623268726968,-0.0116396839274382,0.00620081363465187,-0.000585375591490551,-0.0213061032303058,-0.000233865908545986,0
"GSM748131",-0.00546756936605216,-0.0172859877027337,-0.00405094553601854,-0.000854547298098886,-0.00838996312369815,0.0243038755818255,0.00556077409014326,-0.0246089580484306,0.00595207277510715,0.00888413491637083,0.00636223065052769,-0.00887866140841059,0.0164430318561215,0.00738087587132127,-0.00307479658849911,-0.00234814289882834,0.00718337336252594,-0.0044322775191662,-0.0115950377534939,-0.086569473816347,-0.000509546522979108,-0.00393668783074631,0.000848774037477813,0.00793035322591502,-0.00659253690688571,-0.0221473784702435,-0.0127003940797883,-0.0641625689807074,-0.0275948431296824,0.0151098711802324,-0.0174573720390041,0.0151792283581884,-0.0092698275340168,-0.0314593945387179,0.0173190579210644,0.0122087359915594,-0.0101778411161773,0.0136572058244262,0.00896938661562796,-0.00450896228106474,-0.00365318351833656,-0.0163454899909736,-0.0104609183253004,0.0251996298970776,0.00530500222913776,0.000280357689627274,-0.010880538964111,0.00829575094531671,-0.000586428255765486,-0.0198466415866382,-0.000209726052401725,0
"GSM748135",-0.00648956581352423,-0.0252762836057831,-0.00374920614742326,-0.00107327924036622,-0.00459331822511777,0.0253932358289631,0.00555705856778159,-0.0248222899132846,0.00629904273405745,0.0089703041515972,0.00742487732909544,-0.00905600698231209,0.0179371316389464,0.00942004964832547,-0.00289226530553277,-0.00256085489715163,0.00931628904899376,-0.0049815988984873,-0.0125682800824317,-0.0773268815309054,-0.000561934349095627,-0.00433821352203864,0.000950205962160512,0.00793625354577963,-0.00653747531137403,-0.0221170148979152,-0.0130845019079146,-0.0628563524080604,-0.0270532271218667,0.0156755295910255,-0.0170392195389657,0.0141079235987628,-0.00836652115972573,-0.0345463399103503,0.0171581412108536,0.0121492290069852,-0.0104142525175069,0.0129342979687798,0.0088389582604914,-0.00458866057385853,-0.00307150081912756,-0.0172711691876032,-0.00867645128085092,0.0192683697842857,0.0052335420454012,0.000240195032551446,-0.0120007437496107,0.00579020274998079,-0.000630916692299158,-0.0239534290657334,-0.000209121882889433,1
"GSM748138",-0.00636376727648265,-0.0154722903038693,-0.00357535016660566,-0.00104545074016398,-0.00869165075083827,0.0247654767830721,0.00504282388441516,-0.0240912601617864,0.00653461021005393,0.00890140223226175,0.00399083284445806,-0.0093570513941647,0.0179923631681365,0.00648690844291443,-0.00286353370483247,-0.00248877141974224,0.00748968571719156,-0.00449013799758504,-0.0133095131518128,-0.0839766351117817,-0.000517473438247843,-0.00305070514304964,0.000747748153760489,0.00802469195857732,-0.006401517508441,-0.0199453180596364,-0.0127534956317121,-0.0646161849939624,-0.0238486655235892,0.0152548045513404,-0.0177964260870142,0.0161608094016756,-0.00968580705529043,-0.0353011092204284,0.0164900418744805,0.0117355112800043,-0.010214380689312,0.0125881392824495,0.00917232124267517,-0.00483946583544205,-0.00373508900446778,-0.0179952572854804,-0.0107349333430127,0.0437662956900179,0.00541835633695501,0.000327042633337933,-0.0109096936194043,0.00804741529827742,-0.000548826538090558,-0.0218587391235425,-0.000196361247687076,0
"GSM748139",-0.00440109672390281,-0.0157437701894602,-0.00522204027228989,-0.000839886264704975,-0.00704311079695916,0.0242375482898296,0.00583042123316201,-0.0231908796414778,0.0074379049080574,0.00887061012158754,0.00489028629164017,-0.00763296568475735,0.017360510998659,0.00745118775785697,-0.002925159821715,-0.00223223891852335,0.00641371971614577,-0.00423449674039307,-0.0122436991556394,-0.0895533088711066,-0.000517494380768529,-0.00311791876201352,0.000750355665130297,0.00865364009587367,-0.006463340761213,-0.0191761460893958,-0.0127375639280231,-0.0623191508003832,-0.0269761878107187,0.0141945853742183,-0.0181086425747999,0.0186566959469535,-0.0109046546312704,-0.0333840815134406,0.0172138761441634,0.0114950041116799,-0.0108916408926189,0.0143848637870565,0.00894569654278018,-0.00499118260149642,-0.00330307051765271,-0.0186350812379763,-0.00672737587695594,0.0257080553151059,0.00522747127175031,0.000311712115239109,-0.0113883042645457,0.00773310379011496,-0.000505804046875101,-0.0204796258315418,-0.000205590477820386,1
"GSM748140",-0.00401675858148201,-0.0177400183678471,-0.00367451448914902,-0.000905193529285572,-0.00634186158199284,0.0252645216391073,0.00528747429695422,-0.0259065858385557,0.00665601306028836,0.00830021367654128,0.00509662848905136,-0.00856676943666886,0.0179863300889293,0.00829986212847264,-0.00361655888815562,-0.00225626212548018,0.00583854675728277,-0.00455428941319939,-0.012540451951137,-0.0902676647821169,-0.000578204525501539,-0.00285570169950051,0.000875487699851297,0.0153054318293388,-0.0065988850050949,-0.0204918206253739,-0.0125222160002997,-0.0564577378339527,-0.0248711084594149,0.0138896635253875,-0.0181920713825786,0.0158999676868431,-0.00813303611726061,-0.0338160372724717,0.0179466801044136,0.0116084955201117,-0.0104104587732332,0.0157543579579105,0.00938854498792887,-0.00503316436577477,-0.0047294101580907,-0.0182818380537952,-0.00914775713313041,0.0189965582141555,0.00526614714740783,0.000312114496103314,-0.0115427044223923,0.0086979299526,-0.000579880193074841,-0.0214395133937874,-0.000200643910704792,0
"GSM748142",-0.00557663767429908,-0.016839475517445,-0.00374908093898337,-0.00138519850541745,-0.00430809951473201,0.0236380002635594,0.00473553968916964,-0.0232972778543764,0.00632430311110722,0.00866026632737807,0.00713833609589818,-0.00697996746046923,0.0177722452466666,0.00831013308142824,-0.00374999147875309,-0.00287365004936778,0.01103427394074,-0.00455199343816037,-0.0110640645531063,-0.0858689589748658,-0.000578668657255378,-0.00476295487208327,0.000978731979564372,0.00765961200448959,-0.0064813254502805,-0.0211268260617824,-0.0127353043872259,-0.0670617963259106,-0.0278862606621433,0.0160422537826562,-0.0150473271382347,0.0123606317240013,-0.0113302211504333,-0.0348927465904467,0.0168363770206129,0.012053991510001,-0.0101071923677115,0.0107995894646943,0.00883745933939779,-0.00474733143925359,-0.00378518340684353,-0.0189697859481028,-0.00436599128149994,0.0176226679183045,0.00525665202994845,0.00022543635512353,-0.0119511094167947,0.00526076060601207,-0.000538902725660834,-0.0218817033065249,-0.000194262795061227,1
"GSM748143",-0.00495632855740461,-0.0163012792457739,-0.00429135867371469,-0.00108503293498441,-0.00424369405388763,0.024630869259326,0.0060092659311716,-0.0235660036524301,0.00721099992544933,0.00840985126932289,0.00475855306616038,-0.00840463911917745,0.0169653956374429,0.00865545364806767,-0.00319579070941218,-0.00241229320584063,0.00721900946670514,-0.00460439203979305,-0.0125402363271935,-0.0848601827239528,-0.000611088187007518,-0.00245864969419265,0.000837298052344637,0.00832267393991641,-0.00651849695111033,-0.0226752582859129,-0.0126503441621722,-0.0673121435880159,-0.0245428698978347,0.0141421285109358,-0.0171480394962786,0.0174060002504882,-0.0106267361834041,-0.0322585242676541,0.0171524292485371,0.0124210750738564,-0.0111564968267839,0.0135645942386052,0.00911345021726737,-0.00485948508562274,-0.00511552559030663,-0.0188683387282345,-0.00419088459642971,0.0204141612627479,0.00518741430732593,0.000323997072912798,-0.0112499261704377,0.00891444592634034,-0.000527718705972798,-0.0213956280135969,-0.000225457287059526,1
"GSM748146",-0.00556372560328689,-0.0161347826826506,-0.00405624033790623,-0.00105852981368083,-0.00798854594575453,0.024517139772329,0.00599659979187471,-0.0237357099551011,0.00711111103313318,0.00928972861885134,0.00445153443578044,-0.00900823190936877,0.0176239043831392,0.00643839393784497,-0.00337319324241028,-0.00225280136905894,0.00820756013647938,-0.00446178063368948,-0.0119577439094401,-0.0817100889027251,-0.000564388104251838,-0.00368028850151855,0.00105970285485465,0.00801444201725388,-0.00661405602437938,-0.0225085002282756,-0.0127152322995533,-0.0650961605426297,-0.0267251620757717,0.0148308418152102,-0.0186009716059489,0.0172007131226214,-0.00985114367029941,-0.0334841837716207,0.0174812506175075,0.0118610243471534,-0.0112544020858312,0.015462711396024,0.00908832380141124,-0.0049449812861896,-0.00431071019089114,-0.0186766538881159,-0.0121753378411375,0.064795329231665,0.00543654380838435,0.000311037393955124,-0.0107747856780767,0.00821189505295572,-0.00056655772547925,-0.0215275641267652,-0.00021236902891486,0
"GSM748147",-0.00578049156452527,-0.0199194963245491,-0.0037525431500475,-0.000972742711216952,-0.00524678996871831,0.0249229534234747,0.00540451011346641,-0.022446035613199,0.00579539935422332,0.00870296785702307,0.0054825294052234,-0.00862315523335394,0.0176833408839782,0.00945336768504913,-0.00330009369128145,-0.00258073969836176,0.00955136016087164,-0.00442658612579173,-0.011504937666309,-0.072066126900579,-0.000634800164303629,-0.00436081754793106,0.000730765531562202,0.00794441859202416,-0.0065663273800512,-0.0211772784174434,-0.0123579168442577,-0.0675631695180749,-0.0297590581378116,0.014548135819715,-0.0153285789608234,0.0132066697163024,-0.00863420311493594,-0.0333363296229154,0.0169020367140281,0.0121821930905054,-0.0100622738171589,0.0117023972702067,0.00882591243964576,-0.00456671172987491,-0.00321903213138214,-0.0176060400916318,-0.0106360799551034,0.018726706446008,0.00535792083472607,0.000271065921776117,-0.0114682384211745,0.00561600113337853,-0.000595949825002507,-0.0220322700706087,-0.000203632161013165,1
"GSM748150",-0.00670695672974787,-0.0173639783442721,-0.00357461462369812,-0.00128142048858791,-0.00597969879036824,0.0238103521316618,0.00485924001561317,-0.0239453333167806,0.00636883797775971,0.00876024111036258,0.00605649848998683,-0.00875399655236151,0.0158024981478751,0.00735919731781884,-0.00311040150691901,-0.00272414265709439,0.0082000143475445,-0.00459845523410008,-0.0107069533797556,-0.0817534527272458,-0.000542259569104469,-0.00473878513648699,0.000796592754391453,0.00800181451728315,-0.00646357151008772,-0.0220291349804331,-0.0125025115028606,-0.0673978643601988,-0.0291760949899299,0.0154627830616415,-0.0156561109266349,0.0162789486521941,-0.0103431517015703,-0.0331894181284542,0.0162575637085695,0.011852100708365,-0.00966856384994309,0.0116767628507071,0.00850360820589594,-0.00452197054575698,-0.00331027400767865,-0.0178468297384846,-0.0104187642314174,0.0185931233087705,0.00531452084924124,0.000232744185662446,-0.0112523324516523,0.00436312014715238,-0.00050468181155502,-0.0199662251610781,-0.000213403253970162,1
"GSM748152",-0.00513004609629705,-0.0224800590045431,-0.00357343576721924,-0.00101577463147886,-0.00797544750183927,0.0246411301685039,0.00531247251048841,-0.0230343705326366,0.00632727215483414,0.00846262964250097,0.0048772512807715,-0.00831555194909079,0.0172111518800581,0.00750852720468715,-0.00310553677996674,-0.00284220023496272,0.00783992384037866,-0.00461579892726213,-0.0115158127225493,-0.0825093170864778,-0.000581699606578794,-0.00365982943982061,0.000704915360203074,0.0087835214402347,-0.00648676577145449,-0.0199766333746472,-0.0122113408631654,-0.0608969603540473,-0.0258591965735245,0.013694410987846,-0.0150001549500587,0.0146579888786728,-0.00800879221218316,-0.0338167375875237,0.0167583078688769,0.0118272402698578,-0.0100805534451483,0.0130121213608375,0.00878398506034181,-0.00483318205094274,-0.00291662512967159,-0.0170129993468824,-0.00871750637288472,0.0179079506302564,0.00530002569162844,0.000257208858191531,-0.0114360986660313,0.00787133354231472,-0.000554455904537368,-0.0206703779718075,-0.00020955650584239,1
"GSM748157",-0.00514571281941834,-0.0262255169482714,-0.00378542085208612,-0.000811043613298012,-0.00565100156013846,0.0249381359492783,0.00502803863270374,-0.0261258344921882,0.00576897044792779,0.00857195981833234,0.00781987403290976,-0.00915554834406739,0.0169265304842249,0.00907697507471387,-0.00336850918563772,-0.00254750816329304,0.00790893907903902,-0.00456763877654539,-0.0117816464489486,-0.0739994015057945,-0.000866974466638891,-0.00397885960383811,0.000951400520614991,0.00814514138680006,-0.00647968385271692,-0.022641325964278,-0.0126636332033822,-0.0627633506742977,-0.0253639488966376,0.0159728455671357,-0.0150846327088329,0.0161492134486083,-0.00985138300768375,-0.035287423678538,0.0171906437007387,0.0125146461779824,-0.0106553947605515,0.0137715183031467,0.00930793313985756,-0.0046410577221093,-0.00354066415539017,-0.0175434667829,-0.00608927270129012,0.0206057325102854,0.00531195466893668,0.000246762737408896,-0.0115920791659534,0.00565764987233351,-0.000585497513401053,-0.0220613935610794,-0.00020356429807037,1
"GSM748161",-0.00561858983460674,-0.0199476866885303,-0.00384205684964388,-0.00122805528051075,-0.00763491233520503,0.0249476034215533,0.00568271922874189,-0.0240246406851937,0.00738510546372585,0.00876046455834052,0.00525589465366707,-0.00915408485906381,0.0170733051588105,0.00751961142710833,-0.00323338743791467,-0.00293068292128081,0.00691217626533618,-0.00438577979708829,-0.0118517400361238,-0.0791217874225122,-0.000595414437041825,-0.00428178251344695,0.000801907285044084,0.0143919431891343,-0.00623097213375814,-0.020629956108365,-0.0126816091985673,-0.0644791208815273,-0.0267758659330378,0.0141488908900353,-0.0194808151279583,0.0150123995535461,-0.008791815641681,-0.0342539709754164,0.0168334169908834,0.0114582972540343,-0.00999661996005952,0.0121987696241136,0.00907861553898444,-0.00474341025708465,-0.00317038034551271,-0.0185938195116146,-0.00875149036061819,0.0195440682071601,0.00534342114460308,0.000329816309815392,-0.0110264834498772,0.00922785436344299,-0.000519235205095401,-0.0205035163895003,-0.000216134380506397,1
"GSM748162",-0.00557267149449275,-0.0146026004780841,-0.00407198223558133,-0.000871865969751504,-0.00443694563106017,0.0255849251275921,0.00488838560123768,-0.0247324921001071,0.00724153775232646,0.00856188064846206,0.00500886718715708,-0.00848257291361789,0.0178727062762239,0.009504976186213,-0.00310197254274637,-0.0021600378918728,0.00812487575592021,-0.00472039334911351,-0.0117756415503961,-0.0702944141473426,-0.000519035514911251,-0.00341017688956447,0.000617393170125433,0.00808989757544927,-0.00623543737525101,-0.0188492878664707,-0.0127239090646898,-0.0625805322050799,-0.0261305081948446,0.014889255258295,-0.0177142220132331,0.0142510287684273,-0.00831705981775304,-0.0330602419178965,0.0170688164102908,0.0120715413555968,-0.00987182951868476,0.0120921229483595,0.00857505692359284,-0.00474050758486919,-0.00274100055506013,-0.0175611159042546,-0.00997248312559884,0.0189577992680003,0.00491173155232056,0.000328188133559835,-0.0112747822589087,0.00872189980697739,-0.000522682559803268,-0.0216068312830577,-0.00021449130762055,1
"GSM748164",-0.00536339179129396,-0.0163945126748543,-0.00363858285018061,-0.00143205906433376,-0.00444132073846883,0.0244706912654009,0.00522039894786008,-0.0238549009744543,0.00627961158937734,0.00851460407912437,0.00703865980588636,-0.00861455699060588,0.0169130397054002,0.00837829678828318,-0.00362624703522648,-0.00351996211168209,0.00871473237175526,-0.00460894237351446,-0.0110548832491265,-0.0911172370088187,-0.000527056105628525,-0.00462238112141236,0.000785764550908801,0.0077741811361331,-0.00637323198404174,-0.0227030926794861,-0.0123910566421802,-0.0665385501537563,-0.0298722688237904,0.0160983391066414,-0.0144772643659634,0.0131720067754941,-0.0114052238436933,-0.0333717864539979,0.0162234969836103,0.012010736957736,-0.00957652731468052,0.0112972393784358,0.00886636395807543,-0.00460163398868625,-0.00371869860262959,-0.017233029048578,-0.0104018073339488,0.0214729683250685,0.0051465209764209,0.000242494184494269,-0.0113367542204419,0.00556020381732106,-0.000499177862864304,-0.0201877022588835,-0.000213332766248337,1
"GSM748166",-0.00459875347009413,-0.0173162613630712,-0.0041155505950379,-0.00119367716918725,-0.00690075662749085,0.0242863745300519,0.0050333710919908,-0.024902191586753,0.00696230670376774,0.00922779152868684,0.00543232277382387,-0.00864865705765435,0.0169568314996709,0.00699809314678756,-0.00335035558745842,-0.00229538452506713,0.00680155879743941,-0.00466147029718896,-0.0119251484290955,-0.0912607676630028,-0.00052244939979451,-0.00436685812530739,0.000846771600643785,0.00947518764963215,-0.00668224559492017,-0.0200233849311086,-0.0125328081378163,-0.0682286418179918,-0.0284032706880158,0.0140845638825553,-0.0171219638077307,0.0168075799422214,-0.00948324893124766,-0.0325503822355157,0.0174273859531575,0.0119330966164504,-0.0101525586973213,0.011807398367608,0.00894333030772044,-0.00488325261059429,-0.00412619804190649,-0.017874569111854,-0.00973028466844839,0.0204099707231775,0.00517733708542822,0.000275255083112859,-0.0114131303116154,0.00747089365971819,-0.00055068375072109,-0.0198453361649473,-0.000204176043147926,1
"GSM748167",-0.00533114741799416,-0.0172407575369057,-0.00392468041839552,-0.00145569648750696,-0.00515662107016915,0.0236240797711073,0.00598583001748488,-0.024632807804092,0.00575454458207603,0.00860333629683023,0.00771412684144017,-0.00811869165459165,0.0167085306435144,0.00738841441949013,-0.00344663362436667,-0.00242097493894027,0.0083652819280218,-0.004539786244745,-0.0110321176125184,-0.0889791298449951,-0.000531193773330438,-0.00515487268104423,0.000760870675160251,0.00788861295324102,-0.00628495595417772,-0.0254169487251405,-0.0119439439742692,-0.0683413721317979,-0.0289320390880924,0.0158559156324536,-0.015406670427616,0.013245669991203,-0.0101114550420516,-0.0334496432391766,0.0162828787912297,0.0116713731520727,-0.0098581802962329,0.0116982785569625,0.00905751128709394,-0.00455203498520917,-0.00312503224993212,-0.0176704530751849,-0.0103918668299109,0.0197851352282247,0.00510302063323411,0.000243856274460166,-0.010783022872241,0.0059141553528761,-0.000492291862419936,-0.0203427737953301,-0.000197596016447395,1
"GSM748169",-0.00623458158700071,-0.0153074540712325,-0.00376470735213793,-0.00121515278241847,-0.00607566121124278,0.0246061603671241,0.00577525319672907,-0.0232072181772239,0.00751311994329875,0.00917713247841591,0.00635712580561585,-0.00719155595749847,0.0163607546691781,0.00771717393949526,-0.00304945236939784,-0.00248158391305513,0.00806991137690916,-0.00476530625465567,-0.0112420221252524,-0.0804118998484645,-0.000514790395089194,-0.00411229791997831,0.000933364423419083,0.00821217909054537,-0.00628873508957447,-0.0202872185229721,-0.012119939168759,-0.0708208051597813,-0.0279754109039613,0.0147126981248242,-0.0174942569807625,0.0153421712332842,-0.0112794550013042,-0.0332752423827582,0.0164974006421989,0.0117994633519603,-0.009851448958608,0.0116130734300093,0.00891852180614721,-0.00467416154943844,-0.00356097158241217,-0.0181398980481773,-0.0104799943955737,0.0262493107372187,0.00530283189374494,0.000229128896850213,-0.0106886601068741,0.00495991644248753,-0.000536502173246265,-0.0208127457418717,-0.00019507137265462,1
"GSM748170",-0.00443034093038405,-0.0145416701039137,-0.00378173368601822,-0.000825541987551282,-0.00770036701129867,0.0252692009932033,0.00483973993009261,-0.0236503913744931,0.00757109135907811,0.00871853372526589,0.00377302141709297,-0.00886475100088002,0.0184334179853543,0.00588160032867928,-0.00389781566973054,-0.00215739084218603,0.00641576504098528,-0.00436104597269648,-0.0115257765907629,-0.0929490231077525,-0.000522549986895409,-0.00395715927889402,0.000989674378584376,0.00808782044081161,-0.0062411782414971,-0.0228813430861015,-0.0128855203890242,-0.0697400627571118,-0.027728935106675,0.0131394937973093,-0.0171575629212735,0.016719989260712,-0.0130056934457338,-0.0344751024550272,0.016660492286284,0.0119153142357723,-0.0102105208427853,0.0120346694908341,0.00915412589055123,-0.00511374347817734,-0.00400780954892245,-0.0191672272797475,-0.00677920725151806,0.0228330662239135,0.0052114010908118,0.000301438691753597,-0.0110263773795308,0.00840796196467074,-0.000622815830940969,-0.0224964642422131,-0.000189532729902875,0
"GSM748171",-0.00636263149984057,-0.0169802065303159,-0.00449634475994776,-0.00120531308789082,-0.00630839946445892,0.0245232412453166,0.00594344885820317,-0.024206590868291,0.00640606464630141,0.009154710238397,0.00577177327271021,-0.00777749872212772,0.0173855297432172,0.00750732889688302,-0.00407878041932675,-0.00244850795373743,0.0115215826195225,-0.00438515565700183,-0.0115432034603974,-0.0946804305555618,-0.000590004765532589,-0.00450262704481823,0.000990501432473873,0.00798790979594207,-0.00655278621012793,-0.0214808500743071,-0.0122731327047462,-0.0720860184407679,-0.0270925227607085,0.0150766450166351,-0.0167408701980808,0.0150254040688879,-0.00991571121570949,-0.0338907432807285,0.0164694840426625,0.012116921353987,-0.0105613383210044,0.0133799701723426,0.00865819691860745,-0.00472500353500506,-0.00406776744928975,-0.0192728319753658,-0.00915795238000319,0.0294222458509807,0.00523683454131265,0.000271215223435855,-0.0109209884019106,0.00657320494337898,-0.000508526845329578,-0.0205831914145496,-0.000207495836487625,0
"GSM748173",-0.00492023000759972,-0.0160726738563439,-0.00342971595304546,-0.000799551196712613,-0.00760685968849359,0.024624989082236,0.00571542910014246,-0.0235027341202558,0.00840882937053357,0.00875140186447008,0.0033540572018497,-0.00887513441113528,0.0173087587374024,0.00727573017145113,-0.00298713191290849,-0.00218490431618218,0.00719936762393047,-0.00473390482581599,-0.0124125073373504,-0.0845349789645128,-0.00053296420673041,-0.0028097310859831,0.000875200858567319,0.00786013034538672,-0.00646087058518543,-0.0199773781695261,-0.0130380309363964,-0.0737458982269923,-0.0252973694412304,0.0145000435259134,-0.0183748294930366,0.017196009482317,-0.0118478921961921,-0.0341765871157398,0.016551448782017,0.0126614392330923,-0.0102160048944028,0.0172131463400509,0.00928739023968373,-0.00486523893490751,-0.00445658652388152,-0.0199243299507431,-0.0097116029874208,0.0538863615295652,0.0052140361640362,0.000263683699317667,-0.0115475011314552,0.00686244676283205,-0.000598367240748121,-0.021289835344008,-0.000208035669440954,0
"GSM748175",-0.00421512729348898,-0.0167725701798466,-0.00409030610561399,-0.000876654899132878,-0.00663360641147656,0.0242234093925976,0.00542615223536633,-0.0231079598451787,0.00810466774140273,0.0089946248080363,0.00441414076653579,-0.00853621579953638,0.0166207135530512,0.00660986072090283,-0.00352826832926049,-0.00223844549253392,0.00718084660748979,-0.00444916671678915,-0.0117776818376014,-0.0841473467399839,-0.00053981278112142,-0.00348407666345442,0.000793945592943004,0.00790581052515797,-0.00642781701398858,-0.01736944194694,-0.0127627234226406,-0.0703746230984899,-0.0272028819179051,0.0139642691234489,-0.0169489149644147,0.0175865052923484,-0.00969577098104928,-0.0328990777605401,0.0163207024101782,0.0119989046561562,-0.00980463984337458,0.0114156962118145,0.0089488318952227,-0.00474055212061688,-0.00367360584242914,-0.019628938024006,-0.00547130510228837,0.0360691059153297,0.0054883530619958,0.000308139483057254,-0.0111414810383806,0.00608750461344029,-0.000590975540168743,-0.0199235130139526,-0.0002110926268186,1
"GSM748179",-0.00496445970187073,-0.0161415597895474,-0.00399214973055576,-0.000984880841371563,-0.00440588134841784,0.026386836799509,0.00573448745929789,-0.0256405677845353,0.00627997777436246,0.00893706220184279,0.00392102318209608,-0.00850167127863689,0.0188964358210189,0.00619829915869621,-0.0037122594949469,-0.00239201472258558,0.00628348378793718,-0.00462626657651059,-0.0125133157750132,-0.0807240288975439,-0.000534119016831467,-0.00254809734710393,0.00093555565127769,0.00773664829097037,-0.00692001582092796,-0.0231839521241191,-0.0132771830787654,-0.0652478228311959,-0.0188649005791634,0.0122386898655348,-0.0201949347577517,0.0162793984438975,-0.0103148585488866,-0.0368417089639134,0.0171789011595342,0.0121435486309058,-0.0110775832032858,0.0151219587391077,0.00915095238690032,-0.00507746406529368,-0.00340905882137759,-0.0168293475334972,-0.00692272325724399,0.0285227950072149,0.00540182116188965,0.000373196887886827,-0.0103667643976719,0.0105959229543148,-0.00056053209136668,-0.0222927791752762,-0.000213555355099746,0
"GSM748180",-0.00597248368527028,-0.0163534362787556,-0.0037331595172722,-0.00118709316586228,-0.00706355918348939,0.0255166542013542,0.0049457226515299,-0.0231879964095283,0.00564226249382127,0.00908580331143644,0.00704845500404803,-0.00858192379631836,0.0175092629839856,0.00780907391105219,-0.0036136612394262,-0.00252877297316623,0.00849364070086833,-0.00443526128206331,-0.01149802118588,-0.0750829092097889,-0.000524095633764394,-0.00457495144476685,0.000640237602522348,0.00802183830870788,-0.00645596527138022,-0.022751028158192,-0.0122865430371648,-0.0607536131948658,-0.0299209449711159,0.0144685065999791,-0.0150815042954255,0.0127852410101654,-0.00915963769320394,-0.0348318920909757,0.0158261472896908,0.0115105928330436,-0.00993267058782421,0.0126023107685068,0.00884933179144444,-0.00454143799873208,-0.00324353523460084,-0.0173132326220498,-0.00762803531726191,0.0210178025147753,0.0052336097431364,0.000247254405592691,-0.0102537973009304,0.0054606170599556,-0.000531536370543208,-0.0213629356565513,-0.000218734022193296,1
"GSM748185",-0.00334144484240479,-0.017135660822607,-0.00501775811661375,-0.00102076055858951,-0.00435902794871169,0.025207276578591,0.00607996701313313,-0.0242942815870475,0.00773592650819794,0.00831959824611854,0.00322778085914187,-0.00837597729768006,0.0189356741462657,0.00757674117283025,-0.00413322416852768,-0.00225522675850691,0.00735390540686222,-0.00434343536665015,-0.0128421453188218,-0.0794181704551155,-0.00090189956381252,-0.00276697384568067,0.000954188006905302,0.00797391369296719,-0.00658806645830025,-0.0242787770805917,-0.0127852299569121,-0.0644133583134555,-0.0235368431353462,0.0130917803577358,-0.0186674585418657,0.0170338421536596,-0.011416721068477,-0.0368791250775042,0.0177488974083214,0.0113999587837983,-0.0110994824694335,0.0184901321697381,0.00893666036461674,-0.00517179327162985,-0.0038804477497566,-0.0183545955064449,-0.0103110814382545,0.045921126878438,0.00589648332534526,0.000336788947040791,-0.0126592314276015,0.00819967676290182,-0.000627526338132845,-0.0226490823068416,-0.000191547363747526,1
"GSM748186",-0.00503560688824376,-0.0148770260020459,-0.0036539476137258,-0.000938697639545384,-0.00563500265732299,0.0272542218784272,0.00482038384183996,-0.0235851190219457,0.00680425409308983,0.00879081801526087,0.00460800994097019,-0.00800992044891523,0.0179297562405382,0.00708249920958233,-0.00296186428773111,-0.00220557488630534,0.00713965827706167,-0.00461425685945413,-0.0127582273555641,-0.0832506910255688,-0.000581672046250687,-0.00350346416206317,0.00120529402850185,0.00761825123747287,-0.00693003816161467,-0.0256634761081843,-0.0125332470195062,-0.0684980760648807,-0.0240379774610457,0.0132570253759659,-0.0185421904044369,0.0168194534500918,-0.0111647858010718,-0.0363394283418637,0.0161957280662636,0.0114929196135393,-0.0121560399499414,0.0149332749251573,0.00954965825994072,-0.00482403687071788,-0.00362659012615605,-0.0176497227654431,-0.0114125090873945,0.0529036745904667,0.00548270795643538,0.000359733541614209,-0.010497649957346,0.0105631305175026,-0.000607446499352547,-0.022043823927411,-0.000208660602124259,0
"GSM748187",-0.00493110138497739,-0.0167773671916643,-0.00366180263585212,-0.00103189299781445,-0.00556707724189908,0.0240739102232794,0.00497638816078868,-0.0236898245869094,0.00731188076262992,0.00897034207365615,0.00579822368443177,-0.00861829995183582,0.0167604462315008,0.0067340888866462,-0.00307270672992846,-0.00228995885250375,0.00678764432256504,-0.00474791987877712,-0.0118145216361876,-0.0786914170511543,-0.000549046345443195,-0.00429500202015142,0.00065052196109041,0.00785575157022071,-0.00677018065333496,-0.0163300530590704,-0.0124275439578704,-0.0685447758970067,-0.0296342375523059,0.0145405602990153,-0.0172572646214787,0.0175516299629334,-0.0102518595248794,-0.0348550995536456,0.0163095767967145,0.0120328033758175,-0.00842829579489258,0.0120650457288601,0.00929320429085211,-0.00476295026283314,-0.00307006871558798,-0.017297510351276,-0.00795241872663519,0.0226615814920317,0.00543183045134478,0.000267302767165821,-0.0115104509076399,0.00723575717771333,-0.000547974906460157,-0.0209442462138252,-0.000209990845353292,1
"GSM748188",-0.00476070036042987,-0.0193631145796491,-0.00426818871683628,-0.00113797419468468,-0.00878544425019771,0.0241470144156086,0.00517498723505075,-0.0236202552609714,0.00719733024767255,0.00909321762088345,0.00406368686567435,-0.00875838910402938,0.016608725064614,0.00792026571399933,-0.0032800685611145,-0.00313092996686638,0.00723669036109147,-0.00440131549585218,-0.0113860984049014,-0.0901523104731402,-0.000551130893685789,-0.00326395092575277,0.000828641067495066,0.0153002391978828,-0.00656715319067482,-0.0214251121845665,-0.0125044197529191,-0.0582770975253834,-0.0259224599880373,0.0136242917641598,-0.0158418453147603,0.0157169549610184,-0.0101476683254479,-0.0327855052793774,0.0165851562430966,0.0113447678349495,-0.010253623608476,0.0133356525011583,0.00851175629202211,-0.00494016329449758,-0.00332766297516032,-0.0170282667514033,-0.0059153942972074,0.0185876295225227,0.00515994894705387,0.000249547100609841,-0.0118638464936544,0.00713688873895105,-0.000518380930512365,-0.0194506654986378,-0.000220589815728578,1
"GSM748189",-0.00499060647705538,-0.0150192663467868,-0.00511590929677835,-0.000996181674981188,-0.00915149658973298,0.0248219442267786,0.00633128516697467,-0.02300209505245,0.00689034434123365,0.00860114593865776,0.00445384629911426,-0.00940014951575849,0.0181886265646418,0.00643169862254121,-0.00305045817867637,-0.00228723440176834,0.00628168934831945,-0.00434427203842061,-0.0113996347798564,-0.0820240141892494,-0.000822875811400363,-0.00343653941627315,0.0010541021355433,0.00814034049778984,-0.00681125691183297,-0.0211910354276508,-0.012423646459227,-0.0742529336794086,-0.0266256182444465,0.0136641340831161,-0.0191433935464533,0.0159658011417376,-0.0102826501016714,-0.0343356996788661,0.0173015433998486,0.0125405614102469,-0.0104215370365442,0.0181326816824023,0.00934901051853417,-0.00501985326753487,-0.00407593152585412,-0.0174898954341652,-0.0102827639928928,0.0190127783274714,0.00540118216829036,0.000359381429170769,-0.0111116166652563,0.00832893449537653,-0.000652207138839897,-0.0218937637081513,-0.000207782480641059,0
"GSM748239",-0.00439142118571469,-0.0157720299062312,-0.00361684960237277,-0.00080893331754888,-0.00786155283891619,0.0275630470252154,0.00538532859592374,-0.0230753411724967,0.00675113402217322,0.00895699313683761,0.00378714345133112,-0.00972921758791245,0.0189951654046799,0.00573325544685348,-0.0044465068464757,-0.00240413925755493,0.00627286556499144,-0.0043742989288714,-0.0121427882324466,-0.076960682661903,-0.000531581195484213,-0.0027913529347874,0.000715703744253618,0.00786256345648745,-0.00637577577636303,-0.0148143067279261,-0.0131038395542669,-0.0705124020837059,-0.0225481289839956,0.0123361391526552,-0.0186061586576863,0.0182742616165026,-0.0114572491627116,-0.0387263337325189,0.0177635252025451,0.0116636752076675,-0.0130109422237843,0.01068597559123,0.00864169852619138,-0.00445736080213053,-0.00525632346988616,-0.0190637912673555,-0.00527404146772293,0.0188458221673177,0.00578876216587929,0.000349453374530611,-0.0106574768277861,0.0094733183898359,-0.000547156370491703,-0.0218675768092923,-0.00020555343811775,0
"GSM748240",-0.00640022796405191,-0.0198239387890474,-0.00358188091810168,-0.00114206309423958,-0.00993157235967643,0.0252040330434862,0.00528106051826643,-0.0235042524782175,0.00762499427935366,0.00870442370472996,0.00321132559973761,-0.00910024047999539,0.0172553290911941,0.00822534738339772,-0.00254214505658123,-0.00425456375470184,0.00712694056744865,-0.00473849526937188,-0.0121100327458167,-0.0881569780198318,-0.000552775431879439,-0.00296824975151252,0.000636650238212456,0.0161125874988131,-0.00637549268092827,-0.0180159114977514,-0.0134388361689898,-0.0624358767964634,-0.0239720027043001,0.0130516423800372,-0.0196835400172543,0.0171514353142232,-0.0105591651500589,-0.0328508946475927,0.016249750036933,0.0118064929665064,-0.010410410489517,0.0125958514852585,0.00859508161834628,-0.0050064536736562,-0.00314267142148517,-0.0180954795854807,-0.00917789381774654,0.0187608822116504,0.00583288934094503,0.000277438570950591,-0.0115691662986236,0.00930914603454711,-0.000596452932260527,-0.0207767882886947,-0.000208493637735358,0
"GSM748242",-0.00488609159251763,-0.0159560466843443,-0.00355191688259895,-0.00104835334153429,-0.00653203686042605,0.0262049169833611,0.00616626878750513,-0.0237186017223478,0.00710355379049319,0.00870367011855162,0.00649607034868144,-0.00803791887888548,0.0179468378026803,0.00667563684150863,-0.00332543237803939,-0.00317446011682489,0.008019877053428,-0.0044739754645069,-0.0122552884253931,-0.0936669633319935,-0.000512438173762842,-0.00347190745583668,0.000741286905384941,0.00786540427149219,-0.0065428905813936,-0.0194651320412307,-0.0126094155262013,-0.0630920661082413,-0.0275993779960085,0.0140244318812726,-0.013295418583655,0.0169005611901218,-0.0104672501154182,-0.0349186241740508,0.0182105524056817,0.011786569607538,-0.0104813764773187,0.0130320584749414,0.00919064719547701,-0.0047071089911508,-0.00386377850130362,-0.0194243961875477,-0.00811232870472032,0.021416021669423,0.00523845343716589,0.00029982469533576,-0.0109687461313947,0.00850893783425319,-0.000543347486971262,-0.0204760301445774,-0.000194136339569797,0
"GSM748243",-0.00479976885530315,-0.0174581059032498,-0.00383725323471939,-0.00126777318047271,-0.00659303249237246,0.0239953220967266,0.00526412594142779,-0.0245082993353971,0.00746222914073654,0.00872360852746065,0.00507271028815419,-0.00778833720087552,0.0164092843406855,0.00800921884126503,-0.00273086624002395,-0.00379630285486123,0.00780646657978387,-0.00463433716888789,-0.0112372136454378,-0.0842116906430473,-0.00051434314969695,-0.00331604888196522,0.000815295725983091,0.0163757669716652,-0.00646955740761883,-0.0196015606493945,-0.0126349878806722,-0.0631353211433304,-0.0268252220985603,0.0138159822979676,-0.0178258092483128,0.017796638569681,-0.00955276140389134,-0.0322807883756919,0.0164781617185727,0.0117930725530454,-0.00987732034893981,0.0143401412912444,0.00899927877971713,-0.00455947410572102,-0.00369055856567176,-0.0169106960162335,-0.0119855443271172,0.0192621884596749,0.00552885556785098,0.000273544316360482,-0.0119226475056787,0.00708269430164655,-0.000553223422438172,-0.0199699179685826,-0.000210579363925426,1
"GSM748264",-0.00586248780761234,-0.0356410978884916,-0.00385887940749918,-0.00123679271408412,-0.00935666412807188,0.0258566256170657,0.0049328598929804,-0.0245707437221622,0.00647343840960038,0.00786324175916707,0.00553423420196337,-0.00803438313283176,0.0171479756089233,0.00797286644381508,-0.00335684465300017,-0.00368101045830383,0.00701008802615192,-0.00449544324250349,-0.0112511288239529,-0.0913233015783054,-0.000994313455550346,-0.00399442317588592,0.000730081437952319,0.00825420180538034,-0.00645824184134948,-0.0213591235028439,-0.0129925315441426,-0.0626754286334788,-0.0286943313053455,0.0143660398114051,-0.0190076437914884,0.0140706200011819,-0.00825669090020197,-0.033156464321565,0.0164802107702139,0.0115942148838126,-0.0102073012473679,0.012549171507809,0.00889940420937996,-0.00468683159592146,-0.00399660321942976,-0.0163613008874176,-0.00920577984771151,0.019204492741358,0.00528932441594799,0.000255158039705866,-0.0118179135504599,0.00791788005863174,-0.000535679127685283,-0.0217919328481689,-0.000199931358057714,0
"GSM748271",-0.00376783002745277,-0.0450842323158977,-0.0046992380818045,-0.000740015066139549,-0.00823339620805746,0.0258742934233236,0.00459108360718168,-0.0253323143427171,0.0059626852554038,0.00891866798424532,0.00339455567294109,-0.00794777848815902,0.0176042582596046,0.00621117625511844,-0.003911998809153,-0.00265722173413772,0.00635347995337976,-0.00440362557278679,-0.0122189348574096,-0.0657260516684859,-0.00187362578253481,-0.00271567740209183,0.000615676504763067,0.00785369613708432,-0.00621391947337404,-0.020768313220374,-0.0132507852199352,-0.057010938389093,-0.0312699961543064,0.0115684378607532,-0.0148202059091256,0.0128056261851515,-0.0066664159918979,-0.0377193808939344,0.0179244104601943,0.0117299961544919,-0.0107920332245728,0.0136040482877573,0.00779308861057691,-0.0048581285717864,-0.00302952184459292,-0.0151597541514647,-0.00316945597218782,0.0185305260667491,0.0053413085936522,0.000307496725419676,-0.0107481297753535,0.00961703828978056,-0.000460828210999543,-0.0225233431963613,-0.00022010466304407,0
"GSM748276",-0.00420146220897366,-0.0144687388505513,-0.0036608184074349,-0.000907234719775422,-0.00835310100998187,0.0253709173652638,0.00497313723765319,-0.0236898277586265,0.00765621348909409,0.00864270805596583,0.00435345071878837,-0.00690155121624129,0.0169529298549885,0.00571169707564093,-0.00331787557305003,-0.00226832767530522,0.00563503274690021,-0.00429156040970372,-0.011310588322356,-0.0900375463247389,-0.000524482674315436,-0.00304383866466698,0.000787658605775318,0.0077311900842939,-0.00643623353337345,-0.0175745164405639,-0.0128818304659648,-0.0649885642700342,-0.0274043584432698,0.0136276577021798,-0.0174539663406092,0.0174723662077233,-0.0110696545751964,-0.035330975238042,0.017301036497425,0.0120531499657691,-0.0103733917778754,0.0160794630250447,0.00901316195032152,-0.00462159124631549,-0.00581282310574023,-0.0185130834093874,-0.00890982926579344,0.0309358167488551,0.00531380498708841,0.000322702377301782,-0.0116182919939479,0.00973167396376421,-0.00053564310319742,-0.0210677292033322,-0.000193481224901639,1
"GSM748277",-0.00435663697708604,-0.0154981090069719,-0.00370520939005614,-0.0011521411783215,-0.00853746255505942,0.0274224007330487,0.00538166132230784,-0.0236465223600246,0.00683107572745193,0.00880758271228253,0.00351619066576824,-0.00774578469508162,0.017322408384206,0.00817577309313327,-0.0041593415347079,-0.00343026694080824,0.00712941566737243,-0.00462994913801299,-0.0128326847423629,-0.0873560823443933,-0.000543601484004575,-0.00284254187767368,0.00096946163876921,0.0125329352505594,-0.00669102398069609,-0.0200451865887717,-0.0127629670640228,-0.0700509097503247,-0.0244509318937161,0.0123254420833464,-0.0121259059912718,0.0164762192592793,-0.0088675339264272,-0.0341368664454977,0.0176156728991615,0.0110966727030928,-0.0111094044894391,0.016166225292093,0.00899719026923804,-0.0047256493947394,-0.00363297543955028,-0.017680197907329,-0.0115230393329719,0.0302231345855224,0.00547926489718003,0.000312408301651269,-0.0115359028683333,0.00888551838249601,-0.000484929833524025,-0.0208201104858601,-0.000208643473893528,1
"GSM748278",-0.00552409909514737,-0.0215206537035623,-0.00366192081604956,-0.00108943766629539,-0.00564140846273816,0.0259556225889935,0.00502139853047127,-0.0249283303385441,0.0072665093119326,0.0085814570557637,0.00426622945962654,-0.00880167799022755,0.0170214109348972,0.00714668380644959,-0.00283870856972292,-0.0024117303638446,0.00636182902814171,-0.00454715847381643,-0.0122547743454448,-0.0810847860471696,-0.00106924688417405,-0.00383131077801625,0.000670285371318976,0.0155915780332561,-0.00678234489721472,-0.0197787050266142,-0.012873337974553,-0.0644475322645646,-0.0264945671940142,0.0140162694854979,-0.018659075058645,0.0166595424763879,-0.00875557327009572,-0.0343293100748985,0.0172217009682494,0.0114167801910571,-0.0106593698376022,0.0129945389574467,0.0088392431053041,-0.00472202878955148,-0.00419105816124521,-0.0174477116905186,-0.00807880689508183,0.0203335287864472,0.00547622703247711,0.000296663966838851,-0.0114509644969911,0.00888790421236542,-0.000542028107863653,-0.0202863895052224,-0.000213115172030093,0
"GSM748279",-0.00548476329832174,-0.0170028558141062,-0.00359710570233092,-0.00101087439386968,-0.00846187124330699,0.0284748718349847,0.00469222928018084,-0.0242962022699904,0.0065272346415843,0.00909203877797823,0.0044805747166228,-0.00919097441251786,0.0185947717459597,0.00820860000617176,-0.00294383749313259,-0.0038595707449267,0.0061905686250421,-0.00450422415180143,-0.0130975215561428,-0.0862587433308354,-0.000586016281744789,-0.00307976939944574,0.000630781206535196,0.0130583883625131,-0.00654497932838511,-0.0189999786646022,-0.0127432133706977,-0.0574930644822508,-0.0263475136571532,0.0130647656459702,-0.0168103166403076,0.014086359999217,-0.00975315042430214,-0.0340431010421494,0.0183186185659925,0.0114902245033648,-0.011368843104789,0.0122827035686154,0.00866019954485809,-0.00492731053717141,-0.00439900287934011,-0.0169933528635184,-0.00928880529056052,0.0184601615568506,0.005653096236163,0.000340927114631505,-0.0111108666512379,0.0095940163304883,-0.000514377206398585,-0.0207034497864445,-0.00021326473194729,1
