"","ACTB","ACTN4","ANO1","ANP32B","ANXA10","ANXA2","ATP1B3","B4GALT1","BIRC3","BTG2","CALU","CHCHD2","CHPF","CLTB","COX6B1","CYP27A1","DDIT4","FLNC","FSCN1","FURIN","GANAB","HERPUD1","HNRNPF","JOSD1","JUP","KRT16","KRT18","KRT6A","KRT8","LRP10","MAFK","MMP14","MYBL2","MYL12A","NDRG1","ORMDL3","PLSCR1","PRKCD","SERBP1","SERP1","SET","SFN","SHC1","SPINT1","SREBF2","TIMP1","TMEM45A","TMPRSS11E","TNNT1","TNS4","TPM2","TPM4","TUBA4A","YWHAG","YWHAZ","class"
"GSM1465989",0.000537553485853217,0.00721951151889856,-0.00912906469749758,-0.171106696221081,-0.0157183629883414,-9.75574661466553e-05,0.0364624092544317,-0.00328519666244195,-0.0149094039254563,0.000684325481015968,0.013340715394012,0.00638568917562207,-0.0142958886356119,0.00081531999911351,0.0049099871909284,0.00173726115972458,-0.0114368418866795,-0.000836726075680642,-0.0124730655130222,-0.00415942248726207,-0.00154895669462355,0.0100028045699966,-0.0142527150638448,-0.0226810852635968,0.00309953595313523,0.0316517138874974,0.00918879842563277,-0.00517841163945269,-0.00538521845428661,-0.00578091235750304,-0.012909867078885,3.15180363430471e-05,0.0111536058455876,-0.000426330930514868,-0.00290562371531816,0.0130362903252825,-0.0227076070113851,0.0884343512489204,-0.00152425558905243,0.0106648987861394,0.020227915685836,0.00951504203421201,-0.000194600320546764,0.00598119194725774,-0.00965271679022493,-0.0132683262381026,0.00764473136762558,-0.000772188008991424,-0.0288459271774187,-0.00841778503192634,-0.0279637400151816,0.0108602403123359,-0.00105747413829841,-0.0124434153830094,0.00265801498308784,1
"GSM748053",0.00054859357683681,0.00720343517341676,-0.00971423606541779,-0.177505949843936,-0.016146023587044,-9.63966622317999e-05,0.0387009174212518,-0.00331654270500169,-0.0142319120385116,0.000664166731283004,0.0155107883875286,0.00649142942544241,-0.0146869626363459,0.000726597141992287,0.00434002189863006,0.0019766419451417,-0.00890526271484163,-0.000855521174326022,-0.0122652614593151,-0.00435391508408431,-0.00160413835287441,0.010422074127834,-0.0146802837070576,-0.0250667211846798,0.00294356006381391,0.0242802683329177,0.00915997880757894,-0.00298705826052915,-0.00560496945722358,-0.00570244090600571,-0.0127481791133826,2.97521400667753e-05,0.0114220888269031,-0.000428737060064492,-0.00270198641300908,0.0134937087895773,-0.0204764763585929,0.0824357521587243,-0.00170661063478281,0.0109746163317762,0.0213886835428818,0.00874971746717672,-0.000220385774295855,0.00652213379286397,-0.0109277976465453,-0.0125380952162473,0.00724772336487107,-0.00125122043458613,-0.0141735976170691,-0.00743478910715987,-0.0265954384898967,0.0110953899684656,-0.000985877687222457,-0.0122781334876992,0.00289139555624782,1
"GSM748054",0.000553241999803916,0.00733888320296611,-0.00915674483021125,-0.17648558419622,-0.0138623295921468,-9.88240346381642e-05,0.0385157332506498,-0.0032796933337505,-0.015093598672175,0.000690202363547612,0.0152183592689136,0.00634301539028869,-0.0151069149978181,0.000652061881358479,0.00457582417971177,0.00169263929534229,-0.0101763304362264,-0.00085930932193425,-0.0163041584763725,-0.00403423632265034,-0.00159079091031903,0.0092965977575422,-0.0151272299830387,-0.0255800427509256,0.00407557037155871,0.0368167337415192,0.0102908468071363,-0.00296925815307793,-0.00644958818361012,-0.0057700958098427,-0.0140906453768765,3.08640615801727e-05,0.0134345763306017,-0.000464616137937356,-0.00298307168600821,0.0130842536790121,-0.0230609817885551,0.0837250042403926,-0.00164823909983644,0.0100383525167045,0.0226494669138484,0.010155657158312,-0.000209135166895286,0.00666822938504733,-0.0101557596601713,-0.0125876379229611,0.0073957189742967,-0.0011116448202217,-0.0216306563317396,-0.00749043562556521,-0.0265667252890098,0.0109077842257597,-0.00114696352876494,-0.0129214617193441,0.00291034700442306,0
"GSM748055",0.00054126085416345,0.00689336685082671,-0.0098446354049107,-0.174108027295548,-0.0141917385148844,-9.85662162337651e-05,0.0386255319296249,-0.00324446444683822,-0.0151058377692667,0.000583600522579969,0.0145019467688328,0.00676231951380955,-0.0140831852700828,0.000652003745879328,0.00444052212393535,0.00168569543851587,-0.00896543417813864,-0.000827379745028301,-0.0136120013909637,-0.0040873786526834,-0.00141445073059734,0.00980344981553444,-0.0164426668246867,-0.024288321018137,0.00310552609255378,0.0285383450717016,0.00942493966451471,-0.00260090311737534,-0.00559535009222619,-0.00569300013821476,-0.0137422627484564,2.86100137156505e-05,0.0139257702788833,-0.000442574086127391,-0.00275390027695345,0.0130700148361303,-0.0208297316209676,0.0762718669598332,-0.00172742606194266,0.0105813225187407,0.0213407384982,0.00895061322629391,-0.000215584429716839,0.00640930608790624,-0.00971884637927609,-0.0124059118176147,0.00633565065073932,-0.000880965764532762,-0.0155732767512157,-0.00768389757673345,-0.0253745486511604,0.0111748308877166,-0.00109185965163924,-0.0128655718963757,0.00267245655069463,1
"GSM748057",0.000515456820259949,0.00722620479066454,-0.00930348496888026,-0.172254231087927,-0.0129863380118834,-9.66014205383772e-05,0.0386714077065973,-0.0036684637816374,-0.0126663636540105,0.000763351502612295,0.0150610386062668,0.00654927091267914,-0.0149131300281103,0.000676775478169343,0.00454747868030594,0.00152625303498016,-0.00907766252127605,-0.000878167944332386,-0.00958479958112996,-0.00456060507845586,-0.00156810862366229,0.0103310122639824,-0.0146757997382426,-0.0222972945492411,0.00280891196647602,0.0250327763111406,0.00838431417767859,-0.00260660041883896,-0.00456123587288261,-0.00569925279400717,-0.0160644430365254,2.97196053505695e-05,0.01225685264435,-0.000414527554383196,-0.0028811931176448,0.0131037700022061,-0.0176311308128661,0.0822581009774979,-0.00143365769503115,0.0115732241960066,0.0213017057397171,0.00877158543325534,-0.000216048440002126,0.00597959226431731,-0.0107883049961047,-0.0104507596523028,0.0056436937988445,-0.000748753230781191,-0.0167084695285784,-0.00868278879729026,-0.0202361437474212,0.0115636769622606,-0.000872669722440873,-0.0126414028756515,0.00279206853240986,1
"GSM748058",0.000555812573104758,0.00712254274967617,-0.00990682425107032,-0.180352756829355,-0.0127984300319921,-9.24923551787717e-05,0.0404609228485051,-0.00334500771822528,-0.0142179945283542,0.00066607391481278,0.0148122369024484,0.00631400364032914,-0.0147209425964868,0.000690789599478502,0.00440967309712502,0.0018873598531777,-0.00932870390931999,-0.000854717331880714,-0.0124411055786673,-0.00418121270741436,-0.00158123291148601,0.00996002647345894,-0.0143415338736758,-0.0235993775799494,0.00284971276368712,0.0228182130544644,0.00922718096043518,-0.00257485372202252,-0.00549956973182,-0.00566820350685987,-0.0128540269537777,3.10831169194992e-05,0.0114599876122877,-0.000421949569475002,-0.0029241483665031,0.0136452479529238,-0.0208311828627486,0.0880405638553021,-0.0016474228737821,0.0111455142014294,0.0221968189216607,0.00921225811772684,-0.000216078985419989,0.00622313332934251,-0.0103400528435839,-0.0129727883406256,0.00662262949368464,-0.00112776234797045,-0.0147362275843241,-0.00819349060011755,-0.0268534182996969,0.0107126354022844,-0.00105513398793804,-0.0125547187186567,0.00276570096413512,1
"GSM748064",0.000530671052251689,0.0064845196325276,-0.0100884307391984,-0.183425876652788,-0.0288254832943032,-9.83857618233736e-05,0.0369737811694653,-0.00329935721492545,-0.0161681982949014,0.000825878892678944,0.0141363808880848,0.0064006790933387,-0.0137522184007128,0.000646882539418151,0.00456284209604019,0.0019655625019956,-0.00891265934903293,-0.000838975057460506,-0.0104678996590355,-0.00393949356308205,-0.00150212863422204,0.0102263485130283,-0.0158656363779594,-0.0234575631137798,0.00288836854030319,0.0262331162689645,0.00894942066333248,-0.00232396399002139,-0.00500496623278726,-0.00573286609119255,-0.0135920539803728,2.99180496371442e-05,0.0114269456933538,-0.000427679665618613,-0.00250525053375831,0.0124044276519812,-0.0220810221273785,0.0789715865774872,-0.00168063539394806,0.0109850120633756,0.022171849606359,0.00904000837804142,-0.00022211701989117,0.00586203582487273,-0.0108794955756134,-0.0121976541650984,0.00950446018517769,-0.000677572440932469,-0.0154048674449454,-0.00758401362668314,-0.0250894872488322,0.0110029517587719,-0.000948672644849335,-0.0118954898683403,0.00274650028301477,1
"GSM748068",0.000540695654530945,0.0068196975806268,-0.00984756061724302,-0.177393989454461,-0.0125770321926748,-9.99241535242998e-05,0.0416134823998303,-0.00320336328491014,-0.0182285379905602,0.000707632729948293,0.0158258845102336,0.00639056544043425,-0.0140168491700485,0.000655070437948601,0.00456078394709561,0.00169003603316737,-0.00884038342161349,-0.000847303507677114,-0.0114606974089287,-0.00409919853771175,-0.00161401640842685,0.0102023997445754,-0.015710763233334,-0.0259752598316979,0.00295866423891678,0.0225732763174626,0.00881997129223402,-0.00263153911952378,-0.00546751101853604,-0.00541613070957763,-0.0124861456158662,3.09007267205507e-05,0.0162706641393677,-0.000428433167311524,-0.00266181997128645,0.0133716909932654,-0.0225056318098863,0.0851620499458626,-0.00158885504800047,0.0111781299050236,0.0220933116424589,0.00841629016828428,-0.000220758044066911,0.00624620948794471,-0.010440494146538,-0.0127141523554924,0.00752386249805636,-0.000723008026025317,-0.021558385528008,-0.00765775568829123,-0.0249823976431796,0.0101871007965183,-0.000977575379691547,-0.0127600145145741,0.0028608017847244,1
"GSM748075",0.000546054407414769,0.00702139185052441,-0.00991102608004135,-0.17947153053404,-0.0125610620948173,-9.27414201927844e-05,0.0406329858990917,-0.00331491404161963,-0.015210786649753,0.000667754650364353,0.0159067049753488,0.006414175576503,-0.0155771874766322,0.00070144822511018,0.00460081895462339,0.00200509180381795,-0.0102827220688312,-0.000915586397692701,-0.0132311576775259,-0.00408405693589883,-0.00155211388147123,0.0103183402294229,-0.0151222255413569,-0.0245464583311569,0.00274699301680586,0.0241016228209011,0.00890430848196437,-0.00363615753624495,-0.00537253340672956,-0.00579487532091921,-0.0135948910149127,3.21352975359594e-05,0.0139066629161007,-0.000453091596315388,-0.00310990593810552,0.0118872868542875,-0.0219741053431656,0.0875272659049209,-0.00158751865716966,0.0105356556936558,0.0223096958725146,0.00892704188775734,-0.000234106166591504,0.00604417287355429,-0.0101381177109022,-0.013062744418684,0.00850770638276715,-0.000736390922205617,-0.0254767046528471,-0.00758789969225529,-0.0264907417094682,0.0106445524539184,-0.0010734521980066,-0.0128486936663295,0.00279887380952805,0
"GSM748077",0.000540211320440396,0.00667957875705027,-0.0094457556379026,-0.172331470855548,-0.0132789347552294,-9.41713251783251e-05,0.0397791575633417,-0.00356166196056617,-0.0166128777472744,0.0007981382098623,0.0149248149995531,0.00648841774985523,-0.0152180934120278,0.000695590012724032,0.00431633346104707,0.00185872288611037,-0.0105962357068179,-0.000870413972667882,-0.0119389772022132,-0.00411005401505416,-0.00162786301962574,0.0103348580690266,-0.0155738402818942,-0.0239256788352654,0.00347715061350242,0.0229989210088076,0.00919725475736165,-0.00282975783658818,-0.00571672154809713,-0.0060470940780965,-0.0147800995439943,3.15147471271087e-05,0.0132922296490151,-0.000425484346138511,-0.00247208497245937,0.0118029416724898,-0.0210017203815244,0.0832512296559948,-0.00166708561453373,0.0101882465108219,0.0217963763283555,0.009396277754552,-0.00024248849633006,0.00669150416767807,-0.0102454831812062,-0.0129143031026481,0.00735401764362806,-0.000669878036855732,-0.0176612491211069,-0.00819996244014023,-0.0295458411370933,0.0106453818812947,-0.00100445155038372,-0.0120768728949423,0.00268711888916081,0
"GSM748078",0.000547718544529888,0.00727349608635991,-0.00947398776787346,-0.184872308018837,-0.0243927358881135,-9.74818907345731e-05,0.0355531606103414,-0.00327260345381337,-0.0191687985636197,0.000732484640691981,0.0137388414028466,0.00637107326969715,-0.0150845179892092,0.000671349756204329,0.00460676191297894,0.00187578875146451,-0.0104355944060329,-0.000826766938933576,-0.013639403802866,-0.0041464820732129,-0.00162918265186105,0.0109648778586603,-0.0151325418247097,-0.024144565151961,0.0030023899312935,0.0236564381207571,0.00925360790351638,-0.00284080776671568,-0.00540543987953156,-0.00580930961522554,-0.0139838362666537,3.13231807909327e-05,0.0117687397659487,-0.000431371013553436,-0.00288112397527669,0.0139909795639454,-0.0210540776369635,0.091818018387292,-0.00161597454824346,0.0114752633031979,0.0217117709150513,0.00829206710983145,-0.000200482574563491,0.00643142054689748,-0.0110093328705545,-0.0125677491124233,0.00759985032474533,-0.000728504629676765,-0.0146974356336026,-0.00740169025913055,-0.0270623345374262,0.010883149134491,-0.00102819700397909,-0.0119792509979857,0.00261561572315854,1
"GSM748079",0.000537209970338016,0.00696444916064796,-0.009950875222227,-0.1757532275116,-0.0126027044698454,-9.54565525561964e-05,0.0407619629124902,-0.00347558127884505,-0.0172189702357788,0.000812179975115584,0.016327633383883,0.00639575597073107,-0.0147717696780383,0.000675602239391303,0.00463153907017097,0.00195186763538089,-0.0101359403370633,-0.000857808747881421,-0.0135464121380853,-0.00412889281863605,-0.00160083276371077,0.0104096420793136,-0.0159124165952871,-0.0238378535918981,0.00266997893655095,0.0232016366765104,0.00954917033774238,-0.00275384179105912,-0.00557470048928908,-0.00555006098836354,-0.0145520780907041,3.38750078365335e-05,0.0137343043700081,-0.000444834606828264,-0.00256358874519882,0.0119985994596608,-0.0218796729347199,0.0852602648205061,-0.00162295820650214,0.0108978541911484,0.0219286627453847,0.00893836755799488,-0.000214333843852851,0.0057825686083456,-0.0100426948801245,-0.0134197136276488,0.00824317058083353,-0.000692283011510879,-0.0186616162305824,-0.00759188562063022,-0.0288477579609187,0.0110021358286906,-0.00098371395849327,-0.012307642731772,0.00277566990069561,0
"GSM748080",0.000551769087837395,0.00704881146203822,-0.0109654158182974,-0.173296941625532,-0.0213966223339888,-9.58892587519635e-05,0.038410442452835,-0.00319091610831117,-0.0191447592562751,0.000787745509921312,0.0155837735633194,0.00641347498884784,-0.0154042976462454,0.000800049354238725,0.00482962050962585,0.00177242295680305,-0.0113272141353851,-0.000928318431571685,-0.0141856836903925,-0.00448811727101302,-0.00159627093583825,0.0107773257097252,-0.0155024312758856,-0.0237385824458244,0.00405640530577956,0.0277152113226524,0.0100110243363936,-0.00366144272015563,-0.00630263242017971,-0.00589747716745256,-0.01373814570975,3.22672539233575e-05,0.0136689542491119,-0.000453401483157538,-0.00278825109566348,0.012929556902177,-0.022569998692625,0.0794677027565616,-0.00164681004784482,0.0107245398830292,0.0214047062663845,0.00990881016630274,-0.000230863908083935,0.00627880427758099,-0.00898492599498589,-0.0134953461352799,0.00978447557843959,-0.000843695426419855,-0.0142124032675694,-0.00735706408062948,-0.0306738435693413,0.0106267475889351,-0.00106555610294766,-0.0126292023375719,0.00269094094434093,1
"GSM748081",0.000544804148007291,0.0071468204446645,-0.00940514360361907,-0.168059124128813,-0.0230066858163501,-9.31969783026667e-05,0.039164559815397,-0.00334088768180233,-0.0126177578523659,0.000641052904636323,0.0164980814443381,0.00645112400302178,-0.0178384819859464,0.000658723735399659,0.00553486785701487,0.00166711832240916,-0.0104179613208455,-0.00108612013429858,-0.0175700604078692,-0.00525107444668806,-0.00172430062511829,0.0107612636266102,-0.014795954744846,-0.0213704081360454,0.0037348113477269,0.0336179085232428,0.010115943820689,-0.00430819963734509,-0.00627763785987043,-0.00581134260062668,-0.0141011329224516,3.13337790144336e-05,0.0152873042810439,-0.00042788194190279,-0.00288507717859935,0.0123913924512281,-0.02119537502925,0.0799388634722411,-0.00167905976580685,0.0110335282914327,0.0220880940560634,0.00989437945539112,-0.000234450839490707,0.00738945887822738,-0.00917237563076944,-0.0130237180912648,0.00851877230379778,-0.00149804133224306,-0.0208043139831374,-0.00787064113248468,-0.0234510403490596,0.0118102196959865,-0.00102716508846053,-0.012303150145486,0.00298965870027317,1
"GSM748083",0.000544166733984383,0.00726965721818585,-0.0102602382630654,-0.183928468544925,-0.0185182322897801,-8.9322736506911e-05,0.0386024112497324,-0.00338970067873885,-0.015871261336096,0.000715677949641623,0.0156943145668446,0.00635633922347295,-0.015385565629002,0.00080881717945366,0.00469251005564731,0.00203393180463963,-0.0105456490116746,-0.000984743585937767,-0.0140074322394536,-0.00474404439145419,-0.00157540218474562,0.00956621389306248,-0.0155139565107375,-0.0232565764245327,0.00313772879009763,0.0233261054154483,0.00918470001249679,-0.00284056837971989,-0.00553578382553293,-0.00608855254006648,-0.0135299646144609,3.18432517451214e-05,0.01189518100492,-0.000451794883306656,-0.00297590093038598,0.0120349343081103,-0.0202230284499269,0.0825433305618287,-0.00168492686860857,0.00993800492689436,0.0234502817104201,0.00926904486477086,-0.000258767484075235,0.0063932546449427,-0.00932719903994477,-0.0133903399469206,0.0077078563738241,-0.0010552076941142,-0.0157067998607018,-0.00804416441274933,-0.0318337554073885,0.010177130367261,-0.000989474964394178,-0.0128271561783874,0.00267764031506589,0
"GSM748085",0.000532394717770759,0.00644501033902774,-0.0100088426136029,-0.167104638730854,-0.0156431276780342,-9.78561404684186e-05,0.0374750085236497,-0.00374405038512893,-0.0139576772260275,0.000968776349447063,0.0148916080575024,0.00620276591254108,-0.0157678743700817,0.000730843266686129,0.00459037144515049,0.00163455166583204,-0.0108401304927759,-0.00114035161465735,-0.0124928815872115,-0.00503938923142257,-0.0015635384106094,0.0108990044916233,-0.0155133513921356,-0.0232736679428884,0.00339929871384897,0.0255028302184227,0.00929674215718451,-0.00388665164655576,-0.00554898582186486,-0.00572858014665482,-0.0152558662779874,3.10790221889626e-05,0.0124574886296229,-0.000445146700410382,-0.00263663882089118,0.0125559172806759,-0.0183861720152116,0.0820041913563951,-0.00167353412613415,0.0112971181665064,0.0202203069950866,0.00983094056390469,-0.000230281047283927,0.00630835990579783,-0.0101448897633579,-0.0125462097810818,0.00796691023776319,-0.000832940960083167,-0.0157058860393589,-0.00785264873966814,-0.0256284413056807,0.0119855555678766,-0.000987878692626149,-0.0121351626221187,0.0027460707701061,1
"GSM748086",0.000541115811335664,0.00727456178767714,-0.00960369304659715,-0.180864100465324,-0.0126156373058083,-9.81067533349715e-05,0.0355152742632041,-0.00386344718445188,-0.0156506161472573,0.000958668883394837,0.013345305883278,0.00616719076008706,-0.0138786431183217,0.000667421679089694,0.00442244673117017,0.00195679215501832,-0.00877890331876743,-0.000848905611370486,-0.0110757125586321,-0.00421374746096264,-0.00163481996102006,0.0105725070869769,-0.0149809705002271,-0.025065621773845,0.00277624164916135,0.0326143593790589,0.00914517240904955,-0.00294864196759247,-0.00532451390592274,-0.00594752057341725,-0.0150873374858355,2.95619534785263e-05,0.0109652014500413,-0.000430111616943538,-0.00259472369518609,0.0117737222918294,-0.0208378840932647,0.0852695501893011,-0.00165895639371417,0.0108236001685488,0.0224088334117804,0.00942027202373593,-0.000239794138971914,0.0065053901693008,-0.0117462781361182,-0.011939383113037,0.00566212516537512,-0.000734242209475395,-0.0149465799691413,-0.00749568590236543,-0.0226120625413672,0.0110555582738352,-0.00100280223046647,-0.0114539335100309,0.00261986517782229,1
"GSM748087",0.000552078992556753,0.00701710360004339,-0.00850024728047925,-0.181156081271764,-0.0146605459259063,-9.18388819178576e-05,0.0366408281946982,-0.00340596091619323,-0.0159219045874902,0.000741371704018488,0.0150942335055587,0.00651729443969545,-0.0134582777846926,0.000671649711918294,0.00450585727792566,0.00176113226653621,-0.00799302161631319,-0.0008029578434312,-0.0123148078534426,-0.00429411410766299,-0.00155811868038291,0.010472951185241,-0.0149658983490438,-0.0236785032453653,0.00291603084533349,0.0277907411680316,0.00946712449929455,-0.00260109320942533,-0.00523724674424904,-0.00579239951596882,-0.0145504524221337,3.04132988437081e-05,0.0121025259163154,-0.000425753919622142,-0.00246563543045146,0.013084151288768,-0.0206721336918438,0.0913118157203121,-0.00163708307034764,0.0115686585024258,0.0226456662020088,0.00899778720853424,-0.000225860756317529,0.00629569180448329,-0.00945958514742124,-0.0125645147865743,0.00609126530470282,-0.000773902541255634,-0.023054306180864,-0.00800256149278157,-0.0269696955834965,0.0115344810947697,-0.000955214912696626,-0.0123674626980679,0.00270540689073892,1
"GSM748089",0.000534269366325526,0.0066477441302239,-0.0103182022948426,-0.17866401970485,-0.0150482569783613,-9.30049785242623e-05,0.0400737099119992,-0.00353947155584685,-0.018149567286207,0.000821721123672902,0.0155917557246518,0.0063769973921921,-0.0140563734929725,0.00067975534426348,0.00445118410125304,0.0019033143777441,-0.0106716515232707,-0.000835093486242248,-0.0120823156207586,-0.00398679674037406,-0.00152346876747239,0.0110454240739733,-0.0158654322240075,-0.0237118027175784,0.00270692785602424,0.0257204842104813,0.00912135631433599,-0.00260629469119053,-0.00526115216002438,-0.00547621695767807,-0.0146310929645656,3.04045758150894e-05,0.0132141050134139,-0.000435473734517048,-0.00272034568844025,0.0124512868871929,-0.0221243775034944,0.0852396387334758,-0.00162028077977616,0.0108433933196037,0.0219006084460876,0.00891826491435077,-0.000230556967556452,0.00565360583315104,-0.00981480319468763,-0.0130325887889727,0.00805063575492462,-0.00141457280755163,-0.0230878688452007,-0.00739467415189491,-0.0247763380722837,0.0108034192697849,-0.000993324086958143,-0.0122846014806163,0.00280653348091904,0
"GSM748090",0.000540504988089571,0.00640486528912216,-0.00905508401995871,-0.166588137171148,-0.0175357974246611,-9.74016686794789e-05,0.0362869390505413,-0.00337036414167596,-0.0145005856291488,0.000745845923056687,0.0138514310116004,0.00613557676662303,-0.016352910074748,0.000619532597834334,0.00429604141646325,0.00198821295800274,-0.0084927411199211,-0.000937982992714285,-0.0120734211347832,-0.00452395226886305,-0.00162886622531454,0.0106417643859221,-0.0149914524706151,-0.0239810069196035,0.0030300523949489,0.0238543562421232,0.00961258877975051,-0.00288527010116181,-0.00555296371816094,-0.00619111523443234,-0.013812709364837,3.10172910292938e-05,0.0110901278916152,-0.000441853467901769,-0.00273074937336194,0.0129741804886084,-0.0185445409034771,0.082195323829433,-0.00156105619102194,0.0110127534295848,0.021059130141498,0.00893575567213333,-0.000252890307871699,0.00572799251423878,-0.0102767825541289,-0.0123513757084859,0.00678439923704354,-0.00111082072987915,-0.0149054817224821,-0.00739699574842417,-0.0258651223873027,0.01136035050223,-0.00098337161605863,-0.0115810832513558,0.00292194499278732,1
"GSM748091",0.000542523636056887,0.00837561951259712,-0.00871622553014738,-0.178913032677495,-0.0136885870575574,-0.000100269206325613,0.04301347113273,-0.00362598712589164,-0.0156275121000313,0.000646415413354925,0.0155113758785526,0.00650853668774159,-0.0133860312195597,0.000610525096779236,0.0049435409510018,0.00208306633136188,-0.00964026081683326,-0.000867599572784625,-0.0107955057486008,-0.00408366468326803,-0.00166142132460377,0.0103787814180812,-0.015526197304577,-0.0233515315103833,0.00324647939959712,0.032717173267321,0.00967930312520715,-0.00293277446462435,-0.00564004381484057,-0.0055332639704784,-0.012861169921573,3.06990182445251e-05,0.01608987629838,-0.000444651701238988,-0.00290913910336686,0.0121100163005652,-0.0226696319476143,0.0779931026091241,-0.00170184713070683,0.0113077504546143,0.0223967916928772,0.0087963380545235,-0.000218357683087299,0.00614730549281178,-0.0100822156754811,-0.0121206473079791,0.00788066663427873,-0.000756114060647147,-0.0144416575723937,-0.00725404873878812,-0.026501959982744,0.0109234690414714,-0.00107776778800628,-0.0127575460895592,0.00273312207511105,1
"GSM748092",0.000532440636034545,0.00595662970894623,-0.00854599068403225,-0.176612772457369,-0.013341745263894,-9.46597735583494e-05,0.0396940978421587,-0.00346667152864665,-0.0146987933947415,0.000796813635902386,0.0140250133335812,0.00652207157647197,-0.0144168522089119,0.000607313879297618,0.00444924221602686,0.00180088882516007,-0.0092701410557476,-0.000849844498576125,-0.012456809256108,-0.00500513478509518,-0.00162772100042809,0.00990862007693875,-0.0165026686712486,-0.0226204089568934,0.00290473865718267,0.0233142721581515,0.00912227664092407,-0.00253027694893448,-0.005649367403662,-0.00554536747764721,-0.0127583230955442,3.14562577253468e-05,0.0165790219575645,-0.000431839994368866,-0.00255080419648843,0.0121083156024488,-0.0207997081400158,0.0792647954842403,-0.00171466088004781,0.0104095314572603,0.022137439945746,0.00834897064286931,-0.000214374296342203,0.00574433781184148,-0.00908501321025947,-0.0126885576878839,0.00884486709996206,-0.000645554142589551,-0.0154443469224923,-0.00758369569611627,-0.0260055311085639,0.0108544191318126,-0.00102529746189535,-0.0113596468631071,0.00266063965027957,1
"GSM748094",0.000552711823808343,0.0070252320414665,-0.00933536743285166,-0.185692609374254,-0.0135916133892506,-9.25036315525618e-05,0.0390434370505126,-0.00349173266586995,-0.0173608204788555,0.000783102928517134,0.0142301399537944,0.00635311658609213,-0.0151803971928589,0.000736554386707474,0.00455731819736657,0.00180850327011138,-0.0132247597951469,-0.000831116315176676,-0.0118835235686954,-0.0041358967370029,-0.00166040560457062,0.0102924798148083,-0.0148977403483506,-0.0233848748564769,0.00306395774057645,0.0333984208165786,0.00966843217736059,-0.00488058587652344,-0.00578615704860932,-0.00570044715164832,-0.0132426728975318,2.96611968628179e-05,0.0108883088953335,-0.000460278231990497,-0.00285326089506021,0.0119498357849361,-0.0214143907181934,0.086639423030755,-0.00165727089598638,0.0109084276289531,0.0221609483532526,0.0103168392365625,-0.000204638765486816,0.00673022056294265,-0.0101379008398685,-0.0133834098879474,0.00608471031280698,-0.000695015942966612,-0.0153144807606484,-0.00757255196679483,-0.0250554100304871,0.0114376571081658,-0.000969183069389548,-0.0122538393655033,0.00273138505388728,1
"GSM748100",0.000547979104562298,0.00707476046671233,-0.00871641484103832,-0.196306825967355,-0.0131381787326891,-8.66808864927325e-05,0.0417135716377716,-0.0032983457469464,-0.0180814611555667,0.000735083195634407,0.0165614599854028,0.00646898651627233,-0.0161096539920145,0.000633423210652786,0.00477695405450598,0.00178799068953836,-0.00925478731637003,-0.000836088516175248,-0.0126443566156384,-0.00443013051265227,-0.00154845576999774,0.0105650755485866,-0.0149557345873171,-0.0228595798681291,0.00268548305696877,0.0216118065729459,0.00699388101879867,-0.00272912750688758,-0.00453890026301518,-0.00567744204529593,-0.013429089719025,3.24573936946623e-05,0.014248362290692,-0.000417761326847818,-0.00295181167146637,0.0125310350139586,-0.0210930470461885,0.0867022928365792,-0.00161634872589609,0.01074912072652,0.0240644524229569,0.00852620704102629,-0.000206314042140567,0.00677414608746171,-0.00963844945932982,-0.0123845734246085,0.00684632814070947,-0.000736041106500409,-0.0240673616938118,-0.00703241397864734,-0.0238253140834156,0.0114278674072876,-0.000957652591772835,-0.0134597569132872,0.00274894624863208,0
"GSM748101",0.0005465687459517,0.0066690716188416,-0.00965012594093096,-0.177336467124069,-0.0161133019815668,-9.2127315321665e-05,0.0386881303739252,-0.00340331275600376,-0.0172714568924154,0.000698601744442839,0.0134719165654638,0.00635687229476492,-0.0146978940899204,0.000661398978495656,0.00451703015679481,0.00182862394485787,-0.0105683057561748,-0.000880761006836775,-0.013804175196414,-0.00396502695482483,-0.00148469412990852,0.010443722231241,-0.0155262590603036,-0.023803358756234,0.00368210606161429,0.0296633187407919,0.00894837574912824,-0.00345244236822646,-0.00583510015484709,-0.00556732271439691,-0.0131280942887522,3.06235512808677e-05,0.0115949547942817,-0.000454653483839507,-0.00263424448040427,0.0129021601705102,-0.0224425131309974,0.0829891392273307,-0.00159493200670775,0.0105168630753803,0.0220674656390969,0.00970156700080503,-0.000206723582720092,0.00593538356950663,-0.0100327948243494,-0.0126937331458426,0.00822261128466044,-0.00128101292900011,-0.0208925188538002,-0.00699276280344236,-0.0281227754702979,0.0109685682135588,-0.00100188469816751,-0.0119325120077548,0.00274215138947831,1
"GSM748102",0.000540692557154708,0.00659666334628442,-0.00924701879119746,-0.176439497795319,-0.0122932786771357,-9.49380191235806e-05,0.0396990090008639,-0.0035453550974946,-0.0149873922751381,0.000824902342986777,0.0160526133925303,0.00636025992755593,-0.0155507096913854,0.000639222743392795,0.00454949098909324,0.0017741936325301,-0.0108717460131744,-0.000881133953931643,-0.0143756587749057,-0.00499401331082956,-0.00163486965738807,0.010393406681673,-0.0161412423146736,-0.0239147696958325,0.00289549621074351,0.023428696907853,0.00753204539525134,-0.00263132299395752,-0.00451188430390371,-0.00564702884885101,-0.014093612182425,3.11057639633632e-05,0.0145088667397878,-0.00047335986047971,-0.0027189964202099,0.0123339190484508,-0.0200136155516612,0.0821954703239189,-0.00161034004265232,0.0115697659294005,0.0219583910767578,0.00781812486784565,-0.000219925662878115,0.00562884738394535,-0.00954201187636714,-0.0130845866332896,0.00868789265578839,-0.000690756252650564,-0.0221634475660343,-0.00791211127981745,-0.0267286464891213,0.00998285033973183,-0.00101339474694123,-0.0121739532067413,0.0027007788527481,1
"GSM748103",0.000549788058792406,0.00690745639306671,-0.00927853043660343,-0.176288568733086,-0.0126834214781931,-9.26215911484914e-05,0.0394269976934298,-0.00338399297946253,-0.0160626024132523,0.000870042621209755,0.0145717720224792,0.00637081310617892,-0.0148741867227707,0.000688025652384514,0.00459361839332847,0.00188789604203819,-0.00997233516624695,-0.000940810560038954,-0.0129872586663301,-0.00424750964200867,-0.00159259586780439,0.0110425968454104,-0.0152003233162296,-0.0239209345832963,0.00351904228023272,0.024256712284256,0.00851602178397436,-0.00309071321593662,-0.00519079149497779,-0.00570507644156176,-0.0128879525763105,3.09607166119365e-05,0.0113254679073585,-0.000432380596317402,-0.00266772071613998,0.0125134619753254,-0.0216624374418235,0.0834941318689189,-0.00159708114533125,0.0111283515810703,0.0220112332046997,0.00908618787456707,-0.000220005032168018,0.00614758592480542,-0.00995226845932411,-0.0125025931845654,0.00899431517774778,-0.000735519479723189,-0.0176138521881902,-0.00728462922251242,-0.0283608109141498,0.0111010766911208,-0.00093325793544859,-0.0123228572037085,0.00267220410533818,1
"GSM748104",0.000544882472368332,0.00692324388131265,-0.00942551156565984,-0.173943838175085,-0.0128145302460524,-9.51783679598746e-05,0.0393317540266804,-0.00324076327783195,-0.0147450254353005,0.000877698181599519,0.015610880639886,0.00648655471404362,-0.0155153433148731,0.000681449962398589,0.00447187367078932,0.00203955768129565,-0.0090205345296214,-0.000822746475862474,-0.0120857809995566,-0.00419709078489569,-0.00161454923687469,0.0102292348179999,-0.0159958441700258,-0.0238478339811484,0.00278881650972696,0.0249309759038897,0.00901979493450145,-0.00239302369338825,-0.00530129382291444,-0.00569254113512382,-0.0150188906150676,2.90691324693055e-05,0.0114587733623309,-0.000413754351230646,-0.002738950722091,0.0128682245036061,-0.0199434059165142,0.0858154608477799,-0.00161954133899102,0.0114382977360375,0.0211903826745581,0.00967494157722549,-0.000235025973830882,0.00618182175514098,-0.0101766722080467,-0.0128200425567713,0.00692731482592087,-0.0012905532793911,-0.0237817464371032,-0.0076105951572346,-0.0259044211512469,0.0107256562882694,-0.00100144244616782,-0.0121592579149037,0.00276562374830395,1
"GSM748108",0.000547464147677846,0.00689475329293227,-0.010164746383913,-0.176379797494406,-0.0120242719268741,-9.26001336356643e-05,0.040920938384668,-0.00347302294683357,-0.0194509592757653,0.000771114100881628,0.0149458420377609,0.00630495485650613,-0.0160158739493292,0.000703945683073631,0.00444149964263658,0.00171491865452635,-0.0102425727971619,-0.000907915456591965,-0.0146271502691667,-0.00416705390464044,-0.00160332122139879,0.0104528027659287,-0.0151943773676768,-0.0236076390538661,0.0029667348857099,0.0258043053076319,0.00943062872168154,-0.00277116660597669,-0.005553606004943,-0.00577846639868308,-0.0139266141841138,3.36994787484738e-05,0.0129932846742772,-0.000429230924093631,-0.00276858668997148,0.0124070133964551,-0.022060299600471,0.0861791210430427,-0.00162422502307441,0.0108830145832504,0.0224175452429149,0.00958997352715714,-0.000214216896112166,0.00577397567233879,-0.0094458368889809,-0.0129810908552473,0.00802036334749349,-0.000958011999239075,-0.0188093955783463,-0.00741726579739903,-0.0259840760957356,0.0111703111843271,-0.00110825939458328,-0.0122523362349742,0.0027212100994646,1
"GSM748111",0.000553386044800893,0.00726158092338942,-0.0104965675850949,-0.177648624992429,-0.0124923027209234,-9.64584853746285e-05,0.0415569894664411,-0.00351771151017633,-0.0170438780879209,0.000724946471381881,0.0164247098600772,0.00760003386184831,-0.0159961298716242,0.000763498613330941,0.00438027222192264,0.0016708456237771,-0.0108143280700075,-0.000842799772338409,-0.0142721420444684,-0.00412139210962823,-0.00163743651248987,0.0103390065736503,-0.0156463362750398,-0.0245153750703752,0.00299627974703117,0.0273772381651369,0.00962472338665455,-0.00249826671163823,-0.00577459818494435,-0.00624265029017961,-0.015049052300956,3.40558609447913e-05,0.0134422899089641,-0.000425600548796444,-0.00287981107415558,0.0139314367359371,-0.0217974968852178,0.0821440350637977,-0.00173906366940996,0.010699177882777,0.0225159690739146,0.00937765112175685,-0.000257563197949341,0.00677814639083754,-0.00946027540383112,-0.0137629018170064,0.00763057263159054,-0.000836444924972225,-0.0192157857872067,-0.00746535632543933,-0.0272637685998314,0.0103239945463801,-0.0010032460392358,-0.0128146510191741,0.00281965847812618,0
"GSM748113",0.00055162210501456,0.00797189612605576,-0.00824230769816225,-0.184092829004456,-0.013014351560838,-9.53507434626937e-05,0.0359258265598902,-0.0037203983570186,-0.0116326806708549,0.000631963702073027,0.0166092880439754,0.00648068074717221,-0.0141857968959381,0.000643349713554921,0.00537712857636674,0.00166362623182597,-0.0100736786475954,-0.000824576873849115,-0.0148640074013316,-0.00502908764578395,-0.00173536436272698,0.0104306352902123,-0.0153555795209792,-0.0228142585607772,0.00409766769404538,0.0339729961248893,0.00981104678440091,-0.00255153655168679,-0.00568705712900015,-0.00555170585844105,-0.0173737269830303,3.18673392846824e-05,0.0165240614703033,-0.000454922901895661,-0.00319301500758715,0.0126280836365224,-0.020692330399725,0.0730951072533422,-0.00167935699489012,0.0113363475308417,0.0230512858517878,0.00906200950350977,-0.000268036652197156,0.0064995860840149,-0.00899462068299563,-0.0121945051962713,0.008404094164222,-0.000891506104310398,-0.014368048929891,-0.0076717918381744,-0.0252799854569623,0.010984388272397,-0.000937635325992421,-0.012873061091266,0.00279899625685372,1
"GSM748116",0.00054637908479413,0.00733920676176272,-0.0113276235733795,-0.168451208119114,-0.0126340039073505,-9.63207531194541e-05,0.0409693665842451,-0.00367008756168287,-0.015418435056229,0.000754166739371174,0.0165856289449788,0.00649861738920765,-0.0155108769917302,0.000652677058406642,0.00474261723610897,0.00171823957931289,-0.0111286510929869,-0.000882192228341954,-0.0171147187488824,-0.0042538556849805,-0.00165242989635398,0.010486716452831,-0.0160709167656355,-0.0237116002724701,0.00349141788332924,0.0264152547872603,0.0101959054245238,-0.00257745640304985,-0.00639597953823279,-0.00561757049208618,-0.0140324584829752,3.28748658268454e-05,0.0150138257202992,-0.000423514855815778,-0.00311321686978847,0.0127949677180126,-0.0196233658459903,0.0848395368043296,-0.00157557007360389,0.0114359897562843,0.0221899831505474,0.00889511811862827,-0.000223682156720225,0.00656736262158335,-0.0103423234891601,-0.0125804173515965,0.00767670725980993,-0.000829690636751198,-0.017593798136484,-0.00801597187532612,-0.026671458373207,0.0109871053014272,-0.00113442354896139,-0.0126093261480232,0.00282166681950655,0
"GSM748121",0.000532499458620137,0.00651039424707553,-0.0100038506231086,-0.174332364794926,-0.012833764726891,-9.82292077791342e-05,0.0364972918836984,-0.00372019135440229,-0.0143716331583035,0.000808550665583623,0.0142267968981105,0.00633674042560513,-0.0154389807633873,0.000649052068383511,0.00462954337403851,0.00166625757056618,-0.00932768581111356,-0.000848877555471047,-0.0113167633497119,-0.00455881312731741,-0.0015544223479582,0.0102970144298606,-0.0158369964561078,-0.0224434895569094,0.0029881122761561,0.0249682966535674,0.00967047207626562,-0.00387654218890081,-0.00581838248753596,-0.00574830523486737,-0.0141027934431847,3.03267729352782e-05,0.0125178151674626,-0.000434934699988367,-0.00267465015217229,0.0126901719093504,-0.0202888414666371,0.0804885260895012,-0.00159288790646637,0.0109194289138453,0.0216206574265862,0.00860065934190567,-0.000233837013359435,0.00546477646846274,-0.00963575573930372,-0.0125680942997375,0.00709361779749763,-0.000711272053070261,-0.0166204759772483,-0.00769800554438543,-0.02432030284023,0.0107033326716218,-0.000991458602399161,-0.0117529924937426,0.00286924046724599,1
"GSM748122",0.000546651637407052,0.00709778129540452,-0.0103645840724505,-0.173100359103659,-0.0133906938589265,-9.95949493492454e-05,0.0369840264044023,-0.00359711050605865,-0.017622197068853,0.000666741916619744,0.0154510180672784,0.00651458968525782,-0.0167040942829785,0.000683222497421572,0.0045469542893847,0.00168474166505201,-0.0117714335480793,-0.00100348784020223,-0.0133189620368119,-0.00468005095056378,-0.00159602270843367,0.0109379505820304,-0.0152871018875019,-0.0238961093755868,0.00355138849076809,0.0241050434349,0.0098747257142278,-0.00544296182686718,-0.00611217127251944,-0.00617038962519215,-0.0156703682754845,3.15023621544247e-05,0.0109407332925914,-0.000428340063183572,-0.00282613500079866,0.0121546868037775,-0.0199466936257271,0.0742235559068498,-0.00154110430602869,0.0112705708270914,0.0214045611068321,0.0105778946555545,-0.000291570533391207,0.00649758587030884,-0.00994774252900608,-0.012537556139114,0.00828915083199075,-0.00134566424840493,-0.0150646388850049,-0.00811361683083998,-0.0293075138859305,0.0109771260458669,-0.00108481560948868,-0.0126245151280203,0.00285685145599032,1
"GSM748123",0.000549550288101359,0.00759484012480351,-0.00925671874466736,-0.182858019635431,-0.0135620194076714,-9.71572230980999e-05,0.041295497438409,-0.00324647623524039,-0.0172689981840541,0.000750420768321946,0.0158722909124193,0.00637543850710254,-0.0148090368251795,0.000692654577268209,0.00477908729178386,0.00183000138057379,-0.00971170899808643,-0.000893579989864572,-0.0139174510683674,-0.00413483602511565,-0.00166061082272529,0.0106453431984705,-0.0159494687289343,-0.0241067816095222,0.00321353312666217,0.0280049525811105,0.009654219866786,-0.00260781828589392,-0.00592855241616909,-0.0058266124512857,-0.0129568881135143,3.60325246322714e-05,0.0160646003298485,-0.00048529981904692,-0.00267007344988814,0.0125625071277617,-0.0228150507690554,0.0878103204145061,-0.00161785492108778,0.0110660550531403,0.0229255321215792,0.00991118470750881,-0.000234804572580661,0.00633446041440307,-0.0103074846801785,-0.0134374145740778,0.00754061804106393,-0.000680014067547738,-0.0228158570953952,-0.00755433087332194,-0.026436172073439,0.0104311849869645,-0.00105089947286295,-0.0124564786448904,0.00264278656728809,0
"GSM748124",0.000537655686296074,0.00666831930523419,-0.00865018182673988,-0.168053636741337,-0.0147116002844516,-9.34130917268492e-05,0.0375374537421179,-0.00355673142197861,-0.0145029348451501,0.000759557289039517,0.0149475623182428,0.0065839649709205,-0.0158474088298735,0.000653198764162524,0.00454916753238605,0.0016376126759552,-0.0102074000471113,-0.000881708610106206,-0.0128967819997141,-0.00460812817602787,-0.0015795506488844,0.00974817019148025,-0.0153848678805943,-0.0231115799882151,0.00342499123662116,0.0258749521804352,0.00909456053571594,-0.00361135840862218,-0.00527787813448833,-0.00585975235270782,-0.0141381920014118,3.04674467938087e-05,0.0133828615102313,-0.000436323188917917,-0.00232787205299568,0.012403986170809,-0.0214062542204046,0.0822095418801437,-0.00152338147127853,0.0110314518765525,0.0213225007058255,0.00875184434326056,-0.000218114633238049,0.00573866875605064,-0.010648927572999,-0.012844148962309,0.0100438872668792,-0.000703356456982448,-0.0158236194032116,-0.00763638473688602,-0.0261632522933171,0.0107396297253757,-0.000983481999778267,-0.0117678772646261,0.00279784440541217,1
"GSM748125",0.000544250565719484,0.00740718983910269,-0.00975257509625006,-0.184131600358774,-0.0128265687153193,-9.62485459579685e-05,0.0404473392043623,-0.00323427007609556,-0.0190649311128736,0.00071049470088996,0.0154981774629636,0.00635086875522128,-0.0152314091707809,0.000645661915850365,0.0047135616865332,0.00185168182040491,-0.0102282231477197,-0.000865059302463936,-0.0134104404463269,-0.00427241777955872,-0.00162859933405583,0.0111718279368004,-0.0149879857074098,-0.0249648531005295,0.00299027296588217,0.0219624312559988,0.00920960982879043,-0.00277662976265252,-0.00567011504537287,-0.00583487583604843,-0.0129772207993117,3.10291132903968e-05,0.0128113571004461,-0.000447110591895923,-0.00295575748338278,0.0128052118792849,-0.0204647162622009,0.0906244903794111,-0.00157556087689966,0.0105745397280145,0.0229503836622487,0.00935274388693353,-0.000197745775635365,0.00593892226060328,-0.0108739226486916,-0.0130391889100504,0.00730478498670076,-0.00152904801992208,-0.0186086247942438,-0.00817358216477734,-0.0267124030740597,0.0106472710881964,-0.000935835073026013,-0.0127755159839572,0.00268439235718824,1
"GSM748126",0.000547551269454637,0.00718217139241067,-0.00871536921720542,-0.173094707821943,-0.0151668909661211,-9.51017640142541e-05,0.0367622015995172,-0.00333142776929128,-0.0143594019005585,0.000678322972643622,0.0143560888763106,0.00632518528395346,-0.0162284058233572,0.000650665531154979,0.00453774524719366,0.00168640723057866,-0.00910296509456396,-0.000805146900147157,-0.0129416071374429,-0.00455723375981055,-0.00159165594885222,0.0107462632207571,-0.0154822228679885,-0.0237681502201264,0.00324224746698392,0.0243509011839698,0.009722826103423,-0.00260881976611985,-0.00594935906563593,-0.00616965876876036,-0.0138539349382508,3.04611165484822e-05,0.0122621699423914,-0.00042666808198696,-0.00275633471656363,0.0131375238249803,-0.0186186092503663,0.0894817504058154,-0.00156239560962336,0.0103255968084664,0.0214755947165308,0.00961419293201237,-0.000207429376237287,0.00616410839818338,-0.0105806779940527,-0.0128814238202,0.00932926843601451,-0.000714692067068762,-0.0153039094200582,-0.0076257866791608,-0.0304729702550222,0.0110272232433572,-0.000980727453963006,-0.0123250927224388,0.00279380119743006,1
"GSM748127",0.000540734901596529,0.00692055244852862,-0.0103879174555749,-0.169529059415003,-0.0145105974845909,-9.43265594235963e-05,0.0400923426311117,-0.00357519637007755,-0.0151142197977994,0.000782479717813874,0.0151374198691935,0.00640096734253516,-0.0156440259945025,0.000692652759456581,0.00446244465080007,0.0017843036829021,-0.0109100541327111,-0.00102253921979245,-0.0151061655496288,-0.00420399294455041,-0.00159403441437824,0.0107487725957245,-0.0154437552390216,-0.0224808682207853,0.00383090664084312,0.0362298066309118,0.00964730664120069,-0.00642711783642786,-0.00598250041411537,-0.00559320424579151,-0.0140267923871771,3.53036537573409e-05,0.0123609513610247,-0.000445782722763003,-0.00272394442265365,0.011993927104776,-0.0204230589009497,0.0822027252802584,-0.00162044545548611,0.0109952005827227,0.0214053676842664,0.0100832859598367,-0.000237587688195564,0.0060385140460007,-0.00882966322809296,-0.0130442625727418,0.0089637841546243,-0.00127498251348415,-0.0219834099673129,-0.00806234373840057,-0.0278399776610557,0.0112248866914846,-0.00101415296635368,-0.0121403387791445,0.00289271831508179,0
"GSM748128",0.000548743631727933,0.00681527578877495,-0.00888312471600582,-0.174357904561016,-0.0133825751058556,-9.11075594638154e-05,0.0391679533422941,-0.00345923900515268,-0.0157971811944641,0.000801996561605994,0.0152548559191451,0.00633529027973643,-0.0150532958228348,0.000657784038202875,0.00436230710631363,0.00181722639947969,-0.00937018286817765,-0.000909195519429987,-0.0141615599837567,-0.00444286844200455,-0.00155847146624961,0.0104467391241569,-0.0157605448255355,-0.0225429078725665,0.00309148703470541,0.0232843582161765,0.00911416361791964,-0.00268177177414075,-0.00550810954245903,-0.00570090593405884,-0.0139745521186513,2.9653411637738e-05,0.0137162354482492,-0.000418753521100743,-0.00295602082519683,0.0129468022499516,-0.0210202328169513,0.0867469879622978,-0.00154627516963182,0.0111427312350957,0.0222133743512244,0.00850544467111105,-0.000212702114459817,0.00613671312739731,-0.0101660941200867,-0.0132528682989814,0.00909056538297688,-0.000704557356294685,-0.0162214086313799,-0.00770384600931778,-0.0266018861571851,0.0107010866612202,-0.0010043046768094,-0.0126512127515099,0.00292658832533397,1
"GSM748130",0.000549789568394733,0.00748408914003244,-0.00943312791052633,-0.185395373205755,-0.02410428501582,-9.32753952638733e-05,0.0388711266277456,-0.00328963167887799,-0.0130375795572517,0.00069531872780593,0.0134788201300331,0.00635578321851971,-0.0156944831347087,0.000741972826784356,0.00467390585962086,0.00174582885766677,-0.00957047676032932,-0.000823152184015976,-0.0117754219898636,-0.00450886784045825,-0.0014823602735343,0.0103888744339,-0.015023059196685,-0.024289035701209,0.00347103326103466,0.0249814703560102,0.00941284308391095,-0.00346534635878034,-0.00582515381858725,-0.00619149329842891,-0.0137625359380526,2.97166313279874e-05,0.0117461516863845,-0.000450135449039625,-0.00326588268953509,0.0130282877076043,-0.0197049668720166,0.0881654325388956,-0.00167246505094232,0.0108888284108454,0.02190605876541,0.00948747995212477,-0.000213068269481072,0.00670485764267555,-0.011080551009276,-0.0107095867327228,0.00517977493071687,-0.000949930310709325,-0.0183471394634448,-0.00716942188265216,-0.0238080279681507,0.0115403610946957,-0.000928788162778585,-0.0126394982453793,0.00283967503525832,0
"GSM748131",0.000544966930280714,0.00700017265180314,-0.0092464032660516,-0.171612881248798,-0.0129673201194266,-9.39990501257821e-05,0.0371919015788708,-0.00349944545168996,-0.0186881575935782,0.00070191967803947,0.0135641321073357,0.00632232475594307,-0.0147853856929535,0.000694015658096026,0.00450834245633517,0.00185064995348329,-0.0112138155820486,-0.000825045918521232,-0.0136093350209526,-0.00422841089163939,-0.00140500769065534,0.00953017233535222,-0.0150970611518198,-0.0236585817370691,0.00293539393008775,0.0246274631635722,0.00927124199627779,-0.00275501598847019,-0.00561770433605676,-0.00571681813995209,-0.0133987394452553,2.79092205663979e-05,0.0122812969499593,-0.000494482581363958,-0.00290358279473412,0.0126867736941983,-0.0232760907558456,0.0863000437788523,-0.00163457705011809,0.0107441786239782,0.0218808710146801,0.0104941877669362,-0.000211232895764293,0.00650583311490722,-0.0105337071021073,-0.0123670913627282,0.00568633206907732,-0.000944950602788898,-0.0250398102397242,-0.0075666462272359,-0.0228706353941676,0.0114136202076901,-0.00104273758963469,-0.0122861716424328,0.00273348577186271,0
"GSM748135",0.00054412452347641,0.00703960283299183,-0.00937883827016971,-0.183906617541012,-0.0135869839410652,-9.7970932050995e-05,0.0386904953323327,-0.0036243763428498,-0.0141445388144362,0.000756842294880053,0.0144492252953326,0.00626860527888402,-0.0155189750136138,0.000689186368032347,0.00462827881446542,0.00159229981901276,-0.00860265762443206,-0.000785977544446088,-0.0123273259707798,-0.00503671057352027,-0.00168854996254165,0.0103919998138786,-0.0153805660689122,-0.0231259913788305,0.00308993678409044,0.0226563482796087,0.00957552357442716,-0.00348385354313396,-0.00590423681310433,-0.00635916388751242,-0.0145567369110647,2.89963501834356e-05,0.010949842222136,-0.000438866292455331,-0.00271339277261977,0.0132632574002262,-0.0200373425075412,0.086001087639135,-0.00165313195008617,0.0113952350052291,0.0222302662042708,0.0106001710016279,-0.000314022130962479,0.00662552632563203,-0.0114835642895472,-0.0119169908646758,0.00665224062558306,-0.000831949470710693,-0.0148761138914859,-0.00757453306787739,-0.0278940363168362,0.0112924821901051,-0.00100234796151024,-0.0125611178050806,0.00284950829568167,1
"GSM748138",0.000551838881254159,0.00798022884648532,-0.00981146009339382,-0.181165109617446,-0.0139711932617888,-9.10350799165726e-05,0.0393635377527272,-0.00338407350411225,-0.0172417327680659,0.000692365798225629,0.0163051838165899,0.00651539097418507,-0.0155999822589692,0.000730910170755479,0.00503821164757595,0.00177779590274662,-0.0094786054033515,-0.000860531593942072,-0.013749556091352,-0.0047459458728928,-0.0016518896929492,0.010454834162333,-0.0153839623912478,-0.026223957719314,0.00304284468096387,0.0286874649267775,0.00952315864971186,-0.00267997814388173,-0.00560633764517992,-0.00601929430405542,-0.014212265367882,3.24602194841767e-05,0.0145669850138378,-0.000446113368602351,-0.00290764518891126,0.0129990323614112,-0.0221348562941771,0.0873081274563017,-0.00154328930636039,0.0105425148896127,0.022798469029797,0.00953440934073353,-0.00023934114055049,0.00670263107043917,-0.0100637763241037,-0.0132087024903569,0.007125179200116,-0.000676259242836218,-0.0232929699958912,-0.00755705926574106,-0.0233154804630232,0.010985652496041,-0.000976239834840814,-0.0129693254709182,0.00279881198076757,0
"GSM748139",0.000529335938374718,0.00683341667318334,-0.00971176198532489,-0.172210952205557,-0.012865457011896,-9.7667067824697e-05,0.0401666186412424,-0.00343032652690049,-0.0170402721136998,0.000870481657505177,0.0165077687189372,0.00640935576434679,-0.0163077083924,0.000663593857221866,0.00472349127324374,0.00169190163215035,-0.0109560371010306,-0.000962867300005301,-0.0141436872499286,-0.00420595217886045,-0.00160484570004921,0.0103515855967065,-0.0161899443602489,-0.02430704279411,0.00304138610432284,0.0270168162665719,0.0088737127697245,-0.00349962780144294,-0.00558369028815432,-0.00558747876182672,-0.0139455637381542,3.40129513494006e-05,0.0147583266932067,-0.000435212850539189,-0.00280596351433387,0.012046340127758,-0.0209854410286506,0.0827386066490187,-0.00164949065212896,0.0108537586240246,0.0217221647467056,0.00927299815429362,-0.000220319198581151,0.00572825722460694,-0.0100188071524211,-0.0121491464771793,0.00841167244098866,-0.000749772232407599,-0.0133498307838206,-0.007730525611112,-0.0308225621950457,0.0107783858933986,-0.00103644650629063,-0.01210432921952,0.00267435935528757,1
"GSM748140",0.000546321854122632,0.00716987687798463,-0.00923170478952583,-0.174466847659002,-0.0143667669890572,-9.46886253374079e-05,0.039245197820413,-0.00359789693722934,-0.0121245448853733,0.000742198347897859,0.0164212621441749,0.0066369292665953,-0.0150109783268637,0.000662223925786655,0.00474232193771946,0.00155607839915661,-0.00889505191613915,-0.000906854905399259,-0.0143269926902834,-0.00461797819581319,-0.00166696093211164,0.0102002169649515,-0.0157311639022603,-0.0223557755393817,0.00351658975066037,0.029077434909377,0.00952417215203824,-0.00333762512764328,-0.00539355357896157,-0.00558893919461946,-0.0158943312155922,3.11233872218671e-05,0.0161200912533003,-0.000428821752485557,-0.00286807888335502,0.012475530055612,-0.0205236359690464,0.0811033975862527,-0.00161403256628336,0.0112757929024155,0.0230805396696009,0.00885194343058906,-0.000252906018917941,0.00649041379773156,-0.00948558187356464,-0.012119855011816,0.00946133920126551,-0.000885095335302844,-0.0210578195650846,-0.00795015780660411,-0.0244428106406859,0.0104973915289536,-0.00101865879433798,-0.0132060555425629,0.00290435508666305,0
"GSM748142",0.000537684377298349,0.00698588751671248,-0.0102536282961376,-0.183173234312481,-0.013107203816442,-9.21263571956285e-05,0.0351324378335126,-0.00336181148746353,-0.0173672857487665,0.000712863881287812,0.0143836943824528,0.00649464158993162,-0.0151882650257986,0.000695711668778611,0.00436925644715948,0.00172193466078978,-0.0114713473898749,-0.000833218030531219,-0.0130025024244283,-0.00423186788313941,-0.00172828014320511,0.0100947285590892,-0.014809331137016,-0.0227530992565345,0.00301489839916864,0.0241551537689421,0.00978876869835899,-0.00242267240864114,-0.00580097118206839,-0.00630342045387408,-0.0133086657067123,2.96687029995029e-05,0.0107904926389457,-0.000435393299340743,-0.00259298731938119,0.012361568950163,-0.0208900235845147,0.0853478977382054,-0.00166492061082394,0.0105367006482243,0.0216806542391788,0.00931065497936939,-0.000224704965823988,0.00647406626231827,-0.010183938085734,-0.0132044640702383,0.00696762162937522,-0.000715742480921072,-0.0147716467061418,-0.00760146646315608,-0.0266073024084825,0.0108224787459701,-0.00102619648198893,-0.0117959575886648,0.00263831225109623,1
"GSM748143",0.000549204475170758,0.00671288595747061,-0.0100498171709611,-0.173372317476309,-0.0138540512617898,-9.60724081624553e-05,0.0423035387831574,-0.00346731047382638,-0.0146767263413145,0.000732081989732118,0.0177552323035335,0.00648319221397202,-0.016366766411961,0.000696189551600602,0.00445525323512032,0.00179676764219567,-0.00879597843316278,-0.000877753350462517,-0.0140055485431842,-0.00404923617972981,-0.00170882689679243,0.0099380502470931,-0.0155579824987064,-0.0257048067582116,0.00328955052765875,0.0253630774865344,0.00901432843410965,-0.00286297713960869,-0.00558091567171466,-0.0057095532107632,-0.013669974716109,3.36340296949597e-05,0.0153732843534717,-0.000433055380826265,-0.00316707393390892,0.0133207276522626,-0.0221230438078534,0.0882367176303605,-0.00159206137987882,0.0111698082874677,0.0226178942810525,0.0097731787506399,-0.000230699783472235,0.00622585933592456,-0.0103227030302021,-0.0131641583438865,0.00801979981050791,-0.000730618794053355,-0.027429069652982,-0.00738245238405483,-0.026681202269457,0.0102327397058777,-0.00111210859935421,-0.0132685124381112,0.0028941134263877,1
"GSM748146",0.000543803928361712,0.00722667648783358,-0.0112686717361834,-0.172901764846925,-0.0128548254723084,-0.000100880157412625,0.0414584355583363,-0.00370819888656565,-0.0181308519420869,0.0007005228780897,0.0158601125211246,0.0065961162436486,-0.0152948869732367,0.000705067664914853,0.00462458386389174,0.00171567192415505,-0.0109486932897895,-0.000842559512130638,-0.0161375614179571,-0.00450251526551924,-0.00156338929766331,0.0104896668740611,-0.0152995011276996,-0.0268413219671989,0.00294626040955643,0.0277374125569694,0.00980745087886245,-0.00404964959533187,-0.00618022870316846,-0.00572522189313829,-0.0141019720111451,3.57694018435331e-05,0.0126705859747182,-0.000436946493122469,-0.00282917672698031,0.0124816482469664,-0.0226492953535018,0.0865189447079957,-0.00152339528806572,0.0107674289520372,0.0214732129111651,0.0103666855642051,-0.000212844924637666,0.0062291687429532,-0.0104748017446087,-0.0131123626807704,0.00741823536028971,-0.0014024228202789,-0.0170454860433295,-0.00863678285663204,-0.0275434410047311,0.0105321973094614,-0.00107559214984866,-0.0128457846383108,0.0028044629116923,0
"GSM748147",0.0005355175834926,0.00689309822692973,-0.00925430456783943,-0.171552490218891,-0.0127809504425809,-9.50386955180685e-05,0.0342820149358185,-0.00365931847440457,-0.014720392203251,0.000718531119201814,0.0142851772541212,0.00627631924692667,-0.0152524923360202,0.00066131487151987,0.00455419318558353,0.00179665414260414,-0.00813583110741719,-0.00082883259843266,-0.0124580229111079,-0.00457665506952905,-0.00159760627490555,0.0106362469468118,-0.0153004664589107,-0.0232707056556909,0.00290145234370369,0.0242151735397493,0.0095305576509308,-0.00332469519673663,-0.00568844700997868,-0.00580228721030028,-0.0148653337917479,2.97003727874725e-05,0.0115142037645624,-0.000433871092823501,-0.00275748256597593,0.0131987270873368,-0.0177595197857061,0.0801749461484619,-0.00154498290773182,0.0108005441746681,0.0213573397922149,0.00928645402006784,-0.000231065257979283,0.00618025074825362,-0.0107256821614902,-0.0118182992924211,0.00645034670753063,-0.00100647809485555,-0.0150604805090802,-0.00731213191206309,-0.0243483551667312,0.0113068810789017,-0.000922044047669557,-0.0119173095466105,0.00289055651412951,1
"GSM748150",0.000541506465172873,0.00706180432531568,-0.00995272539006012,-0.175238532015107,-0.0135793028320806,-9.20274886633654e-05,0.0377289879268565,-0.00330243376610035,-0.0165558128331601,0.000978048006311199,0.0146241949843251,0.00620610735112006,-0.0158394499629329,0.000674368756728585,0.0043772115637211,0.00178380916600992,-0.00984667650041071,-0.000829121428080787,-0.0125577332291179,-0.00433659890507838,-0.00158426175838169,0.0108571049703952,-0.0147521869341759,-0.0232864823862213,0.00288973565603654,0.0234211915867816,0.00812271320295532,-0.00268002463793801,-0.00480670643139449,-0.00598348571450837,-0.0140330609869852,2.98805891761651e-05,0.011290547044657,-0.00043245843248656,-0.00262037420426479,0.0131497738553861,-0.0205657550452077,0.0818623784492147,-0.0015668616664495,0.0110958946208515,0.0219682617731004,0.00907684904785862,-0.000237594397063193,0.00618971158877801,-0.0110563821455472,-0.0123415486562497,0.00734655587074644,-0.000757259799008671,-0.0154586830315793,-0.00772617153068624,-0.0276056108299142,0.0109284088492955,-0.000993117346124027,-0.0120471832518092,0.00269183403182908,1
"GSM748152",0.000543002268097444,0.0067867227100006,-0.00919124306231208,-0.178114510822236,-0.0156801799708712,-9.51608943361379e-05,0.0382380334450293,-0.0033214609869178,-0.0171091286355908,0.000813999046027188,0.0149193788097305,0.00645473210285003,-0.0150509308669538,0.00065716988740347,0.00446434607162092,0.0017941399957138,-0.00952507707575118,-0.000838334480095096,-0.0131261327198917,-0.00465108185069722,-0.0016044902885891,0.0101074516893115,-0.0152660056774729,-0.0239352902809614,0.00346982797182878,0.0248158232896039,0.00845307019510802,-0.00248015836275199,-0.00522508067438588,-0.0059557824569064,-0.0133433306564871,3.09555536444352e-05,0.0138374570799931,-0.000452245964134722,-0.00299594102220271,0.0128146331887838,-0.0201745680167811,0.0848318304634164,-0.00156655841516903,0.0105929626699945,0.0224431591663036,0.00829827363651928,-0.000214963076961521,0.00600932432632422,-0.0110844014090863,-0.012359322197421,0.00752900984119365,-0.000873244144403567,-0.0156821881010967,-0.00752520135042129,-0.0258351559381059,0.0106573506781201,-0.000969755429617667,-0.0120187226621151,0.00293803063653406,1
"GSM748157",0.000547931576945533,0.00712562241360819,-0.00934116534724658,-0.174654792311615,-0.0138504766978765,-0.000100781202601602,0.0347101027913911,-0.00350904634983773,-0.0132242623101372,0.000747415979463199,0.0144730749135645,0.00633440765661462,-0.0144085911871253,0.000732293440306398,0.00463407725349844,0.00153929451959741,-0.00889023521865136,-0.000783414008382497,-0.0133774235977527,-0.00512338802950726,-0.00156794547944183,0.0110769547684875,-0.0160414516372921,-0.0236703122608256,0.00323895102867157,0.0240030783263822,0.00976771015481175,-0.00257698684426083,-0.00587943791897388,-0.0060382081990666,-0.0166955760116551,2.91125479635931e-05,0.0115832600501179,-0.000453549206193663,-0.00277941233292984,0.0132377743535525,-0.0202195144998777,0.0894597519744178,-0.0015687481198457,0.0109761647617007,0.0219052693107076,0.00931786298355198,-0.000243502455084293,0.00691939055054198,-0.0120291938922659,-0.0119155035139654,0.00573234363879907,-0.00154391784260778,-0.0160359218915162,-0.00743423147793952,-0.0242169474596301,0.011118821178357,-0.000955642211468535,-0.0125150668714809,0.00288717075507615,1
"GSM748161",0.000545022846114513,0.00688754557222586,-0.0093072166047791,-0.179603004489796,-0.0159036245682378,-9.15680656794743e-05,0.040982245575287,-0.00337500760741209,-0.0146711417598949,0.000644618799483654,0.0159051495832504,0.00638358587751767,-0.0148785243359048,0.000675227548875124,0.00452313373172583,0.00191554224883899,-0.00988768069901352,-0.000877415057225783,-0.013487215153494,-0.00484792103936476,-0.00164732240160076,0.0103249600694695,-0.0151901680025023,-0.022488698163374,0.00318962283196569,0.0235971737126055,0.00879818431576247,-0.00273041099057872,-0.00524082262176963,-0.00575305148055822,-0.0124649687447301,3.21628793769584e-05,0.0153878014356395,-0.000410872149800993,-0.00303020808088137,0.0124444974181304,-0.0216662651117921,0.0825314675468239,-0.00160447485205343,0.0112232862626077,0.0214300937803056,0.00872921453269607,-0.000227042365275874,0.00601695928975246,-0.00988646729341904,-0.0136226348000699,0.0077411945737046,-0.000636832912714098,-0.0163262318759477,-0.00728772691876487,-0.0260397546653141,0.0106484750397032,-0.000976554535083531,-0.0121219070290488,0.002725983081471,1
"GSM748162",0.000545613115854255,0.00688030856807134,-0.00877215264613748,-0.179376617294509,-0.0122338120502233,-9.48800004485971e-05,0.0378240780582683,-0.00358131240681229,-0.015604796344396,0.000631986632361091,0.0151479321907148,0.00622854841153918,-0.0149728853499419,0.000703246262399001,0.00443810295471735,0.00157506138542412,-0.0104726034967495,-0.000810973854583607,-0.0122585486606972,-0.00412412251960888,-0.00157523984962432,0.0107832458179624,-0.0150953868288508,-0.0229577357859985,0.00291640129473434,0.0222912601868445,0.0092759814162119,-0.00244195242044249,-0.00553883256321422,-0.00562203626421234,-0.0135291896856815,3.03628265803911e-05,0.0133812835598758,-0.000412762176155368,-0.00280032771052252,0.0131729651406273,-0.0197935379735409,0.0826662387395715,-0.00162216683303411,0.0113819096413149,0.021263876082706,0.00896704392990907,-0.000227656539510994,0.00625413036848252,-0.0113997249960306,-0.0129634148598814,0.00738861108056862,-0.000869530010768334,-0.0219080336876072,-0.00753233472687673,-0.0226585796052665,0.0111031857417843,-0.00107901675952617,-0.0126488944441101,0.00277181695688684,1
"GSM748164",0.000536945211767778,0.0069558500329792,-0.0106449051604116,-0.178207299163284,-0.0137986098630646,-9.39690732634372e-05,0.0372867726379054,-0.0034698968036702,-0.0152163426980719,0.000857252034506989,0.0142654966391731,0.00631815633292604,-0.0138376504268075,0.000645193235338705,0.00452995134972643,0.00199301461334982,-0.0109249425426912,-0.000842595513364515,-0.0128479309341869,-0.0043070137197662,-0.00156852595865424,0.0100533187198147,-0.0149031149631019,-0.0228878664571962,0.00314161924631598,0.0279488983745448,0.00907968527632678,-0.00350472201087624,-0.00518981430618675,-0.00573913773926341,-0.0138354056628907,3.01342406404575e-05,0.0109858610059579,-0.000431648736199838,-0.00294072936684561,0.0123757309684668,-0.0200843232955541,0.0872886199166122,-0.00160789613785214,0.0111704745265398,0.0211370949214957,0.00955710002810884,-0.000221253278352526,0.00648065374051256,-0.0104066771852475,-0.0126956195266819,0.00808019777986765,-0.000726633832608443,-0.0145883005366477,-0.0074180288126035,-0.0275890553619216,0.0110331541588356,-0.000983454874799497,-0.011587557499624,0.00265753247582091,1
"GSM748166",0.000542705334612046,0.00731352084111627,-0.00985019473195581,-0.169173409277435,-0.0169639787268381,-9.22659832505245e-05,0.040725924900072,-0.00344378390657469,-0.0163801641159536,0.000851550651395194,0.0157736410728156,0.00641256995418092,-0.0154954670765461,0.000651705957960649,0.00462596352508915,0.0019158163923317,-0.0113744187637879,-0.000933673824152446,-0.01455382119136,-0.00458349042780828,-0.00160904108388587,0.0103514568106866,-0.0151474494292347,-0.0236405371654976,0.00369426113845958,0.0284177313256718,0.00904809946624684,-0.0040745957050823,-0.00555416039671573,-0.00566623607272695,-0.0145756892636789,3.0123786739525e-05,0.012838205206581,-0.000465932070442213,-0.00264696118365656,0.0125278780977573,-0.0212542336637229,0.0817395739031369,-0.00161393005259973,0.0111882084406114,0.0215831860284048,0.00867933957099562,-0.00021430839675122,0.00559687121707018,-0.00945426930432329,-0.0130448117852635,0.0103766371100122,-0.000703342065315434,-0.0160316579211287,-0.00762877450038668,-0.0307562626907127,0.0112445939127967,-0.000966199330424872,-0.0123671166378558,0.00267878167601475,1
"GSM748167",0.000546566993186924,0.0074986781808931,-0.0106171602629703,-0.183505451523531,-0.0206604062477823,-9.53157004070839e-05,0.0373956603149708,-0.00345077095890458,-0.0167123235082672,0.000934253145396245,0.0144779039825408,0.00614527930789537,-0.0146924652054076,0.00065324283957254,0.00452423821953905,0.00205682875879518,-0.00913190204121114,-0.000817823529030001,-0.0120803172160372,-0.00436124244266444,-0.00162954327871655,0.0102713736868177,-0.0150188444011219,-0.0238539414447188,0.00284340187710068,0.025329256186556,0.0084825201629328,-0.00246301674719739,-0.00501911077909318,-0.00583052613764446,-0.0138901578813333,3.0553119708622e-05,0.011953844651402,-0.000442831466469114,-0.00278081918677051,0.0129141674695184,-0.0219377257038181,0.0901118799522886,-0.00160182902604162,0.0111127101852061,0.0211587773887383,0.00935148560201745,-0.000213865625659041,0.00639336653124041,-0.0111380019311454,-0.0123081527629173,0.00605075888633509,-0.000685039616237881,-0.0150362971055121,-0.00770821272093757,-0.026501535249431,0.0115648932713313,-0.000965949445854315,-0.0117935207376281,0.002519964161392,1
"GSM748169",0.000553618695148338,0.00735972927470726,-0.0103129316228631,-0.174112236590704,-0.013357469350642,-9.05650182449695e-05,0.0388693292174628,-0.00322382883307714,-0.0159050357461232,0.000665303577648792,0.0155052448329434,0.00628064913009056,-0.0163324309330838,0.000683536707764435,0.00467318756933068,0.00198033939176371,-0.0100257289227226,-0.000912769784187669,-0.0140906912244041,-0.00492343977852862,-0.00156084897384831,0.0101390720266131,-0.0148311801036501,-0.0225284353901109,0.00340410159650576,0.0248071605551457,0.00875261339269902,-0.00301909182292387,-0.00539978506255695,-0.00574779751472796,-0.0138866783895037,3.27594785677173e-05,0.0117113648457638,-0.000441766147499608,-0.002779032732077,0.0123813570685599,-0.0202481106145536,0.0874621143490052,-0.00156826142047874,0.0106995809996752,0.0208853322778625,0.00919636702273279,-0.000218377166056143,0.00679060181908392,-0.0101400642353484,-0.0130925386982788,0.00730888805492191,-0.00090843126866306,-0.0165322864674615,-0.00817100798078199,-0.0284177624429937,0.0119275440425688,-0.00100603671708682,-0.012476964742327,0.00270458183011761,1
"GSM748170",0.000547524036599821,0.00739387275058009,-0.0100678352018691,-0.178321150454109,-0.0130763213966573,-9.31908125252908e-05,0.0424599197039154,-0.00346422080476762,-0.0175563437838608,0.000748093099685773,0.0156066087367856,0.00686205317444414,-0.0162622133848686,0.000788194952078719,0.0045008439022101,0.00172849252846702,-0.0100477774525004,-0.000971973583380605,-0.0130693727533709,-0.00440110729232944,-0.00158562086270804,0.010184847676802,-0.0154185515068894,-0.0232191611786992,0.00345815655975573,0.0250006022806223,0.0101063287900813,-0.00279749051250196,-0.00646961068115767,-0.00586910761371772,-0.0136607737940327,3.49213937411224e-05,0.0138556769671929,-0.000436507307411893,-0.00276382511354499,0.0123577109004717,-0.0234122251691327,0.0884577006535414,-0.00160853612092977,0.0107354368411743,0.0216157982306102,0.00815501796845159,-0.000219190210057697,0.00639148167977109,-0.0101294312494006,-0.0131598646895431,0.00812510982446557,-0.000720716721990843,-0.018227984479247,-0.00789228095844911,-0.0303035834468868,0.011033164245653,-0.00106920120087785,-0.0121684338897955,0.00282821052848918,0
"GSM748171",0.000547239905076856,0.00679350123057854,-0.00887435631646233,-0.175783629945378,-0.0131075380570389,-9.7870348990381e-05,0.0395649761318371,-0.00343593668599181,-0.0132585481007338,0.000805269387552949,0.0146937631259654,0.00625509035123828,-0.0145640493512639,0.000690789148827964,0.00455161404771063,0.00180113444632602,-0.0107065141624849,-0.00084576338219389,-0.012872026727928,-0.00408193663304264,-0.0015879987441347,0.00952602409181529,-0.01564267618515,-0.0234318875745419,0.00344449269615328,0.0293577541502732,0.00973990937973162,-0.00253591949601772,-0.00598747541735307,-0.00607224235798937,-0.0137438092179814,3.0116102820256e-05,0.0119642333850574,-0.000436583216631275,-0.00275597518913894,0.0133381397390319,-0.0207467222265908,0.0901663483749946,-0.00163399503703352,0.0107078816235275,0.0221418117011443,0.00942231795725636,-0.000223341245787046,0.00705955008031873,-0.010917986090559,-0.012276898006194,0.00721086927222072,-0.000937633343933797,-0.025020023241554,-0.00787197128706951,-0.0243366884946536,0.0110568476444033,-0.00104382427040496,-0.0122364358838039,0.00280258161009005,0
"GSM748173",0.00055765021388489,0.00711636073687653,-0.0103396181530303,-0.180773862643433,-0.0142829671970866,-9.69100717088388e-05,0.040423518199,-0.00347007603915667,-0.0168540857872047,0.000659981260181331,0.0159517019519308,0.00635796169434954,-0.017188360877434,0.000670418140865557,0.00449457461563087,0.00181656418753622,-0.0110637736932277,-0.000916970712366498,-0.0167976283536552,-0.00433080786412363,-0.00155784864572885,0.0102790949569814,-0.0153917530400034,-0.0243220126847315,0.00335911242018203,0.0288072928656366,0.00934833307519044,-0.0035995636438652,-0.00582353108978215,-0.00587875613373762,-0.0134393349436893,3.5004950633344e-05,0.0117622267107389,-0.000450534747148728,-0.00321654234568007,0.0124894393896636,-0.0211969349154822,0.081282186190419,-0.00167456437436847,0.0109112526624427,0.0217435056777281,0.0101519839137089,-0.00023615184354408,0.00645991292608585,-0.00972298790911142,-0.0130537643377541,0.00971519758061222,-0.00193096561700991,-0.0161170269686763,-0.00800650485142033,-0.0319414016880425,0.011059805440198,-0.00109160554244709,-0.0128298269374816,0.00286855557014938,0
"GSM748175",0.000547428018487662,0.00671900878438189,-0.00986363995525702,-0.170436203270209,-0.0141945620046873,-9.15291366975429e-05,0.0441636394445716,-0.00368686217953388,-0.0159370802943076,0.00071754472630264,0.0161262248734964,0.00635587943459568,-0.0156929802463574,0.000656970430056911,0.00445660959849712,0.00188407979330165,-0.0108326742958519,-0.000955770019528888,-0.0165531825183086,-0.00405752191300957,-0.00160290116875394,0.00998925732720718,-0.0151448911546508,-0.0245981184862558,0.0031928825652495,0.0271608886322755,0.00777162446920731,-0.00330885998778376,-0.00465538629267473,-0.00578769981479273,-0.0134541954634278,3.55839835765408e-05,0.01326772127274,-0.000437875785544884,-0.00263396705368962,0.0117707554399287,-0.022564073056894,0.0815889044754799,-0.00159828726688959,0.0105520240874997,0.0220058058197747,0.00960804067478348,-0.000219230933374105,0.00558914290711177,-0.00901466548585692,-0.0138304481341019,0.00917380503319961,-0.00145526871682847,-0.0218448013813402,-0.00851037689535115,-0.0287972145080933,0.0118490182355298,-0.000971413540633343,-0.0128917090621602,0.00266201368635015,1
"GSM748179",0.000558345063978983,0.00747479921688945,-0.0105285670538961,-0.18787456945271,-0.0136688145202673,-0.000101160986163009,0.0412524156372615,-0.00340616666675536,-0.0168690692838799,0.000557338083103268,0.0159916491818317,0.00668313734633927,-0.0149350186747693,0.000694478217548834,0.00456970218836469,0.00154223005350851,-0.0114180757228805,-0.000891764840933087,-0.0187672427464789,-0.00433059767270511,-0.00167309628531847,0.0100486399151107,-0.0159940245797189,-0.0239161178449705,0.003113076902033,0.0340192409137998,0.0103828572783812,-0.002838517328578,-0.00644461982977838,-0.00587115587713313,-0.0138610349842889,3.14127781962043e-05,0.0146675549920905,-0.000483102099232791,-0.00289553048522962,0.0114160631026552,-0.0218616196319898,0.0821267841746014,-0.00164950965107878,0.010016557787071,0.0240935987861077,0.0108126178967377,-0.000216091589757246,0.0062932259675873,-0.00996873154106179,-0.0121366247464735,0.0067845364941841,-0.00185723156351754,-0.0290246318049855,-0.00754056608360642,-0.0240188250670946,0.0110461856804432,-0.00114443652282728,-0.0134740977946372,0.00299502200810065,0
"GSM748180",0.000541216064645318,0.00645293565753683,-0.00945353792676547,-0.180692793735395,-0.0144468887066867,-9.32649680026207e-05,0.0373626467066062,-0.00336383393123495,-0.0166338772327595,0.000741671017985407,0.0136854188003733,0.00651250037575935,-0.0141734490959731,0.000666985068382182,0.00471059947099054,0.0020499569552742,-0.0106342439653686,-0.000811882208571927,-0.0115721206806274,-0.00419376655101343,-0.00157103214016915,0.0106550816439877,-0.0149604766419774,-0.0234011846343456,0.00293290453233068,0.0213297948006523,0.00923413749699641,-0.00260796164204426,-0.00532440790859469,-0.00612464754378706,-0.0129868922145736,3.1495810004566e-05,0.011357020733194,-0.000414421672234221,-0.00302856925561088,0.0135742314184688,-0.0214448951394634,0.0839085211754037,-0.00163132354011435,0.0111569534454238,0.0220241675018006,0.0086763928180693,-0.000205200919393607,0.00602903168458904,-0.0108833767718872,-0.0117464244495872,0.00704685412630676,-0.000684853374206367,-0.0155262248684559,-0.00732250362658423,-0.0235388742529359,0.0107177516682244,-0.000969203865442913,-0.0120140889252767,0.00266694648800776,1
"GSM748185",0.000537601358175243,0.00754091425850511,-0.00965694497345941,-0.174990628888532,-0.0200025719190835,-0.000101902884208771,0.0426028482971511,-0.00340335408312094,-0.0163012951724044,0.000719206463882527,0.0165548404201637,0.00647680061060109,-0.0172599901841315,0.000695741654342752,0.00484206957482371,0.00146412630836385,-0.00949701066936091,-0.000997483688250472,-0.0161989255547867,-0.00582318889707562,-0.00169222265928566,0.00956035602785177,-0.0165446569461866,-0.0243496929250115,0.00453646313531583,0.0267620630540692,0.00922681087394998,-0.00354013514686659,-0.00599029372177973,-0.0056935675921906,-0.0177649186328918,3.14943825436607e-05,0.0150950931290651,-0.000465145806257993,-0.00270389368714469,0.0116578730114499,-0.0214086411663962,0.0795081331153515,-0.00155461669009291,0.0104383203747827,0.0226146300533272,0.00993292282020865,-0.000231672587832112,0.00654262100352198,-0.0109285744225517,-0.0123193140528158,0.00761759318124695,-0.000650930197610019,-0.0184546799567399,-0.00812135778721755,-0.0287935597320589,0.0102409087094212,-0.00113880557773402,-0.0131884610724115,0.00276518593959728,1
"GSM748186",0.000557237934861375,0.00876598866936069,-0.0115832688681894,-0.190232533629368,-0.0146670528622726,-9.35070132333104e-05,0.0414239300860434,-0.00317525060346305,-0.0186979226028128,0.000700961147850217,0.0148995108876735,0.00656494737204035,-0.0152813886447252,0.000703495179974041,0.0048860992316078,0.00163417147967484,-0.0115959519173451,-0.000855153679046688,-0.018529619365016,-0.00486902525934139,-0.00168354143104649,0.0104025922607244,-0.0154795927183491,-0.0251064406610526,0.00334208191604717,0.0298243550194702,0.0100838759152202,-0.00406216966075528,-0.00638740127858575,-0.00584062062641267,-0.0124384537043756,3.28864714513254e-05,0.0162613990033409,-0.000436956712965278,-0.00287887835396243,0.0121389949255118,-0.0238200613486421,0.0848978738356251,-0.00175149659842081,0.010471614950902,0.0236556310956873,0.0114282064666125,-0.000219550999485782,0.00638217875410856,-0.0102262530544603,-0.013382887444803,0.00695625185525148,-0.00170362386909799,-0.0243706855637661,-0.00826016045443909,-0.0260166874822252,0.010844238005076,-0.00122317255600289,-0.0129277784017269,0.00283458862213911,0
"GSM748187",0.000534584419805509,0.00671330762892276,-0.00902879076406227,-0.171262815379717,-0.0123743567087397,-9.70646824114755e-05,0.0412602651319031,-0.00323127463301951,-0.0179285673189729,0.000695830251434984,0.0148121711416006,0.00645227960351126,-0.0146289092450533,0.000693511655570046,0.00450079445648501,0.00182615092105186,-0.0107643108133802,-0.00091111270035508,-0.014613257916052,-0.00394537061397323,-0.0015204568849973,0.00935023122017385,-0.014623201174238,-0.0234412405815605,0.00337750199096652,0.0293967865276423,0.00800688080284043,-0.00572613434112922,-0.00492908229944696,-0.00556081619971051,-0.0132773241634218,3.35333943308802e-05,0.011903948433072,-0.000459038351665658,-0.00256158314404477,0.012347817077147,-0.0220000084212755,0.0820565092960508,-0.00158354882322494,0.0108963324628924,0.0205102677735353,0.00854515037046623,-0.000200749124955711,0.0053150473933232,-0.0093111635607988,-0.0133937864356671,0.00906571927955181,-0.0011821136846392,-0.0149593559047669,-0.00777273135008726,-0.026665696360316,0.010743484467869,-0.000993929020841595,-0.0122569355193428,0.00267468160839783,1
"GSM748188",0.00053013334796079,0.00681064643089059,-0.010260910328509,-0.173011293520928,-0.0130546391067118,-9.44850853366663e-05,0.0375239996594105,-0.00358306856573276,-0.0143841642762549,0.000855479950512858,0.0153844113922397,0.00652410893024677,-0.0161247720974522,0.000630788852637175,0.00433587382933822,0.00168080264216863,-0.00971213181143216,-0.000857799077178108,-0.0122770763611919,-0.00461764139966965,-0.00163153016809615,0.00975634357305595,-0.0158394147411523,-0.0231024704114541,0.00317552188419142,0.0237967818741735,0.00909802211364989,-0.00252957894732494,-0.00532066986814087,-0.00589434693594618,-0.0150670217372774,3.21297712752668e-05,0.0123787297717853,-0.000420975208120748,-0.00307946892719885,0.0126277276061847,-0.0217544610291978,0.083762246736836,-0.00167531258192239,0.0116066953971493,0.0213900883618382,0.00758209833654045,-0.000229407817805284,0.00649827233450118,-0.0110904835864077,-0.0128975285086702,0.00855538420778649,-0.000851476982695079,-0.0151607467491894,-0.00743808375849294,-0.0256848184065329,0.0108155340636266,-0.000972755970234734,-0.0121693857410299,0.00290307161330397,1
"GSM748189",0.000531978363370429,0.00658232287297422,-0.00922062192487953,-0.172698965415911,-0.0132350540456199,-0.000100934902764416,0.0394386531160389,-0.00345184309068582,-0.0209117018953715,0.000752435358253094,0.0162796810735322,0.00654638095945567,-0.0147475458740238,0.000711669304543048,0.00459924406280398,0.00176693685663345,-0.0115868758706512,-0.00100415455733975,-0.0159459039754787,-0.00415232733224564,-0.00158724056514381,0.0100621091115052,-0.0161422966579187,-0.0230248046702681,0.00418045825930359,0.0316831367459436,0.0106290888930729,-0.00588134721182346,-0.00664326656903954,-0.00565267112948255,-0.0155382738524583,3.16874192026036e-05,0.0142098366088675,-0.000458809778471691,-0.00269619252614407,0.0114833988514631,-0.0216938752811815,0.0832048526659986,-0.00158857333653556,0.0103221889564509,0.0217069311065738,0.00928686447030267,-0.000240618219482706,0.00619087002000323,-0.0101995504402014,-0.0126735603659378,0.00775151894905211,-0.00070664409268617,-0.0177099200009976,-0.00903488167010272,-0.0262380739755542,0.0105704485657923,-0.00102176484580755,-0.012125333050991,0.00285584155343696,0
"GSM748239",0.000545875115392046,0.00741144995669704,-0.0102339198589961,-0.180887523126612,-0.0132561034862936,-9.91571523533463e-05,0.0426351743851099,-0.00346774164714459,-0.0178865729648039,0.000597155535389025,0.0158185131314501,0.00634212141712801,-0.0153349698970006,0.00070987716818693,0.00437856580876537,0.00171293526104643,-0.0100347479633033,-0.00107493217712908,-0.0163195569270035,-0.00409916635977242,-0.00160924770820155,0.0100363123391243,-0.0161129157246716,-0.0241084163293472,0.00251624155398865,0.0241118089044343,0.00898437299313455,-0.00269266341831358,-0.00507106101527743,-0.00550139617203481,-0.0137867919793351,3.73226587980012e-05,0.0136252399534732,-0.000416737029022405,-0.0025863728039707,0.0114020596767947,-0.019918179896936,0.0775638716981266,-0.00171578113219689,0.00946456042088942,0.0222787208321727,0.00951447896316241,-0.000256722470298546,0.00391375495237848,-0.00950306034142093,-0.0137253061841501,0.00772357265916478,-0.000674456899317274,-0.030027106585997,-0.00705385299436259,-0.0296106236288121,0.0108494948708211,-0.000975055056914797,-0.012245096967152,0.00295915314571424,0
"GSM748240",0.000551143160921892,0.00665835567660676,-0.0096251320006304,-0.176521916279316,-0.0128718177345809,-9.57105068531612e-05,0.0399002872623194,-0.00317698937387764,-0.0137258570474432,0.000711281128667564,0.0165789233283182,0.00653326824403527,-0.0163204255365591,0.000589639593708538,0.00439593441755445,0.00157685147030301,-0.0110714003187453,-0.00087970197559677,-0.0125541605427647,-0.00516257172205095,-0.00179670462094852,0.0100544373625208,-0.0166749459765866,-0.0245435013134501,0.00306648158135005,0.0238700253864407,0.00944416239114244,-0.00254732944384298,-0.00547486902949593,-0.00585239673705613,-0.0133340975248358,3.13994885215469e-05,0.0146707636773404,-0.000462439441696842,-0.00287207728184553,0.0117422124349389,-0.0194651987794281,0.0806331715570313,-0.00165174580923126,0.0108638213911786,0.0222956371175165,0.00833468733004948,-0.000252014853961954,0.00641518800515426,-0.0112353133960858,-0.01340098713226,0.00859354005094684,-0.000743859307445404,-0.0142570671699456,-0.00759863213574343,-0.0263735787783259,0.0105822056872502,-0.000966164793763597,-0.0129586650773878,0.00297183766641706,0
"GSM748242",0.000545855605824674,0.00691956744918531,-0.00947798135825935,-0.175861799471381,-0.0135559720641061,-9.06847259178844e-05,0.0427668382985547,-0.00338398700137535,-0.0153657668753423,0.000820584937939641,0.015791491944773,0.00638422423125956,-0.0152682903108787,0.000676093316170467,0.00467629150673732,0.00162997881442415,-0.00969142076702361,-0.000869086730470743,-0.0151069467809678,-0.00415451084234835,-0.00166148649401754,0.00936172886035944,-0.0151413250344466,-0.0228617279081336,0.00296628062525259,0.0229232804839985,0.00943974903082711,-0.00267170422808291,-0.00547487415022418,-0.00552428637849394,-0.0136077854694563,3.53788111303217e-05,0.0145277583370828,-0.000464351401077109,-0.00277430921565569,0.0116400279955007,-0.0208306549523,0.0760662967010273,-0.00166742317130014,0.0121565945941644,0.0218459416186869,0.00879761799797238,-0.000220718031467359,0.00632632906725104,-0.00933676863389382,-0.0130594552375,0.00848587790908768,-0.000727200589178015,-0.0145817252629989,-0.00783007221596464,-0.0265402843389534,0.0103834015971391,-0.00101335128296994,-0.0120521228710445,0.00287728326466976,0
"GSM748243",0.000534426196871473,0.00688477479915853,-0.00940817330665846,-0.170471594071936,-0.014437233286678,-9.87959429851768e-05,0.0388253437620439,-0.00336441536494349,-0.0155566357516824,0.000840661493809457,0.0160826389589987,0.00618629762778265,-0.0160609002683659,0.000642053245819837,0.00449293150647662,0.00169264055544034,-0.0103801142581065,-0.000961981670947935,-0.0109296944019733,-0.00410285924868398,-0.00158119079580271,0.0101338146772229,-0.0156329790286442,-0.0234312622294042,0.00313680834531127,0.0252509400704224,0.0096550631402841,-0.002862246842484,-0.00546424136475591,-0.00571435795456696,-0.0140497875819368,3.33521785578857e-05,0.0119396902295997,-0.000417605379831443,-0.00236360984384678,0.0124892332838333,-0.0215440497200397,0.0825791130049019,-0.00154024465843584,0.0108380932194947,0.0208212124524362,0.00863329076337356,-0.000219172984501064,0.00563942422573882,-0.00939569982803639,-0.013087334142294,0.00856895876247376,-0.000664985441305474,-0.0154684528360231,-0.00785233939273229,-0.0291810903331968,0.0101509530424464,-0.00101372560546868,-0.0125161992418037,0.00275924780473164,1
"GSM748264",0.000541908432240247,0.00652462807231757,-0.00914602007777587,-0.178999189820792,-0.0143044663557671,-9.5157651389077e-05,0.037359479807459,-0.00325801627560006,-0.0176401961233241,0.000798747535005764,0.0152054405021782,0.0063594827749975,-0.0150876499098393,0.000660019245604693,0.00446175583624951,0.00161659034366448,-0.00791672264546895,-0.000810180802601187,-0.0124626788312512,-0.00404438105010507,-0.00162877612159049,0.0088401863256462,-0.0151937092296149,-0.022624739813548,0.00294233049876151,0.0229925549549061,0.00959697223333683,-0.0025562291057122,-0.00535941947398437,-0.00615587088863369,-0.0149854257313176,2.91085314482653e-05,0.011358424670621,-0.000454991010599934,-0.00261744411395339,0.0128122943552305,-0.0205244920727424,0.0756340731498448,-0.00164407430104039,0.0108530875158715,0.021108922219069,0.00882381800497479,-0.000229671275776056,0.00553773720357914,-0.00989302264979003,-0.0126691346952753,0.0073017608561688,-0.000704637553345869,-0.0142840519782747,-0.00750821882972667,-0.0255692108252521,0.0105312166131492,-0.00102357702079635,-0.0126016124749987,0.00280612216602071,0
"GSM748271",0.000536702296317132,0.00704383529860648,-0.00975682110209365,-0.172817369398753,-0.0190202286972068,-9.58568967731017e-05,0.0404070795617074,-0.00328531592401476,-0.0168688779019827,0.000643316746787383,0.0151852738327356,0.00645755466232858,-0.0135323647565275,0.000643160679048477,0.00487439248033826,0.00174150084723621,-0.0105914274911542,-0.000843184766920926,-0.0113959374926948,-0.00476625667035675,-0.00154918109584089,0.0102447673550995,-0.0149508424564075,-0.024639551642735,0.00280548758444856,0.0244013700837037,0.00974369824240616,-0.00250577540950334,-0.00564672471607396,-0.00551814622607873,-0.0141888028637511,2.95991086628807e-05,0.0147519293686413,-0.000485433909005641,-0.00336658705798848,0.0116976403037122,-0.0211359057800485,0.0711170135034613,-0.00171013114919265,0.010441182696261,0.0204215457869645,0.00841388948475136,-0.000206118109793432,0.00613877160285261,-0.0106427241168721,-0.011300201995909,0.00657515941081207,-0.00132575425440215,-0.0201409166988519,-0.00736880150993976,-0.0262573810477707,0.0106284864064343,-0.000956009688401286,-0.0120091139192426,0.00286450300548173,0
"GSM748276",0.000536735910611691,0.00682178920223781,-0.00962447112502461,-0.172615585920643,-0.0134587769119571,-9.32579277218934e-05,0.0401685202462736,-0.00347069761040336,-0.0204536810474367,0.000787607687127998,0.0163722338721365,0.00639695676589518,-0.0147174574679243,0.000622267816786093,0.00456515613812584,0.00180471896782987,-0.0113314537695084,-0.000881534128767683,-0.0122652746963975,-0.00375788567602451,-0.00169130563183279,0.00998661524742748,-0.0158469084594574,-0.0233607758518871,0.00323948035562734,0.027363441282182,0.00912575061199943,-0.00418562167004104,-0.0054970487573404,-0.00559091168757837,-0.01314884408582,3.52250052475823e-05,0.0140331965344589,-0.000446067689979851,-0.00263537430808976,0.0122317529285365,-0.0231855483383205,0.0734427059917373,-0.0016739689070659,0.0108121404836523,0.021358655311357,0.00990637020236682,-0.000233854827622703,0.00680176951340273,-0.00909826476711733,-0.0132639213709391,0.00913992842687275,-0.00173962348251327,-0.0191314928145629,-0.00739922656551375,-0.0283333405530112,0.0103104975570677,-0.00110029178556478,-0.0126970769853985,0.002791709436339,1
"GSM748277",0.000531253230631512,0.00690983843792267,-0.00952033820441639,-0.181424660187395,-0.0134083490656776,-9.86334380064124e-05,0.0380850975244225,-0.00333623385239844,-0.0130527533806579,0.000703674939280903,0.0155350715672836,0.00646867497264688,-0.0169997537320176,0.000718770069864412,0.00474391333638531,0.00140560519538977,-0.00877049322111202,-0.001009138171037,-0.0120165661641697,-0.00487013337878679,-0.00155433711924356,0.00991342795943221,-0.0164991355977559,-0.0237958111843981,0.00390745808204701,0.0346244794023619,0.00994876384560634,-0.00397525886816633,-0.00579026559576623,-0.00599317987759031,-0.0167244010865683,3.16585697929144e-05,0.0146098660368817,-0.00044585511715988,-0.00283021096558416,0.0118907812004207,-0.0197756931992796,0.0838469727838316,-0.00173077044113392,0.010309892353397,0.0217244466555702,0.00945462114091665,-0.000232945143087553,0.006232179472748,-0.0104267691978278,-0.0124193559372825,0.00706753159219454,-0.000703248083226878,-0.0168836830740552,-0.00812666050237359,-0.0225372664258496,0.0108145813110057,-0.00107864084648443,-0.0122568354593086,0.00280869802308219,1
"GSM748278",0.000542840730726527,0.00688535565173097,-0.00981516023148541,-0.17190701716957,-0.0137768650797621,-9.24310363205272e-05,0.0405587318409146,-0.00389783499456833,-0.0142230917039109,0.000751890001671675,0.0160119244350089,0.00635411575269389,-0.0145500514226188,0.000641415734970939,0.00457597866011284,0.00173192090837497,-0.0120046039752315,-0.00093857213460405,-0.0132489894520249,-0.00425693764302423,-0.00163336921810418,0.00933810961782809,-0.0156724766542622,-0.0229111351930824,0.00307703391765987,0.0238181656798969,0.00975752767032896,-0.00295443513422401,-0.00572708480394796,-0.005864978165175,-0.0145574244257129,3.32359806465284e-05,0.014297187772854,-0.000436035282738563,-0.00293778106192249,0.0116263560600242,-0.0205471754109128,0.0841930036117863,-0.00161567131529548,0.0107171044355931,0.0219546916802019,0.00796916663102562,-0.000218926585936725,0.0060603779062627,-0.00973602757719132,-0.0133240037073988,0.00847583038415272,-0.00115678374912363,-0.0189492122916591,-0.00782716026722158,-0.0316340112982599,0.0107383348472567,-0.00102411107889558,-0.01249435546301,0.00288421183249003,0
"GSM748279",0.000547069169448242,0.00674860554962052,-0.00926770637747968,-0.169910855848342,-0.013842924862271,-9.99026817838388e-05,0.0408828664524924,-0.00336456322477509,-0.0129497770349071,0.000734833797252771,0.0161145612458238,0.00675520918583734,-0.0140764505325225,0.000649193056828303,0.00484084481477717,0.00183057248314604,-0.0090370488730809,-0.000820591927086932,-0.0127045240208916,-0.00448349407213753,-0.00173782705049255,0.00949931628046052,-0.0166611059486654,-0.0231951281357378,0.00289873429439492,0.0227437904988577,0.00991469335626084,-0.00247535074695422,-0.00565583618072913,-0.00587289374850527,-0.0139545152152787,3.07257766551264e-05,0.0151415096311297,-0.000438411525267683,-0.0026327360598625,0.012032547043726,-0.0204987955670949,0.0765381281926707,-0.00170208153996796,0.0112589076264115,0.0216455140246246,0.00784770052603519,-0.000229337160524218,0.00625055251011876,-0.00981991912992272,-0.0126934678322287,0.0069009671821839,-0.000864774045537493,-0.0148694041777669,-0.00751153846519702,-0.0239017461089871,0.00987034244244739,-0.000993226954432684,-0.0127367516555797,0.00298615342923099,1
