,ANP32B,ANXA10,DDIT4,ERO1A,KRT18,KRT6A,LPL,ORMDL3,PGC,SHC1,STC1,TNS4,YWHAG,class
TCGA-50-6594,-0.12544690596821967,-1.494698770799302e-05,-0.011482317887124437,-0.16496941105756094,0.007561803444266487,-0.0,0.0003030999485735706,0.021111041216429195,-6.7753344542788e-08,-0.0379045540046893,-0.0011895485322849318,-0.0024350166761140115,-0.18115560347771342,0
TCGA-78-7161,-0.0941666187294129,-6.498042432255554e-05,-0.003381486462699912,-0.08639410513801093,0.011226534549681247,-2.277172342054151e-05,0.00647813930704111,0.013616334312005126,-0.0984499691070211,-0.08328286444881455,-0.0006046753454913255,-0.003939144813107079,-0.0533228476024115,0
TCGA-38-4632,-0.09699975451630757,-4.739708142066805e-05,-0.01243602272792788,-0.04660830166170131,0.006053146849820249,-0.0001517422342624143,0.0004628479776778715,0.007923250199592212,-1.1971821089533444e-05,-0.011614654439961281,-0.0008442058102709192,-0.013060322745018142,-0.07186283740997758,1
TCGA-64-1677,-0.22874300508419462,-2.1549338106615706e-05,-0.010011320660869278,-0.09890494922167534,0.02040937371622737,-0.0005886519530289748,0.0005067264067449249,0.0062295015126569405,-1.1528271698609507e-05,-0.003849702629680855,-0.0005520214017501372,-0.0002626652815334726,-0.053911077530746795,0
TCGA-MP-A4TA,-0.12188398432256199,-0.0002909963013365175,-0.009582034878030865,-0.09951876541369979,0.025986269631845218,-0.0007384998536645629,7.247808263487936e-05,0.01047176626864228,-4.96078295271662e-06,-0.026477874355513003,-0.0005579157527329594,-0.004988171886529908,-0.12628481666059185,1
TCGA-86-8359,-0.12672538651154466,-0.00022090364042058396,-0.016968315944956357,-0.0900992334243204,0.018495926241379104,-0.0003297668199086335,0.0008879064847902267,0.030201301531690365,-0.00011843961013106082,-0.014696314247316378,-0.0013796808729913713,-0.015349109087031586,-0.06439080477022993,0
TCGA-MP-A4TC,-0.2063515351881328,-8.053491996653295e-05,-0.007974923408722173,-0.09258611378075614,0.01250752664536596,-0.0011512476525586367,0.00011861680690326094,0.011997480589236052,-4.295630829134122e-07,-0.015450058400077562,-0.0008898211612037565,-0.014340550893516761,-0.0935449505933474,0
TCGA-L9-A50W,-0.1574242693582395,-7.515904785376551e-05,-0.005525439248339905,-0.06550467458877293,0.009227118407579149,-1.197707712444958e-06,0.0006095160218529445,0.02617795457042616,-0.00032540269076801465,-0.011746060531109458,-0.0004979145720067973,-0.005971141509931083,-0.08392813668438909,0
TCGA-78-7158,-0.2355528981835891,-2.588213055571184e-05,-0.0016172136576450826,-0.02185311377070792,0.006601584869472122,-1.4421378578418884e-06,0.000823992922067863,0.009306735210655667,-9.022097265926877e-05,-0.017590328726318855,-0.00030768813246602147,-0.013697255631542725,-0.05929485050241931,0
TCGA-49-4507,-0.19761913968707912,-0.0001118731595322177,-0.014423334372895702,-0.0693512074661499,0.06945683486837388,-0.03922950759242176,4.5749194936633416e-05,0.008002242431616388,-1.0144658982388003e-06,-0.02178308411369819,-0.0015691432299973368,-0.0818990000150578,-0.07600794781540716,0
TCGA-86-A4D0,-0.20700317103798227,-5.403381906095023e-05,-0.004530930305934693,-0.04761699381873008,0.015709251600403415,-0.0,0.001095274474700741,0.015949705165041024,-9.774904562499926e-05,-0.010021720052605447,-0.00018180271189099532,-0.000145534992521392,-0.0873226170680798,0
TCGA-75-7027,-0.17569364607175655,-8.87763955509248e-05,-0.04313856022739777,-0.08426474515228975,0.025960433639278545,-0.0069934642189951905,0.0002229491631804411,0.009038541971921797,-2.854353252836439e-06,-0.031229134458234917,-0.004227130419772958,-0.008264099901419578,-0.1271551841843522,1
TCGA-53-7624,-0.2921081652732179,-1.560034529952339e-05,-0.0027928129091987957,-0.13372728755134453,0.1541358534527913,-0.002742222081309533,0.00019944414324100566,0.009593033734905353,-3.2064184323472715e-06,-0.02019495987785486,-0.002507060187407034,-0.028030192534767514,-0.10508208771015667,1
TCGA-55-6979,-0.18858230634927586,-1.7078996690881596e-05,-0.004151011035615506,-0.04860782817946424,0.008119408466602767,-0.00037695100410069346,0.0004399682548236107,0.016164231925529463,-2.6216875798252917e-05,-0.009161493641704387,-0.001465758722688793,-0.008077783125279556,-0.06394235905776322,0
TCGA-75-7025,-0.10731927132075232,-2.6512563319469216e-05,-0.005017968145884638,-0.03047842938100506,0.008809583754799332,-0.00010147823023835305,0.0008012874623357,0.017305576136880527,-3.119416718009672e-05,-0.013774115952887748,-0.00017138032499991305,-0.0038537916342633103,-0.028957659079093073,1
TCGA-62-8394,-0.2066698000334743,-6.481995052814457e-05,-0.011323668793466761,-0.09776168581399788,0.01319178773828226,-0.00027536278029691174,0.0004637192932883608,0.020900673569351307,-8.722331707025891e-05,-0.02344387128899928,-0.001040424463582227,-0.004424562769529362,-0.07786621305530197,0
TCGA-MP-A4SV,-0.18308098428767502,-4.5047286573936027e-05,-0.008852596537514973,-0.09246657587902896,0.013120717569329985,-0.0002870893165223295,0.00037961170994642106,0.018659514435202113,-5.028949007987587e-05,-0.01420322429791957,-0.0006320468144230518,-0.0019049230232297152,-0.10976755475435539,1
TCGA-75-6214,-0.22293225040741005,-0.0001138676195484683,-0.00337917679657151,-0.09347235247747901,0.007693188987569035,-0.08228299648375216,0.00021020232833757674,0.00978075044835329,-9.18281370199208e-08,-0.009212362641261308,-0.0003402425651929882,-0.04594664180043017,-0.08876142110415679,1
TCGA-44-6777,-0.11678145268056897,-0.0,-0.004270094091947444,-0.06595840839258497,0.004590383657348175,-0.00018804622160749338,0.004184708485584616,0.009396009265795143,-1.0479527881558026e-05,-0.016092526616307976,-0.001061525186193786,-0.00392617669265546,-0.10126210316017079,1
TCGA-73-4662,-0.10896943647389051,-2.3154076050725385e-06,-0.003067049348291368,-0.030944280975159884,0.012181748660507568,-3.489240325541179e-06,0.0028387975128336494,0.03248082036982311,-1.1328680204787182e-05,-0.02197542428171199,-9.836339350836175e-05,-0.000103292991586492,-0.0827503741531725,1
TCGA-78-7149,-0.10691438970793221,-8.547522035161347e-05,-0.0038868143614504466,-0.06242675584170889,0.014650000390691559,-0.00029244233670652227,0.0171689512053776,0.029903314198004332,-0.03658366222913361,-0.012114992562870089,-0.0007423005366381413,-0.001931519838633171,-0.05318490884214982,1
TCGA-O1-A52J,-0.11235979461584436,-4.8096288667744413e-05,-0.006215519629559649,-0.06777598583279515,0.005872076415658449,-0.0,0.002087323676488218,0.020290304349617823,-0.0016616210826678206,-0.016447736537760667,-0.00024898175170032607,-0.005682748589968123,-0.07031323366668094,1
TCGA-78-7540,-0.13597401063733885,-0.037860410379171386,-0.002771568142378088,-0.11481159904868896,0.01893848509750082,-0.000978548588705253,0.0005621523303439339,0.013211137712933379,-0.0001013310308199898,-0.007888895577335568,-0.0002365569416145685,-0.014832470293704332,-0.07686644652663714,1
TCGA-55-6978,-0.22946889257930175,-9.067915625608343e-05,-0.03752531205057266,-0.12593272391356916,0.017634941836182163,-0.0011659134612824525,0.00038785333054446123,0.008457905001587902,-2.4312101145835957e-06,-0.016441081396626925,-0.005675815849959784,-0.0065062763892643986,-0.14202253640724866,0
TCGA-55-7816,-0.12041868688341642,-5.0824343172730873e-05,-0.0018395450322574835,-0.02543041303558197,0.0066035907987630395,-0.0001686934648456914,0.0009579038806281835,0.009578128956735201,-7.089453175170913e-07,-0.013792714107194666,-0.00019611702657022464,-0.0001787027858480542,-0.06850584510488894,0
TCGA-49-AARO,-0.12955833956264295,-0.00011002771089649157,-0.004952215488535533,-0.15661059572359923,0.01483288463697275,-2.800252853203582e-05,0.0023623877639478087,0.009851300762451217,-7.981596199252092e-06,-0.012526112259094863,-0.0004932284500568523,-0.030886864344493434,-0.051732716206572084,1
TCGA-55-6983,-0.19278784887882883,-0.00011957590166394416,-0.010263760926362742,-0.054645585551154466,0.00953885488740112,-0.00040998573825108854,0.0024517232409526843,0.0136124689649693,-0.0002017855099100741,-0.013845872870656514,-0.0006752908747306157,-0.00406865218222848,-0.06372047016009146,1
TCGA-86-7714,-0.22249618188534306,-7.959500202784013e-05,-0.011390222551229772,-0.08859635408819994,0.008111298108361744,-2.8289733952877213e-05,0.001366340761123969,0.022375226156578863,-8.120083576930075e-07,-0.00876121325950437,-0.00021765813172647743,-0.0038091507048802556,-0.048454463340709436,0
TCGA-78-7143,-0.21309345057127824,-0.00018835038498293046,-0.00682432473242319,-0.08847226062619351,0.008483496875665155,-2.487076729413765e-06,0.00399925664597088,0.023284386702181827,-1.4203210426556838e-05,-0.01441887393302309,-0.00014601880716960875,-0.001308459016613136,-0.13440055145309274,1
TCGA-55-8620,-0.2808809997682116,-2.1663962245480682e-05,-0.0024040607265236914,-0.03396188410412681,0.00643171561981087,-1.0874086093345934e-05,0.0004984437830593323,0.012528888499721646,-9.677149440855873e-06,-0.014968334904597291,-0.0003160064694213454,-9.905140795352263e-05,-0.14240346015574679,0
TCGA-55-8092,-0.09674495990423798,-0.00013078614244493893,-0.013216336146677493,-0.03363661710018925,0.00434384082123185,-0.0004069578598249841,5.6466376945652065e-05,0.016793742343784362,-8.587822402200083e-07,-0.010351429581793204,-0.0004906576699027863,-0.002522838317563853,-0.07645425858903458,0
TCGA-50-5068,-0.09185159983715459,-1.842009911560183e-05,-0.0032332412705215266,-0.030318073659175895,0.0027905584214431706,-3.079819832001321e-06,0.00016474015501381038,0.006257935005452489,-0.00012071903441116953,-0.004332282727485271,-0.00019880448927886774,-0.00025261759571438945,-0.02668550518760506,1
TCGA-78-7159,-0.11293017394824206,-1.2413794239077025e-05,-0.001480745681941252,-0.09905710493500187,0.009100863522857312,-1.3840856983101174e-06,0.006148766630118315,0.020321118896187443,-0.02325916602205608,-0.014473680008646753,-0.0015022653064578823,-0.0012154918474773975,-0.06153172362495267,1
TCGA-MP-A4T6,-0.08187593088954292,-0.00027405485361227383,-0.0014467977514143328,-0.03933698967759915,0.012070237826949392,-1.8851674963738244e-06,0.00046033653856528465,0.021680205836760752,-2.7337156141522163e-05,-0.020450655671612163,-3.613395238511739e-05,-0.0007336549001878675,-0.04757179277957001,1
TCGA-55-7227,-0.2332620004164514,-1.6620500135421687e-05,-0.004930128005695003,-0.07420087471701499,0.007573923777587662,-0.0003928359081746765,0.002559469104268605,0.012435068796468034,-1.1653689903228476e-05,-0.008772365562839874,-8.72484391965647e-05,-0.001956065396378059,-0.06686414950826963,1
TCGA-49-4486,-0.1325590440748074,-1.2872290794536935e-05,-0.006166714927720306,-0.01809486765154256,0.012966148003828469,-0.003039928832272542,0.007754309153251323,0.022074486695803322,-0.009622037769842827,-0.008853330955593201,-8.916805541702408e-05,-0.00031627611728788887,-0.031134319689277143,1
TCGA-44-4112,-0.1827839167947122,-3.6908972714522644e-06,-0.02019417044542759,-0.10910958646957852,0.010216344791772023,-0.0012284050833299952,0.0006359937656399318,0.012111987629825413,-8.492096441636245e-06,-0.025727853128237527,-0.0017663292193256213,-0.0038047005187735335,-0.16267394454148573,0
TCGA-49-4490,-0.14716310618476838,-5.842392357947886e-05,-0.01471883638661194,-0.12674753142511355,0.014807749307031635,-0.0008184468434702637,0.00031350960742594587,0.02019880385458571,-8.34478164004998e-06,-0.010745005403494627,-0.0006433349105900275,-0.011476265093498873,-0.09924096741661964,0
TCGA-MP-A4T9,-0.11576117781751243,-9.169931109198173e-06,-0.01673599682492384,-0.13606365219615427,0.01673362600947686,-0.00041651202313318657,0.0033138387836724272,0.01974555326116455,-0.0003378505048973817,-0.015562092100202764,-0.0011002110989661025,-0.007342528939459583,-0.10287995257551714,1
TCGA-MP-A4SY,-0.10216995931488901,-1.9153693604337683e-05,-0.021179586377939905,-0.1411879286206518,0.032032085893120635,-0.011568930723042607,0.0019434438422667108,0.020309739314513964,-1.3023316311439453e-07,-0.018445217845815626,-0.0017914573720467716,-0.006326669659363416,-0.17772978653411017,1
TCGA-MP-A4TJ,-0.11217303863195592,-1.842009911560183e-05,-0.004628570921317817,-0.049695513751734983,0.010540808092456652,-0.00010373920908327466,0.0011679370712296064,0.012974995931820594,-0.000589112808678425,-0.010628243917465006,-0.0008481240857326804,-0.005319571683164859,-0.045401971210752526,0
TCGA-55-6970,-0.15693953220240645,-5.061801972277391e-05,-0.013391725117815344,-0.08773034207911688,0.00854676181364883,-0.0014639838020867391,0.001081902342772702,0.009090987000503908,-4.626888509432576e-05,-0.02960546122593957,-0.0005425211834355501,-0.015331238808446782,-0.10811692136293424,0
TCGA-49-AARQ,-0.09814075682883146,-3.219792060717208e-05,-0.009397438454083844,-0.047914745238581045,0.017791189601681995,-4.308081312620895e-06,0.0005188530698885587,0.01088798683746021,-6.393118463237082e-06,-0.002283026398184391,-0.0003333394747060814,-0.0003311216600032817,-0.025966356467394962,1
TCGA-50-5045,-0.11365569597175648,-1.1875060786411632e-05,-0.008352709879238106,-0.05509995713340561,0.012715670532699255,-0.0003997043952603302,0.0028719331329619636,0.00817293615671854,-1.6555661577179527e-05,-0.008238916465478537,-0.0003615051377996057,-0.0029786347227132672,-0.04081666536498099,1
TCGA-49-AARR,-0.09205254830122764,-8.894833175922228e-06,-0.005416135859398498,-0.01869191938173943,0.005729531124892347,-0.00024845713204234467,0.003180132840549869,0.0109791935661176,-9.130777757680791e-05,-0.010691912532519249,-0.00041057203397589637,-0.013509513405165392,-0.03723695189792731,1
TCGA-86-7711,-0.08977450295176784,-1.9990449818052015e-05,-0.010203470317290261,-0.22223517265892168,0.006313371442151806,-1.2527044951592676e-06,0.00023240550024722224,0.008830586301394265,-1.5408211110971805e-05,-0.020028861392578808,-0.002358143136139869,-0.00730178192291991,-0.10215895839970018,1
TCGA-62-A46Y,-0.14970343831394886,-4.487535036563856e-05,-0.0061529193543587695,-0.07570867405823703,0.007399089617493681,-0.00022967267536859058,0.0011557796557703085,0.013382279818291687,-1.8311745725582957e-05,-0.007471977342301197,-0.000503921841590823,-0.001189764209047911,-0.08532236030266901,0
TCGA-NJ-A4YF,-0.0702298740273283,-0.0,-0.002224322924567499,-0.04066958217048171,0.00864858203105511,-1.97071804726275e-06,0.00012098986059535833,0.011666622344357344,-0.007743137557961601,-0.010743407510697661,-0.001483039032626301,-0.00039050383086485305,-0.04331932028030609,1
TCGA-49-AAR3,-0.12583625503834847,-4.8073363839971415e-05,-0.0028176782337342955,-0.050633412502024404,0.016362431148569754,-0.002789827907502403,0.00018627702675072877,0.006357506345095411,-5.993476908116679e-07,-0.011249807742361957,-0.0003610271157211776,-0.005980771990802661,-0.052365598923512544,1
TCGA-78-7163,-0.2194478442422586,-3.5189610631547987e-06,-0.03524474563460813,-0.08673877882873804,0.014634909775218481,-7.659829681376301e-06,2.5201522686917604e-05,0.01565859814907877,-2.363686053778685e-06,-0.014463384307635394,-0.001941759558155366,-0.0059051535940673455,-0.07248244008362946,1
TCGA-05-5429,-0.15918986262275034,-0.07938925169857751,-0.024030702751028633,-0.18226824010590956,0.024207533964269227,-6.95373209886092e-05,0.00016791276891318032,0.010937092206203366,-9.120907092765166e-07,-0.01254698370418509,-0.0002972958572019268,-0.005203380105284666,-0.04703856466539993,0
TCGA-78-7145,-0.16634342084318157,-1.229917010021205e-05,-0.020188385876205105,-0.2217265899093476,0.024974318799863688,-6.686386627333028e-05,0.005083234770050924,0.025903252087283956,-8.845067291911694e-05,-0.03403995967306561,-0.0020907217768630125,-0.0033384392228575305,-0.16372238043860596,0
TCGA-49-AAR4,-0.09650521053940274,-1.715923358808708e-05,-0.008305736264059116,-0.05396452928940846,0.014800520427577606,-8.61310724842433e-06,0.0005116057741636651,0.014145979624242383,-7.784182900939604e-08,-0.0076499529482639515,-0.00018458803738734812,-0.01495982210393029,-0.04879684963388786,1
TCGA-91-8497,-0.10920138911141405,-0.0005194765973360765,-0.010450542169620412,-0.031715355108023625,0.004865591505556959,-3.5503478618904114e-05,0.0057846387111088835,0.013966240987076396,-0.002443584099349366,-0.013024523026774345,-0.00016047991603040262,-0.0015575651373526903,-0.03661365831306171,0
TCGA-44-6778,-0.13263408757518266,-4.074888136649938e-05,-0.003773578297749868,-0.03289442521949588,0.002303848402402778,-5.25769242748797e-05,0.007519617730873052,0.011623098536733923,-0.0002382290136270062,-0.010612512086319649,-0.0005356896080627388,-0.0003126603410761773,-0.07954615662400853,1
TCGA-55-8090,-0.1486473472348041,-5.114529076155281e-05,-0.005348489691980162,-0.13511400010034444,0.0259114343430314,-0.004149342265446494,0.0009661301250683917,0.011296724094416774,-2.221289388369892e-05,-0.010436463835586222,-0.0004314393914783017,-0.01647625778687476,-0.10292257898149518,0
TCGA-78-7537,-0.16209018427077646,-2.142325155386423e-05,-0.0016662992648243673,-0.04316256697769164,0.008013190272769923,-0.0014112449428405338,0.023587574530836344,0.03368772086690181,-0.03635715660766615,-0.011623319301932439,-0.0003143653857505213,-3.0595029483713554e-05,-0.03956074236100332,1
TCGA-05-4397,-0.2915420497760688,-6.56796315696319e-06,-0.004774558466875198,-0.06903896936461097,0.0037118939875223312,-1.8662241601055624e-05,0.013066935696614365,0.008294416283360534,-2.1827811845933733e-07,-0.02310050554199006,-0.0007545559688220936,-0.0007600431131175706,-0.07012839862276259,0
TCGA-55-7914,-0.14217313979333826,-0.00021561946761890853,-0.0024054340415189577,-0.05849767621207212,0.007608229877216549,-9.768039685424824e-06,0.0013650030353925707,0.011724030478533456,-7.556423899919034e-05,-0.008195048542609338,-0.00040094007729323856,-0.00015401815978733076,-0.061982376647066816,0
TCGA-50-5942,-0.15111007756246017,-0.0004311013862711791,-0.006890826470678803,-0.03340173241219177,0.005944058199424627,-2.807891295247236e-06,0.001734635618905917,0.013292789303718206,-4.3662272920265905e-05,-0.0102614204452715,-0.0007748737891319752,-0.0017211442438536814,-0.040350923029375464,1
TCGA-50-6597,-0.13155131706976814,-0.0,-0.0009017789685203119,-0.044434479407654756,0.03442321199644596,-1.98905030816752e-06,8.38666902025692e-05,0.028188769944016312,-0.00025030768093839054,-0.0038756972155943345,-2.340426207611041e-05,-0.0019359004905819754,-0.04675244667552867,1
TCGA-50-6590,-0.24465685647059168,-0.000258443045898864,-0.004375745711469622,-0.06268997611464323,0.007936072179917989,-0.0388745919659286,0.00019533870909981772,0.0067087736223232905,-8.452544996852384e-07,-0.016292213796563485,-0.0005505271122608777,-0.007901687870353407,-0.1097108160407955,1
TCGA-62-A46P,-0.15149729471496468,-0.00014689083395546824,-0.0013585726668699641,-0.054305285198295423,0.015414971414166628,-2.948438628850471e-06,0.008965217460235885,0.020019111601584153,-0.06902280193016255,-0.006484001873251194,-0.0007617564116255028,-1.3420092478083448e-05,-0.01637925077516666,0
TCGA-62-8399,-0.12068158278245834,-8.436336620462318e-06,-0.005191734108391718,-0.035507130150844175,0.012867791546014673,-0.00046394063747064347,0.0010647835537195588,0.012593470717996255,-2.9740164356346834e-05,-0.01688684406761472,-0.0009916398639089451,-0.0004576738274131878,-0.10871908267183111,1
TCGA-78-8648,-0.0985558716462482,-4.91737555730752e-06,-0.02575945663643317,-0.01982279166545735,0.0016412927828653777,-6.086921695747055e-05,0.0033435045175166165,0.010572574519336669,-0.00014948566001648868,-0.013415693772719511,-0.0008570747668547439,-0.00021357416604369587,-0.05049228055553041,1
TCGA-97-7547,-0.12344503531900455,-0.0008486656617424043,-0.006280003010928282,-0.030997854364043717,0.004229335219999911,-1.2343722342544978e-05,0.00044241818930486896,0.02589218173337335,-1.929514367733936e-05,-0.02033003947512389,-8.789207522342461e-05,-0.0011947359013390144,-0.07277601226673626,1
TCGA-80-5608,-0.1358647955430427,-0.00011042889538251899,-0.01025120341727724,-0.07055487760313003,0.014091056198659652,-0.00032905491711016495,0.013292596188959211,0.015201080212530058,-0.023188458471192608,-0.01098767095805195,-0.0005238180991228783,-0.0026069398815651065,-0.051802336923975935,1
TCGA-78-7535,-0.13991221069680496,-2.1434713967750727e-06,-0.007988240402615662,-0.05236306762884531,0.013545782461832885,-1.5041620072363595e-05,0.00037193900718817096,0.013182997986512554,-0.00011050788314479707,-0.007551361315379178,-0.0009677914553347676,-0.0008932010255296421,-0.03832283968824556,1
TCGA-44-3919,-0.15013719218259516,-2.925208023834217e-05,-0.008778999338450482,-0.06280650734658612,0.013111465809069904,-1.7614247352666288e-05,0.0007644718150995542,0.025357975311633814,-0.00013854894036160301,-0.00875146117150641,-0.00037968879654674137,-0.0007923069623913049,-0.06903277695875326,1
TCGA-78-8662,-0.13520195189768264,-0.0,-0.014182941825315253,-0.03459018697783925,0.029242533261575446,-8.875869654726029e-06,0.00023732074536757084,0.0209710692695678,-1.1430367542535832e-05,-0.014763672841613094,-0.00026510276399881123,-0.0007505864676407864,-0.06995119869910008,1
TCGA-97-8176,-0.2309130535780007,-0.0010957150682380896,-0.014718534673469041,-0.05748761738695958,0.02914387544349259,-0.001844955682079212,0.0004489786833132591,0.007724463132233665,-9.582638684102785e-05,-0.02437929750008731,-0.00019851090091573868,-0.00995934267144898,-0.1057185527820987,0
TCGA-78-8640,-0.1898341683782632,-4.509313622948202e-05,-0.005873824293275369,-0.14310909950161183,0.011602364708226804,-5.02915024154184e-06,0.0005137840631898884,0.010278359764357606,-6.428829405411497e-05,-0.015747151148461334,-0.0005253650839593662,-6.299794707328291e-05,-0.1173341398549015,1
TCGA-55-8512,-0.09349287184820285,-4.905913143421022e-06,-0.0027722339920727623,-0.023575388889876456,0.008248727808560587,-0.0035744058989511046,0.007116429245583979,0.016066345877194164,-0.058329605335769606,-0.011948498722675201,-0.0002484435063679228,-0.01323502731678594,-0.04258645729195874,0
TCGA-49-6742,-0.20095559076910433,-0.0023939366026089347,-0.0024908188609594805,-0.10455931064026493,0.015883296573292804,-8.660160051413239e-05,0.000929714257935882,0.012496342277679977,-6.761073005782822e-05,-0.014429268472764156,-0.00036600682603425157,-0.0018934498871733228,-0.047236788308819014,0
TCGA-50-5935,-0.18121068341184507,-3.189989784612314e-05,-0.002339587749056539,-0.1448449501904125,0.007133246539645874,-2.1326530185882165e-06,0.002826091681078337,0.016406249034136705,-0.0005563687980721456,-0.027061154645769317,-0.0010132261365056793,-0.0005322144447007808,-0.07651012885289714,0
TCGA-38-4629,-0.13565142104481662,-0.0001576081909393436,-0.02090713940990177,-0.11462500329965138,0.00818067124229889,-0.002105176014868784,0.001092368380870462,0.006998612804457794,-2.637909404280122e-07,-0.015419583125083939,-0.0011265926481606116,-0.008969350098098135,-0.05698350781833858,1
TCGA-55-8089,-0.17050425401455646,-0.0012225352154783002,-0.023996598761979526,-0.1308739579260469,0.00813046085447047,-0.041264134956575355,0.0003678745761345355,0.009496802055101387,-7.715764633556971e-05,-0.028896853426412187,-0.00019595141262179286,-0.09563905392079879,-0.06592723702645018,0
TCGA-MP-A4SW,-0.08258056012033922,-7.620212751743681e-05,-0.007638690120714518,-0.049168162093810454,0.010323578193011258,-2.0394640256556365e-05,0.0013266497723732084,0.024254557885398296,-9.674455356935811e-05,-0.012044998269114466,-0.00030895658475287404,-0.0027693716744604585,-0.06618140330453992,1
TCGA-78-7162,-0.1655332921459486,-1.0213010772869464e-05,-0.0012874515963575462,-0.026806374462322872,0.00788732527289618,-8.542833581622713e-06,0.009629964641021964,0.02611802622998269,-0.007668953836348171,-0.01189049686145761,-0.00030541846858183133,-0.00037357226341193427,-0.059125864665477514,1
TCGA-50-5931,-0.25650227808664416,-0.0,-0.0086359769048147,-0.02984939761764794,0.006707552557581312,-0.004772758295904547,0.0014834507045596778,0.013699501118827997,-1.4315330174378913e-06,-0.026339862542595936,-0.0011774173105623034,-0.03633830755814889,-0.15368809552305288,0
TCGA-73-4676,-0.1427642900945898,-5.16954866281047e-06,-0.02967284256226172,-0.08179180481030845,0.009533179896834422,-0.001211851051732988,0.001627976337410136,0.010261135777965958,-7.517491521227441e-05,-0.028605130915675937,-0.0006433462024501479,-0.018929979151468587,-0.16869957421030463,0
TCGA-55-1596,-0.14246770989708402,-0.0004550005192245268,-0.014124919266765262,-0.22243789509134773,0.00812635105380119,-1.002163596127414e-06,0.00030934266865342933,0.06786607796375531,-1.737282881897478e-06,-0.017430424134771236,-0.0002959860014279663,-0.043800921988332055,-0.0922616352384993,1
TCGA-73-A9RS,-0.1759542273173778,-0.0001535275715957504,-0.006262482840837159,-0.1302932151016497,0.010223085844290516,-5.135782892471251e-05,0.00025594639788826607,0.0066768613171954965,-5.7929797435297374e-05,-0.03587213320568219,-0.0005659630850453949,-0.011657505876110915,-0.10367367941348678,0
TCGA-55-A4DF,-0.19134350514433351,-6.234406912866109e-05,-0.0066924656850746835,-0.13894085295731512,0.008238027635507348,-0.00016524088904195977,0.002056766125489763,0.013146478187718054,-3.5226007068802826e-06,-0.008355562639656828,-0.0007022144332109018,-0.0006521956341874803,-0.09943086841710584,0
TCGA-50-5930,-0.10596111797021072,-0.00044928077469516444,-0.017172388472472606,-0.12371990606353231,0.009981347820963982,-0.002898663485117204,0.0006597243025609057,0.007776181475573039,-2.0596787457269676e-05,-0.013565154405161206,-0.000672204432964387,-0.03169971865054937,-0.05939001811508675,0
TCGA-97-7553,-0.1581326142168953,-8.000764892775404e-05,-0.0018925841219988974,-0.043061251317081405,0.0037853128830715797,-2.535351683129659e-05,0.008075932246626708,0.0162755539201613,-0.00022989833293683568,-0.011703922286010167,-0.00037581568852546157,-0.000678479545880307,-0.08331359996730504,1
TCGA-55-6980,-0.1244089057329154,-8.149776273299875e-06,-0.006635858057125875,-0.08847736285370625,0.009576251813289532,-0.0008161797538717072,0.0011429918178398916,0.018244731775481512,-2.4378134862344666e-05,-0.011425888939338621,-0.0004158227489318587,-0.011637236669077957,-0.08321973502918363,1
TCGA-MP-A4TD,-0.10953396826080442,-5.326583733055488e-05,-0.00421208193729893,-0.02151463564196058,0.009409750264635005,-0.0003421105422511785,0.0038877436239860784,0.013800881440883685,-0.005531647068697378,-0.015535026761384105,-0.00030710095573976336,-0.002958365515680307,-0.052157641406402375,0
TCGA-55-6642,-0.08922964571892959,-4.000382446387703e-06,-0.003876264805350448,-0.059866075408749476,0.008405177108740352,-1.8738626021492165e-05,0.004037312636605487,0.008367285805679957,-2.0610085914066566e-05,-0.0104220333810487,-0.0015178480734239638,-0.0005212975819077285,-0.04457589462155677,1
TCGA-50-5939,-0.2060575742037082,-0.0004399159825498958,-0.04088522082160453,-0.2994222171389769,0.020489100458908338,-0.01602717158473447,0.0014523088595636007,0.009005825674610552,-6.942390585696315e-05,-0.03619373795903381,-0.010840535763198949,-0.07334671579614903,-0.1123094708330813,0
TCGA-95-7562,-0.3085803963413845,-0.00016210145718285068,-0.014690288080952772,-0.17336503531857894,0.004709093234333473,-0.0002087677871835181,0.0001204824473868969,0.02843520900963254,-9.466437685746493e-06,-0.013095522180948676,-0.0019612079052359808,-0.001993266170863938,-0.1373831333824133,0
TCGA-50-5072,-0.2054036846123702,-0.0006782310296640698,-0.009264611843897767,-0.453442430176596,0.02913889546504641,-0.0006828675525722215,0.0013064660025255206,0.006551268461307382,-0.00014833041390319312,-0.021774303939875703,-0.0008087531334463961,-0.016342613135357266,-0.16730086360192173,0
TCGA-75-5146,-0.12108542889243237,-3.888050790300025e-05,-0.006583047853217005,-0.02039688337184686,0.013553938024114268,-0.00013116121601999277,0.009537251534679957,0.023245130237685957,-0.039242055957197576,-0.010279063158524566,-0.00046028633013242033,-0.00042214187271732956,-0.023490804419707845,1
TCGA-38-4626,-0.12318439316145119,-3.059318266306241e-05,-0.008167842953852623,-0.03159864165366956,0.0069343525290709775,-0.000814291530998516,0.006688336509992744,0.018190384996157775,-0.0016262665620639374,-0.015158253523733223,-0.0005806161555282348,-0.0007411993563219197,-0.06786550819471293,1
TCGA-75-6212,-0.12135478145627929,-1.2814978725104445e-05,-0.022833286518072853,-0.1040808856997394,0.00976963093094067,-1.1790699138584424e-05,0.0015998174670334986,0.011202440549518865,-0.0002214381069347644,-0.0076222945770670365,-0.002763976352818592,-0.000849637875594309,-0.04942119259547108,1
TCGA-55-8299,-0.15423315414625927,-0.00040544850399319715,-0.005126980225584625,-0.15656649790009622,0.013579555530485876,-0.020193798116837344,0.0005379861356177153,0.012364657634863397,-5.8715094237527656e-05,-0.02043535214162888,-0.006476246882497482,-0.042936890542048814,-0.09810185089693493,0
TCGA-73-4677,-0.17765829953044465,-1.9302704984862153e-05,-0.009086725936404886,-0.05171626918039916,0.009210986215676138,-0.0061407054938648325,0.0345387304082011,0.020176415764554194,-0.013236861440339656,-0.024110835037075923,-0.0002195175246929616,-0.0010806303481963463,-0.06508364670169128,0
TCGA-62-8402,-0.172007743235143,-8.895979417310877e-05,-0.005965118528756128,-0.07599494546618431,0.016827625927901088,-6.739550183956859e-05,0.00040870340056487625,0.025950502089449917,-2.7048602557403386e-06,-0.03252545381773391,-0.0028672253578056915,-0.00035285108435251006,-0.07284241248317913,1
TCGA-49-4501,-0.11779246892994284,-1.6586112893762193e-05,-0.0037072014063120056,-0.04016063497608529,0.006423797378741373,-2.0205206893873745e-05,0.0005696046415065896,0.027392894989339386,-0.003156523195654676,-0.012939439353616475,-0.00012747380889862193,-0.0013670415446586557,-0.066282794806705,1
TCGA-50-6592,-0.24968781659234043,-0.013809836013555241,-0.009555889873613414,-0.5013874243354312,0.029460034385262988,-7.255297790744382e-05,0.0001644890111025517,0.013725538096461331,-1.0034602788206825e-06,-0.018260916561151492,-0.0020081895712433804,-0.000581687998059104,-0.12962979541153388,0
TCGA-55-8096,-0.07802520036460513,-6.11978277400113e-05,-0.007257189457370477,-0.12479483606702119,0.008321193652258939,-0.00015558895367559847,0.0018102350615807259,0.0171469577559183,-3.1299523057651403e-06,-0.01399100107211263,-0.0009732040202857882,-0.0011134157036544621,-0.09467831363378722,0
TCGA-71-8520,-0.11397505723187619,-0.007900445846440778,-0.007180897647822853,-0.10427121700820595,0.008821088183070619,-3.7245043404857244e-06,0.001462349490628004,0.03518977926363632,-1.0773240349779047e-05,-0.020666074683013028,-0.0017964973056138207,-0.0016292200870867055,-0.11885352878581135,0
TCGA-62-8398,-0.12511170760574802,-0.0028954172101432096,-0.05866506188974837,-0.1135267488275328,0.029405196233802847,-0.0019024823167983795,0.0001759339979156261,0.010791368622952659,-1.3330441878326304e-05,-0.033512226748905784,-0.003488830965570794,-0.022999604811907916,-0.11558215114671933,0
TCGA-49-AAR0,-0.15467373015130334,-3.5120836148229e-05,-0.0025011291273254557,-0.03228033569385466,0.006175252380337493,-8.55016648598462e-05,0.00244982172276744,0.011271367417861744,-0.0005083558662256551,-0.007420021116717475,-0.00020885800873935196,-0.0004682430194166525,-0.05757883008586886,1
TCGA-78-7633,-0.09051208553784257,-8.550960759327296e-06,-0.0016362840090566192,-0.03512883642525629,0.004854522166174123,-1.3339775185037468e-05,0.035191581568211026,0.02109445114695142,-0.02036428056324701,-0.01843589405897974,-0.0006684329516841904,-6.51187388897676e-05,-0.07725428168730998,1
TCGA-93-A4JO,-0.1003202466721166,-1.3479798730521313e-05,-0.007628681567491442,-0.02468257226014234,0.011817874970636884,-0.0011827119230248566,0.0010035095647583834,0.012558079600536216,-0.0001005012529726113,-0.010693592790924304,-0.0001441368304828839,-0.003983994344963887,-0.05280109026132721,0
TCGA-97-7552,-0.14047643792405826,-0.07859706135005387,-0.005435611962967726,-0.06684118486349562,0.0056413003721189,-0.00025007953713241683,0.0006487149735530759,0.016204694378300508,-9.987576693568159e-05,-0.008808557011035003,-0.00015257937789953164,-0.011756348681590686,-0.05485059536165829,1
TCGA-91-6829,-0.15998701707844118,-2.6604262630561197e-05,-0.0028056097080183208,-0.06560498802612172,0.015796713884490766,-0.0,0.0008563956120061776,0.013409909318903783,-0.00012561355436363958,-0.02063457807447908,-0.001591516168849122,-0.00012919446541077224,-0.09652246656610015,1
TCGA-75-5125,-0.18538552632760819,-6.896934435505675e-05,-0.01066002472590589,-0.06584606827609897,0.02157994364232588,-8.075360928551083e-05,0.0006796313015676146,0.016172874841501574,-2.13170823198117e-05,-0.013988612469477994,-0.0018734287486137599,-0.0021347334151471547,-0.15323281076921957,1
TCGA-38-4631,-0.10224975394596984,-0.027758802806864793,-0.01670529491165846,-0.30689725377876653,0.015152405629244825,-6.364044373090825e-05,3.616472322125089e-05,0.004203889590613644,-6.000355420253002e-07,-0.02260562002233687,-0.0002484924377617776,-0.0013737515908976974,-0.06161831529685881,0
TCGA-L9-A5IP,-0.18482605023106047,-0.0005461840216916161,-0.04050854756854688,-0.2405615538838551,0.01753686602011893,-0.19529734575350507,0.00017962940118128966,0.005770684819504191,-2.0922141081317783e-07,-0.06664329840981024,-0.0007769025600002646,-0.1280427711531842,-0.23151432370687292,0
TCGA-J2-A4AD,-0.11140993394632176,-7.32448247347204e-06,-0.010941741570162072,-0.11885228990516702,0.00830065783342432,-5.082008260483926e-05,0.0003404793882635624,0.020149791254171413,-7.535524687211503e-06,-0.010669311409659115,-0.0001606982253260627,-0.00671039390983131,-0.08776407899756371,0
TCGA-38-4625,-0.1528985128015171,-0.0,-0.003407433792989258,-0.06835317532017454,0.019427344191959937,-7.987671613889934e-05,0.0011202556057920644,0.013118369384073516,-8.533619726565853e-05,-0.013786306062885197,-0.0006294233389217574,-0.003195476994179087,-0.12264080173053057,1
TCGA-55-6986,-0.2485201348535468,-0.00018973733706319668,-0.02836672636665033,-0.0724734973703337,0.01748140254610049,-0.0010167713526916982,0.0008063667198062584,0.01509634476924727,-9.701510838005353e-05,-0.00854141239775307,-0.0007173342339120493,-0.00016681244484415643,-0.10515724479438113,1
TCGA-L9-A443,-0.13241797204001104,-1.0499571120031907e-05,-0.016893064525556663,-0.0680792950361868,0.010459738413076694,-1.9322202993627335e-05,0.0009173364508809896,0.016963632076703063,-2.000042045505041e-06,-0.010770341064543377,-0.00035229097994140076,-0.002370488977566543,-0.057522380855541407,0
TCGA-50-6595,-0.3029849044327218,-6.386857017556527e-05,-0.022805955468886762,-0.27029642471608295,0.02794721713560207,-0.03206468561999605,0.0005937452093030879,0.007817896300783693,-7.079135406966429e-07,-0.017763378868917774,-0.0024590509621286827,-0.05153889168386863,-0.1286475064330281,0
TCGA-55-6968,-0.24204038442625775,-5.0319996961724974e-06,-0.0022151882990686833,-0.04563514287485059,0.006341081518891686,-0.0004811057444311429,0.0003293675515368515,0.014357630566536165,-4.568478477208294e-07,-0.008715417981405845,-0.0008691081257896626,-0.0001842307514024979,-0.08521304419701566,1
TCGA-MP-A4TF,-0.15701183466583618,-0.0005055383020500953,-0.04579610160956285,-0.26651011634559757,0.014865994713033815,-0.06879957581301854,0.00019088474871443406,0.012903935391913937,-5.763046751549836e-06,-0.03422295958112191,-0.00450043860212589,-0.19894230179558364,-0.12451292598017885,0
TCGA-78-8660,-0.1430929099683922,-8.477601310453711e-05,-0.0028458832106446476,-0.27095925873671206,0.01518189749857551,-0.0021163525832670585,0.0002232413101792522,0.012027645757503652,-7.966463472552179e-05,-0.017255710206888878,-0.00023723445322178948,-0.000345167559902623,-0.10477443940487208,0
TCGA-86-8075,-0.12146113368976567,-2.878212126899576e-05,-0.012946178036964804,-0.1142800562753075,0.009570403540568127,-4.8137461759107944e-05,0.0010651013276480902,0.02902029885975171,-7.742338618776968e-06,-0.016307846788979133,-0.0015235881023184749,-0.003278014039627196,-0.14864540617001276,0
TCGA-62-A46U,-0.2143590177849932,-9.158468695311675e-06,-0.004992353740442629,-0.12188948194333468,0.00579896076387994,-1.6859569278753263e-05,0.0020378175736545925,0.013663615236947372,-1.246157115363969e-07,-0.015862298268572373,-0.0009842625152969835,-0.004571106007340558,-0.10760848025054257,1
TCGA-97-8174,-0.10241951550079602,-7.920527995569921e-06,-0.01626280657784283,-0.025154892749893687,0.00550042763084607,-0.1274648608661263,0.004822778032531889,0.025617850323546583,-0.13167505459790038,-0.01767299085059885,-0.0005915918435652141,-2.7153088666795784e-05,-0.04835043030404826,0
TCGA-49-AARN,-0.15993018624577063,-0.007472278838124543,-0.01041765543704438,-0.0608696653382655,0.01754034673122655,-8.24676756801068e-05,0.00033950556493419197,0.016295313574208454,-1.6373037079960136e-05,-0.016036402690954858,-0.0004091605514608527,-0.017229347484200578,-0.04893062707268311,1
TCGA-50-7109,-0.17292026489027432,-3.0478558524197427e-05,-0.0009043175204812583,-0.07679025517973358,0.012603653037188727,-4.587953829100381e-05,0.013084792541243452,0.012837714266496136,-0.016788466769345173,-0.016962818104517743,-0.0005670358117568281,-9.453168768888313e-05,-0.07032010889345158,0
TCGA-49-AAQV,-0.11429539308290988,-3.537300925373195e-05,-0.012495481024882014,-0.07978699384262161,0.007448322467949345,-3.913326627804853e-05,0.00018382709226947056,0.021946064405884983,-5.997454980968852e-05,-0.028504447196345657,-0.0007566374350376113,-0.010925415494476193,-0.08040577708276427,0
TCGA-55-7574,-0.13665031581969805,-2.0850130859539346e-05,-0.011882264667791255,-0.04969223374833393,0.009852425897860983,-0.001479987865856603,0.0016079155768251054,0.010483609691960057,-0.0010381275214202778,-0.01666371563529655,-0.0010806121937505498,-0.0027246264438405272,-0.04950872508788269,1
TCGA-49-4512,-0.11033154910002009,-9.78890145906905e-06,-0.00138540432878505,-0.03376799945864246,0.012043156839771172,-1.7186494598221656e-05,0.0013408778437539045,0.01412920401810689,-0.0007874923086623296,-0.012910117197136126,-0.00033965162451335656,-0.002460257575438075,-0.042373614745301005,1
TCGA-78-7160,-0.17016107618897672,-0.00019420767847893079,-0.008442297874876261,-0.05828994266333889,0.009660606319602222,-0.0011714589702061452,0.0012661548420755293,0.010672563316459459,-8.470153987921374e-05,-0.026991539233810913,-0.0008971834540022242,-0.01742560764492281,-0.17511224296090708,0
TCGA-44-A4SU,-0.07049764288094004,-4.801605177053893e-05,-0.0035920302169362784,-0.061159854528052934,0.006615677229053945,-6.424235296394819e-05,0.00025557737010029416,0.011818360407595796,-1.6482061497320865e-06,-0.011628887217039386,-0.0004576289790507649,-0.0020928043179228835,-0.048547134160497,0
TCGA-55-A490,-0.12070637393883232,-0.0,-0.003320269906395777,-0.11311929951615779,0.017288757994105185,-0.0005213969985230094,0.0012195702092300147,0.014654272759453725,-1.2222198931295625e-05,-0.018678279570469556,-0.0006308724609705355,-0.002465333568966055,-0.07313232994047626,0
TCGA-55-7907,-0.09119210634806127,-1.3158851141699377e-05,-0.00993757780718408,-0.07561574062854058,0.015210021945685347,-6.602669302534578e-06,0.0003294393069400683,0.014715066937633225,-7.754376015015533e-07,-0.008019033238119146,-0.000459529775504357,-0.0007216950250260524,-0.0856917047218692,0
TCGA-49-4494,-0.15710484718618764,-0.00011433757851781472,-0.031170983567476346,-0.07548973383121686,0.01995856512274019,-0.004454302480974157,0.0005339832091954085,0.012858200605786024,-3.246566014849614e-05,-0.008026660293428361,-0.0011509115509064703,-0.00046549642017891003,-0.14443628378480802,1
TCGA-75-6206,-0.14682857785355008,-0.0,-0.002405267579095289,-0.03246283143864091,0.006863141097492579,-4.193810219647831e-05,0.03330995500581556,0.024932555216870617,-0.01725947162681938,-0.018714915792948376,-0.0004108468025721582,-0.00030341229807314573,-0.07696222929117354,1
TCGA-64-1681,-0.1409388813127344,-2.5870668141825345e-05,-0.006682706825487111,-0.07365958304463599,0.013676570935102363,-3.1372609161696e-05,0.0019589071316599245,0.026517935034309426,-0.0019822591427208726,-0.01203900205284545,-0.00046832989849148246,-0.001988294478572835,-0.07693870877853709,1
TCGA-50-5055,-0.14374442399437745,-8.407680585746074e-05,-0.008578953120806719,-0.033607188180785376,0.011662290197728981,-0.0001233150083527513,0.0009768011786039138,0.011047672054204323,-0.0009086622295440351,-0.009326191911642894,-0.00032822802602493667,-0.0013894663105870596,-0.038283976564289356,1
TCGA-73-4659,-0.1607240514571268,-2.8770658855109265e-05,-0.006189863608511724,-0.07484229760433163,0.012637298027727367,-0.0006894182804688592,0.008957959913739103,0.009893989655114899,-0.0016212424967995667,-0.017910879199886907,-0.0006280946633809297,-0.001904366749966375,-0.10961894129989715,0
TCGA-86-6562,-0.2182003678723841,-1.7697967040752475e-05,-0.007983652282063295,-0.18233037794811838,0.010940462663772925,-0.0001272900535922689,0.0011970338872340058,0.017499616558079075,-5.0928962424816096e-05,-0.01965684888707558,-0.0014282095238352588,-0.0009303670329365623,-0.11686691391772967,0
TCGA-38-4627,-0.10629613359688601,-2.3520873295093312e-05,-0.019288188300709646,-0.07563387175845193,0.005537858459764752,-0.0009492689126635183,0.0010838243625017226,0.014889208552291335,-6.642693811916692e-06,-0.02430793593723738,-0.0005101436565171355,-0.004266337793188021,-0.08193113660534333,1
TCGA-78-7536,-0.38921609938097557,-0.0,-0.031189190395065097,-0.08084789272045044,0.016529109746382352,-9.230293365551578e-06,6.638399874739817e-05,0.01343198818117243,-3.439898062627885e-05,-0.013580705031968761,-0.0005371274382513966,-0.00033192130281933335,-0.09434971397955415,0
TCGA-50-6593,-0.12829179775801405,-1.2620117689033985e-05,-0.015817311516499684,-0.06111566559334434,0.008842275693487075,-8.550472023666367e-05,0.00410020112213904,0.018954672334857915,-2.7013407503639198e-05,-0.018076005770987485,-0.0005136027296673358,-0.0028994700839241588,-0.08987705329660911,0
TCGA-50-5936,-0.167949546669395,-0.0001058897794834659,-0.005907917878422999,-0.23794502228187225,0.04656394929133811,-0.0007969797659507783,0.00033507723147852865,0.00962902784650298,-7.179355328792665e-05,-0.040033935597540975,-0.005617512212205047,-0.03016836789073159,-0.14095481368976656,0
TCGA-55-6984,-0.1334936767612993,-0.08666037663540789,-0.008080835125781331,-0.1251180986244359,0.005053116699981644,-0.0005633687098644798,0.0002622301210556773,0.009244441277826268,-0.0008280890580071739,-0.010188592774597553,-0.00041103876419420414,-0.011309591716970551,-0.05557140861045497,0
TCGA-50-5932,-0.11021337995170188,-0.00010578661775848742,-0.017951817559596486,-0.07894485296940176,0.02363236152174855,-2.3847216060288005e-05,0.0013764890252931975,0.015123989731247511,-0.000549681164647605,-0.02530764026887952,-0.00012140255210724753,-0.0007200609723149903,-0.09313746675827213,1
TCGA-78-7146,-0.37025592044525407,-4.3006976902139425e-05,-0.07008933641051986,-0.5417252706063789,0.022585002741654394,-0.010290478567442588,0.0009049432676682649,0.015546271164217617,-2.6813586726078997e-06,-0.04896300996633454,-0.0007142666119126877,-0.01198045727255889,-0.18638110149204473,0
TCGA-99-8033,-0.18222827814988823,-0.00018840769705236293,-0.0179539711672027,-0.14173013140508664,0.02535775642170128,-0.022248435143768494,0.00013558695976402649,0.011665339049141448,-1.040627172730618e-05,-0.024487740059699753,-0.0014600262217010294,-0.015179445741712812,-0.16283533144357573,0
TCGA-50-6591,-0.4037336665473221,-4.374057139087528e-05,-0.0031290045816005324,-0.06886376251627149,0.002618743514544814,-0.0,0.0036525755407150104,0.01073593954645889,-1.321820748863529e-07,-0.03173482634566963,-0.0007665930917103859,-8.344098950103697e-06,-0.10936383420130194,0
TCGA-05-4402,-0.12818185172053242,-3.4112143726217195e-05,-0.014359558456827662,-0.10655473715377654,0.017403632761666718,-0.002047463002163751,0.0013015353812473396,0.029398700873171098,-0.00015162224052789973,-0.015011346225142344,-0.0008736587454181634,-0.009798892602054276,-0.09436643163622806,0
TCGA-05-4396,-0.2252439191434016,-0.0012908397398279402,-0.0031692260647194627,-0.06602364401578366,0.010201195787746815,-9.313399614986534e-05,0.008963490205172737,0.016416855546403018,-0.01525658176264803,-0.016811413643725102,-0.0008292967909586848,-0.0003085230586800842,-0.07186540657366555,0
TCGA-73-4675,-0.19871872188575954,-5.238323146129456e-06,-0.025767894200532875,-0.06406539087415063,0.009010681462341715,-0.0010901859468616661,0.005695093093280301,0.025663214036359055,-1.8317707102767768e-05,-0.01717775939539168,-0.0005434019485249373,-0.000690752324752751,-0.08588301695311358,1
TCGA-78-7166,-0.12314601864421384,-0.0004940300385080515,-0.014629674950934434,-0.1453547173856592,0.022284393989767386,-0.0011591671892694972,9.259009707935052e-05,0.004269600490222715,-1.0088828392214843e-05,-0.012091584257050663,-0.0005005267556479714,-0.016507930595806197,-0.042179624794156476,0
TCGA-44-2668,-0.05892114744520964,-0.0006591919601985971,-0.012394719239055102,-0.3601363556493092,0.00268812983299373,-0.0006518340902372637,0.0006780424319249577,0.00552722980179962,-3.271236945045229e-05,-0.01930279208413616,-0.0009676823006869375,-0.0015480389577179885,-0.08829955060678525,0
TCGA-MP-A4TE,-0.1098574715323085,-0.0,-0.004153653626591244,-0.04937753564424421,0.017379075666741857,-5.560785807780164e-07,0.010583819466754345,0.011867898695206965,-3.297593110714242e-05,-0.02170546276463335,-0.0010790652089140618,-0.0007052501966785563,-0.06120185748157763,1
TCGA-78-7153,-0.17231644490714124,-0.0005638017518351632,-0.0013123273247945255,-0.036772482574005186,0.006229555617320057,-4.552511458017826e-06,0.0018800428181387524,0.013230247988678511,-0.012222480491725737,-0.009175018074552907,-0.00033342980958704415,-6.664849036395329e-05,-0.06214730971875433,1
TCGA-55-6972,-0.22851440260293782,-1.65517256521027e-05,-0.00042957709207983285,-0.014394386036717933,0.0066216950169266965,-1.9371089022706722e-05,0.00018085436842191877,0.014809628787517714,-0.044052242484829564,-0.009959550491618457,-3.378148152671131e-05,-2.8369936430352574e-05,-0.05241662034323159,1
TCGA-55-7913,-0.1925421910565777,-1.6024454613323807e-05,-0.001365272779422626,-0.08521221057916556,0.015347459179890915,-3.574179801066612e-05,7.2724101160194e-05,0.017554844636526984,-3.3668024069925517e-06,-0.025625274999921156,-0.0007654526138382306,-0.013232558854179866,-0.10083316138049027,0
TCGA-44-6779,-0.22199134379190946,-0.00020587641581538548,-0.033496942205595015,-0.16805707870362255,0.02255811010464433,-0.04060558820347013,0.00016195194506024455,0.00437115088754798,-3.1113803229970665e-07,-0.037167991317775866,-0.0006655459994467543,-0.07890548498255019,-0.08807266812335376,0
TCGA-53-7626,-0.18281766200510824,-8.573885587100291e-06,-0.006621022093616409,-0.037837208122468574,0.0054645375063029486,-1.4329717273895036e-06,0.0018625037474381968,0.023805126254848534,-0.00014215144645113358,-0.014556605702872642,-0.0003016018198611533,-0.0003166237880774765,-0.06515558328495473,1
TCGA-78-7154,-0.29487167872169623,-0.04923690201117591,-0.010850093602031019,-0.08789798669739282,0.010615485167129216,-0.0008173285755550728,0.0007996319626757703,0.014795883613458311,-2.6644948536870127e-05,-0.009574656005009816,-0.0004810219492667549,-0.0005989672363016105,-0.10120109456893228,0
TCGA-62-A46O,-0.16595547274749162,-4.882988315648027e-05,-0.004173389827697455,-0.1268532204235919,0.06486213799217483,-0.004466102346243193,0.00019086424717065784,0.00797609722426605,-1.7221501551975657e-06,-0.02373794945612693,-0.0012692954124082112,-0.07090763137179684,-0.06945278094363193,1
TCGA-05-4418,-0.08402727942018734,-0.006299719747191372,-0.01677229603718508,-0.30768609459671925,0.023972629285043585,-0.001620131889719933,7.340065210480923e-05,0.005309641686458805,-2.705892032560787e-06,-0.012638788410963175,-0.02914397856249125,-0.015712529363387562,-0.07412739236661381,0
TCGA-05-4434,-0.19781752985000303,-0.0008945382421161682,-0.01713183406450634,-0.15466573592918714,0.029542443234338574,-0.03773438338981144,0.000493180011694788,0.013637439106820746,-9.259050544836333e-06,-0.025129829394132948,-0.002204182387352281,-0.040530765308549536,-0.12098014498218587,0
TCGA-49-4488,-0.22343721032470787,-1.4224855633143666e-05,-0.006138915702967646,-0.1257658081849379,0.006601355082266965,-1.7840345237158447e-05,0.000356142567708594,0.009054652738367128,-4.875214261740753e-05,-0.014663038541647667,-0.00023853678108900307,-0.00027632874356426745,-0.07721845813729449,1
TCGA-44-2666,-0.19020743669831158,-0.014611138981118637,-0.003898435519402812,-0.03646662225685718,0.007768142936988798,-4.097260312216043e-06,0.001528702737059738,0.014204114443661233,-0.00018869799415202897,-0.009580866371859868,-0.00033685500715688343,-0.004775293062065387,-0.05285384858044093,0
TCGA-50-5051,-0.22936235761001902,-5.261247973902452e-06,-0.001386382295524103,-0.03103220328854917,0.018802820238377652,-1.8466697484738083e-05,0.0013594163647135508,0.010470421127873815,-0.0001519509187661471,-0.016886283981479705,-0.0032833981544012807,-0.000763102616065942,-0.06724952406146666,0
TCGA-78-7542,-0.3428919049703492,-0.002366335109970248,-0.007632125258881087,-0.2268682685741118,0.021708556671153095,-0.00944195764995805,0.00023117028223470503,0.008846836220332886,-8.591594119688167e-05,-0.016483862093469324,-0.0012349342820619886,-0.04870085502846461,-0.1183919115862682,0
TCGA-49-4510,-0.06324004708044312,-2.2466331217535523e-06,-0.004776483188648866,-0.02294098156538984,0.02076226282429089,-0.00011321393259422316,0.00520643367198817,0.0228882659379502,-0.044036263357211274,-0.011842609496913577,-0.00027548374740278564,-0.005435311289018589,-0.03278365040615228,1
TCGA-38-4630,-0.13188724637542526,-2.0471871201284922e-05,-0.005386744837719507,-0.041054891458899616,0.0078117761369450285,-1.4128062403942568e-05,0.00035606568691943315,0.02456636770008444,-1.1601757136599231e-07,-0.0075577693596886476,-0.0010089766331470545,-0.0013045651037697542,-0.06115481645630476,1
TCGA-MP-A4TK,-0.13406259420732605,-1.631101496048625e-05,-0.013736957780602582,-0.10451175059094968,0.0075071442254660975,-0.0006772945452571715,0.003916748183043485,0.012960431304189595,-4.1379524025957967e-05,-0.01349339748739244,-0.0006512166289540314,-0.014819606474489589,-0.08663918334167302,0
TCGA-49-AAR2,-0.06433938563139503,-0.00032268987573268366,-0.001744588623456015,-0.04267247980285127,0.0075596920388814,-1.0699929614750621e-05,0.0001166486587007439,0.011984431177643098,-0.04033656606938995,-0.004672419742657333,-0.000161462307860873,-0.00011445322393225571,-0.02444374703552414,1
TCGA-50-5044,-0.18578955517337858,-9.407203076648675e-05,-0.013305539197960917,-0.08448031426470326,0.010603828175221717,-0.013224138338626998,0.0005259568548070186,0.006383156788025163,-0.00047389784503687276,-0.05231888135614577,-0.0004938909058505795,-0.06464625428671798,-0.08990741285061216,0
TCGA-78-7156,-0.24398049037630035,-5.709428356864512e-05,-0.0025153928762535606,-0.028158100308378224,0.009161774083738972,-0.00012319279328005283,0.027465462037652006,0.028408754574519336,-0.0037941470551001305,-0.016217557609389918,-0.00043133400078384506,-0.0001892372107725601,-0.06549047919949354,1
TCGA-78-8655,-0.17532652985685257,-0.0,-0.0023969236501088995,-0.05274382135698397,0.018581488072269704,-0.00023098037664646417,0.0011073396332130462,0.020547968383026097,-5.6694989864958345e-06,-0.012629925871532598,-0.00028656859008759506,-0.0017587622232870656,-0.07480724373801904,1
TCGA-55-6975,-0.17149797127520747,-2.311968880906589e-05,-0.00418839225363059,-0.17791376225739758,0.02841675715331288,-0.0039873828511064885,0.00017303302947129108,0.005472372796667152,-0.0,-0.024376282918831184,-0.0006393865235012788,-0.06567946233921458,-0.1316873336715654,0
TCGA-55-1592,-0.12862632608923233,-7.691279717839968e-06,-0.00454619282940481,-0.07666069504539208,0.008235575316317889,-1.2857025647878531e-05,0.0016324456739533518,0.022797074670680952,-0.00016633136552208317,-0.010786929498012878,-0.0001730063528572433,-0.012930189568475484,-0.05276389166595758,0
TCGA-78-7152,-0.2293075368711085,-9.020919728673702e-06,-0.010643877870810035,-0.04186323007484752,0.01702981041591376,-0.0010850712460692353,0.013724589343253872,0.0335955091480151,-0.0024850269056869785,-0.01284689335636557,-0.0003552833228732933,-0.0011445322393225572,-0.06542360857279796,1
TCGA-49-4506,-0.09117511191899902,-0.0002993867883014338,-0.011111720512530692,-0.059304557048730666,0.012019695942825006,-0.01449899737108968,0.00011043669093654944,0.003324213912199974,-3.347542573010845e-07,-0.021070654549955388,-0.0035327111339984708,-0.032052986939849384,-0.0454654042240628,1
TCGA-62-A46R,-0.09816725351930487,-2.1503488451069712e-05,-0.0024842956147319664,-0.048578763704882705,0.00563204861185882,-5.753274547280246e-06,0.0026905047213143106,0.015740373430968742,-8.525033050582343e-05,-0.012348548481172563,-0.00012857288328366927,-0.0008109421167132031,-0.07151650690775704,1
TCGA-64-5775,-0.3131815009581428,-1.626516530494026e-05,-0.016856421984546607,-0.1550030296122619,0.0034288507723180413,-0.00030371362178613825,0.0011515409615945752,0.00453664958623398,-0.0,-0.030050696757035582,-0.002901153633513967,-0.004546734284990464,-0.1054100722125208,0
TCGA-95-7043,-0.23331450650194124,-0.0,-0.0035120034067575895,-0.022492987767529626,0.006245288506866565,-7.465202178103995e-05,0.0030121329400756396,0.011097983411222657,-4.601724619200526e-06,-0.00597073234987212,-0.00019795007186309467,-6.289364583640662e-05,-0.11136177510085316,0
TCGA-44-7661,-0.2729676261064809,-5.171841145587769e-05,-0.045557831457884175,-0.2166099668261192,0.011264709361764167,-0.009808425656198032,0.0036727951882643073,0.011684155558511858,-0.0001796809525925223,-0.020136019048705035,-0.004409482668856477,-0.03783732493453502,-0.15161930360235992,0
TCGA-38-4628,-0.061954561664923996,-0.0,-0.0009072098050925007,-0.02418501396644402,0.014243471038237402,-2.8549440982361454e-05,0.0030368321749400396,0.020530342400542727,-1.951663176812898e-06,-0.012978348866878603,-5.483703669778909e-05,-0.0011280178768171437,-0.05408784322956064,1
TCGA-05-4415,-0.30814109948691504,-0.011323844765023844,-0.006243735010371481,-0.15355217477453031,0.10095131476001361,-0.00024594255692157377,0.00010443486399606123,0.005426529780822234,-7.331347518631629e-07,-0.027163238580437142,-0.047821912138721556,-0.05560344135077998,-0.1665631879548349,0
TCGA-49-AARE,-0.17759842310116797,-1.7583342901887495e-05,-0.004342536457947732,-0.11741756175082399,0.016485747770668274,-0.0004214036814179426,9.490164614011924e-05,0.011815067131921271,-1.275172972392361e-05,-0.016905821103718858,-7.605067791055177e-05,-0.006903525033447253,-0.07269177264609376,1
TCGA-62-A46S,-0.12727164471882174,-0.004825045813451781,-0.0029904038060934476,-0.03871087347282075,0.0061223937891447255,-1.2282614806195745e-06,0.021777006319169255,0.023293045079542076,-0.020683359723166234,-0.0090130378696814,-0.0002776103810587847,-0.00038636654846875996,-0.06886512998176154,1
TCGA-86-A4JF,-0.18572279569577202,-1.550864598843141e-05,-0.008856217095229765,-0.12570859034783066,0.013832340291175065,-6.353961629593202e-05,0.0005246140036896762,0.015113754292296638,-3.3850419283407035e-05,-0.0166990175349243,-0.001561412069768271,-0.0005227230321450379,-0.08868116187796045,0
TCGA-78-7147,-0.16502650487068712,-1.5588882885636894e-05,-0.003943359565990381,-0.05597799582162585,0.012297717742546121,-0.00014863797141587327,0.0004043416971264856,0.031291824160214365,-2.6508639354701978e-06,-0.013143327179884617,-0.0029706249209277293,-0.0056836525340210504,-0.0740537912547638,0
TCGA-MP-A4TI,-0.1752480752882784,-6.294011465075896e-05,-0.013383121091291974,-0.11704209247260922,0.01932456903920108,-0.008813020553590843,0.001408210038900953,0.011459207822414828,-2.825176897191533e-05,-0.017702444792052147,-0.001182562634823809,-0.03885276700968368,-0.08649046133100262,0
TCGA-55-6712,-0.12677435970497136,-6.433852914491168e-05,-0.022920928984134382,-0.17469607892096653,0.02936849620353663,-0.0008537058919437709,0.001663597769721317,0.0065115481551672166,-5.510032146802064e-06,-0.009939436810122666,-0.0005275255931957263,-0.006020858432842116,-0.07450223696723052,0
TCGA-4B-A93V,-0.23354511907695807,-1.1622887680908685e-05,-0.004851339259792349,-0.029286877034367696,0.007061679126249652,-4.858049139763989e-07,0.007708549707542802,0.006238639193049637,-0.0003202004720393131,-0.02522417096164023,-0.0015114606445492198,-6.310224831015921e-05,-0.06513003638969116,0
TCGA-62-A46V,-0.1071619967120113,-2.513707365308949e-05,-0.0024428880868443974,-0.08567131994410711,0.014761467903711056,-0.0001639484646481735,0.0006942847799816673,0.022147186142853166,-1.413075676538756e-06,-0.02901653065496822,-0.00047797314703426066,-0.0015108034161531508,-0.059559655289301544,1
TCGA-05-4250,-0.15325228930328616,-0.00018096859044002594,-0.034289781921725694,-0.13261108417172573,0.07934363467192429,-0.028493310654847864,0.0020012633211015933,0.012659073387888322,-5.1289396460759455e-05,-0.018910649424015522,-0.0016745678000342904,-0.03983243376058378,-0.15516521990202525,0
TCGA-NJ-A4YG,-0.18431847110068136,-5.8813645651619775e-05,-0.0016422454446042515,-0.03879979800947146,0.014356531993679544,-0.0007492547800620278,0.0018019216855794686,0.013820069023569534,-4.848823703511059e-05,-0.012938055611400549,-7.647976859512503e-05,-0.0006441296718690466,-0.06376067214399773,1
TCGA-64-1679,-0.12839291156533786,-1.8832746015515746e-05,-0.016633944955313496,-0.20498545255038325,0.01578864307978506,-0.0009902659588002184,0.0012302617643093132,0.027063366423841,-1.9641591405272198e-06,-0.017132886612103774,-0.0008996149678814726,-0.022138424266099296,-0.13941675309036378,1
TCGA-38-7271,-0.16842606071439148,-5.685357287702867e-06,-0.010646104305726602,-0.02545546861711778,0.006632536452606057,-6.66224915047508e-05,0.0018500798119098082,0.012067907212228833,-0.0001535631273690324,-0.011390570566589257,-0.00019169814530979465,-0.0005202198024600068,-0.05061599845199807,0
TCGA-73-7499,-0.15174429259972255,-3.243863129878853e-05,-0.004198275960035914,-0.04281898662143155,0.0140931920895666,-4.8821866166219355e-05,0.00036974021661817145,0.021162821405321143,-4.743192685470915e-05,-0.011021243179909788,-0.00039646473673220683,-0.000704241951388752,-0.05352895966391481,1
TCGA-MP-A5C7,-0.17923262932809,-9.502341111906605e-05,-0.0014795284254681754,-0.04683371078431798,0.006554527463458719,-0.0,0.005435425665196651,0.019987523985607367,-0.10976542250617947,-0.024631171529629195,-0.000303792440724501,-6.682232575874712e-05,-0.05947469196057791,1
TCGA-50-5933,-0.1354999939815594,-0.0,-0.013079108686165675,-0.1359189676016857,0.014483792668299363,-0.001999890785115874,0.0024399707309829665,0.009976383392530604,-2.852289699195542e-07,-0.029725682067509005,-0.002783978001045104,-0.006131313442694114,-0.19451966927450498,1
TCGA-MP-A4T8,-0.17096127624127366,-1.6322477374372746e-05,-0.04084385490932288,-0.04811300322193346,0.017431721422244605,-0.0033634321297053797,0.0006374032467745469,0.01453917818611492,-0.00017928062318618823,-0.019627197268162866,-0.0018591144339345305,-0.07553144427083888,-0.11306017322562831,0
TCGA-50-5049,-0.08734484780325445,-0.0,-0.005465627218735474,-0.03088378313465161,0.004693659821554342,-1.748897690315036e-05,0.0005439777117863154,0.007705167319830813,-0.00011659043678507914,-0.008248948596544004,-0.00047326067741070157,-0.000546260344600122,-0.04691618562888234,1
TCGA-78-7150,-0.15851221737788446,-0.023367036238322626,-0.00576951477704402,-0.45444966455433544,0.018642515410255626,-0.000136715891074138,0.00011980077105633762,0.0069295003994571955,-1.0191662148652882e-06,-0.014705967496584628,-0.0013865124483641825,-0.0042384893629420495,-0.15461100425350266,0
TCGA-73-4658,-0.13151586632527268,-3.269080440429149e-05,-0.014248455192930337,-0.08298700160516921,0.008057780291580413,-5.833019882215994e-05,0.002878314238462312,0.013145736041087173,-3.038823484145746e-05,-0.02010287512800927,-0.0013652385838974447,-0.0025842369790050326,-0.10997156806242345,1
TCGA-49-4487,-0.16986059762781505,-1.229917010021205e-05,-0.005989484466020622,-0.031802092975740305,0.017819176553169076,-1.749203227996782e-05,0.0032032073280700035,0.00918523962262553,-0.0004858459352595359,-0.010684647885885634,-0.0015467589992854314,-0.0003022997515464652,-0.06408644933671442,1
TCGA-44-6776,-0.16638587645987116,-1.3353712177769839e-05,-0.012478970033234383,-0.03102536994813031,0.01714847667236038,-0.00011835918715482855,0.002774125392991565,0.026227029016393028,-0.00205667329449087,-0.03564734098808058,-7.788748715679523e-05,-0.0006790010520646884,-0.056091971833205426,1
TCGA-80-5611,-0.21409703556493315,-0.0,-0.015262159333564835,-0.21383790839620317,0.006976887647546829,-1.953607937084965e-05,0.001786145747643668,0.016486601868317494,-3.95241600190536e-05,-0.01654589986948337,-0.000403446870239956,-0.009807445303478133,-0.09109313617072107,1
TCGA-62-A470,-0.1162178345726369,-6.908396849392173e-05,-0.0010809653636981022,-0.09768615462456812,0.00846088920498076,-4.952765821105299e-06,0.003879522504931815,0.01730843649368704,-0.027069195332395244,-0.007448832606427661,-0.00021157934702835613,-0.00032708867884406495,-0.052215501867488016,1
TCGA-78-7148,-0.18171144040582646,-0.0006735199775567192,-0.006463028445751929,-0.1481728780856011,0.02126066373826905,-0.0003993285839117824,0.0006000135563126669,0.014599941441518131,-0.000271256533575171,-0.01822042562821402,-0.0010255944872908352,-0.02086657498362974,-0.10417159057329815,0
TCGA-78-7155,-0.274160829944834,-0.0,-0.0018874341907666498,-0.05916852801879264,0.028038005683659144,-0.0,0.00014014342786829124,0.012039612871926574,-3.2959537319884176e-07,-0.010823779871072733,-0.0008025953057274324,-0.00013291454285936015,-0.054260158123675586,1
TCGA-64-5774,-0.1639520183880413,-1.350272355829431e-05,-0.005478039073200266,-0.0972191185847407,0.012271248893414423,-2.8610548518710686e-05,0.0032669363768983812,0.014484336642370598,-7.347397380283051e-07,-0.013559487651324554,-0.005253696007034143,-0.004598850136349653,-0.09924006278151824,1
TCGA-78-7220,-0.16845158281395092,-0.0029716995745578518,-0.003108810608829233,-0.18983830573312413,0.028076673973182645,-0.00030154430424574047,0.0002366698213526759,0.008621130876216833,-5.7495190110150655e-06,-0.014952932535884297,-0.0011642735853822168,-0.008568868115572116,-0.12249207971986018,0
TCGA-78-7167,-0.16619443025720926,-9.078231798106192e-06,-0.0033834840117839353,-0.050758143742469924,0.01459876537794834,-0.00010875002706391173,0.004461827852807772,0.02760051050932776,-0.011427728372070994,-0.016946015520467202,-6.70397735345131e-05,-0.0006013313976708064,-0.06208431093029273,1
TCGA-86-8055,-0.13517606432653045,-2.733785711929705e-05,-0.010977135642994611,-0.19401867006776363,0.008360061592960691,-0.0010680650187032438,0.0026935902036526317,0.02219561121051802,-1.422097991624234e-05,-0.020534322656310867,-0.002270153198128735,-0.012373499100187733,-0.12322233735911549,0
TCGA-55-6982,-0.1278274660994421,-7.427644198450519e-06,-0.0030066130845981796,-0.24059453614027673,0.009315386830386229,-0.0001254568275017919,0.0016101912481842656,0.015789107726396457,-7.205814672143722e-06,-0.010479228059307002,-0.0004191463197606148,-0.003556046370060443,-0.0779094184277449,1
TCGA-55-6987,-0.11570958541100443,-6.7731403655315e-05,-0.002284925650684356,-0.04404188122279007,0.002868552342577055,-0.00016158665836827566,0.0009837050734705555,0.006714478874548171,-0.00014264326006888073,-0.007374357623591896,-0.000704469041281598,-0.008349661682737099,-0.08173519264237977,1
TCGA-MP-A4T4,-0.13577720418465014,-7.427644198450519e-06,-0.00935670717979243,-0.044037690107333174,0.00430782450207606,-0.000895867036647924,0.00044923495261046194,0.01303662502495983,-1.2319300594286728e-05,-0.011088782978544305,-0.0004498413595210974,-0.003944950915293193,-0.08898808647516393,1
TCGA-MP-A4T7,-0.1249563212669028,-0.0002183131348822355,-0.009471524636517861,-0.06282655181181478,0.018577446077660965,-0.0007181327117993636,0.0010207257361444636,0.008486833258804036,-0.0001875516901045106,-0.033309261417448256,-0.0007172137874040988,-0.015586637770477873,-0.05594502290733377,0
TCGA-49-AAR9,-0.3355553673058212,-0.0007530462051012404,-0.012371965906519898,-0.5239684255275556,0.05322254964021431,-0.0018186580538113199,6.47131229296363e-05,0.009779869149229122,-1.1535264852614768e-06,-0.148417010767819,-0.0008177339261954473,-0.0433370596208642,-0.044025586996672236,0
TCGA-44-7669,-0.19001806150134187,-0.00013664343594093926,-0.005219314851213313,-0.038644635626360634,0.01965824643011215,-6.609085593851248e-05,0.012971793157334875,0.009116467368164084,-8.690094413480321e-05,-0.013045345052499716,-0.0018241397791884356,-0.0003207263033946109,-0.16568894859284056,0
TCGA-55-6981,-0.07259502343972367,-2.3050914325746904e-05,-0.00531706990951271,-0.11366888230824501,0.010902180492094153,-8.095831953228077e-05,0.0009084797839696629,0.021948275384389475,-2.5986904209161828e-05,-0.009748645115540971,-0.0006846104232832773,-0.0011238458273420918,-0.2095052753978566,1
TCGA-49-4505,-0.1078989701787648,-1.4247780460916659e-05,-0.005103904372103563,-0.1025663441293041,0.011075526685859661,-1.3620869852243937e-05,0.000638448825507134,0.026936428427184418,-1.1279957410488222e-05,-0.01619474233594875,-0.0004937591674825088,-0.00047231076765482803,-0.07266629812163829,0
TCGA-55-7284,-0.12755945359810186,-0.04056803886261211,-0.01592180830295766,-0.06427102886515541,0.01182589492079719,-0.0013062102539866554,0.0015152075958690416,0.013202092800869543,-0.0012707082448065422,-0.01480393315084791,-0.00016913324483596354,-0.06690190760248373,-0.061801956222443305,0
