,ARSI,CCL26,EIF3D,GSTO1,GSTP1,HSP90AB1,INPP1,LMO4,POMP,PPP1R14B,PSMC3,RNASE7,RNF181,ROMO1,RPL12,RPS4X,S100A10,SBDS,SERPINE1,SPINK5,SPINK7,STIP1,TCEAL8,TMED10,TOMM34,TUBB6,ZMAT2,class
GSM1607700,-0.010163703,-0.094952282,0.006665198,0.025608288,0.001414923,0.002968253,0.007080427,0.030354209,-0.053498838,0.025794391,-0.025178467,-0.166946298,-0.064739658,0.025557216,-0.011056079,-0.001861812,-0.008535849,-0.029500942,0.000906392,-0.001442151,0.042728084,-0.014393665,-0.152318677,0.003370048,-0.03936246,-0.004781318,-0.052904101,0
GSM1607704,-0.009836318,-0.091249655,0.006676221,0.024778566,0.001383504,0.002918535,0.007021699,0.040148073,-0.049548674,0.024496067,-0.024940089,-0.141047332,-0.06731007,0.025686648,-0.010942493,-0.002021183,-0.007973438,-0.027384174,0.000729575,-0.001660933,0.04603625,-0.013938812,-0.160977639,0.003564189,-0.040874267,-0.004443995,-0.052022949,0
GSM1607714,-0.010123473,-0.089519872,0.006759872,0.026433228,0.001428303,0.003102433,0.007251089,0.031307988,-0.052440034,0.025793009,-0.025266407,-0.156151685,-0.064769086,0.026109823,-0.011114932,-0.001875398,-0.008393208,-0.029724766,0.000948907,-0.001362206,0.042419482,-0.015059646,-0.150725989,0.003521041,-0.041809322,-0.004528623,-0.053617886,0
GSM1607734,-0.010137166,-0.097561857,0.006722555,0.028330352,0.001322716,0.002892196,0.006090247,0.031551538,-0.053737618,0.024231023,-0.025363007,-0.154193152,-0.07029507,0.025843072,-0.011543749,-0.001824166,-0.008030717,-0.027878556,0.001116577,-0.001337691,0.03722065,-0.013620081,-0.165700792,0.003424124,-0.040066732,-0.004103724,-0.051890067,0
GSM1607741,-0.010400066,-0.092606527,0.006975943,0.025724087,0.0014397,0.003081988,0.006906575,0.03365025,-0.053109832,0.025276113,-0.024920112,-0.140873209,-0.067823992,0.024916638,-0.010627999,-0.001901811,-0.008622409,-0.029390881,0.00090645,-0.00136628,0.04446125,-0.014551356,-0.150246548,0.004187082,-0.037633625,-0.004408328,-0.053522919,0
GSM1607742,-0.009867113,-0.096113892,0.006656546,0.027427541,0.001398626,0.002983337,0.006017201,0.031371158,-0.053898409,0.02657979,-0.026155598,-0.154579034,-0.068690228,0.027376419,-0.011905842,-0.001829287,-0.008419176,-0.029593046,0.000957618,-0.001740069,0.042221517,-0.014475808,-0.171294794,0.003519465,-0.041407049,-0.004842661,-0.053621981,0
GSM1607766,-0.010070088,-0.096708659,0.0065322,0.02723886,0.001399932,0.003025004,0.006721545,0.033793134,-0.053587201,0.025045291,-0.024985104,-0.143931591,-0.068249504,0.026163595,-0.01137164,-0.001912401,-0.008205984,-0.029333283,0.000788884,-0.001765789,0.056412573,-0.014614732,-0.172550445,0.003364454,-0.040022239,-0.004502235,-0.052136439,0
GSM1607767,-0.010316126,-0.090331665,0.006437856,0.026549039,0.00136944,0.003150309,0.007124681,0.032067625,-0.051235781,0.025099585,-0.024574357,-0.151776806,-0.064320876,0.024821972,-0.011321694,-0.001885839,-0.008404598,-0.028899449,0.000931121,-0.001306007,0.043105565,-0.013886084,-0.153121242,0.003737013,-0.039739144,-0.004871534,-0.050189395,0
GSM1607774,-0.010070945,-0.093068373,0.006670891,0.029236049,0.001392643,0.002904824,0.007393646,0.0351268,-0.053827283,0.02607766,-0.02361099,-0.130310928,-0.067505989,0.026048869,-0.011709332,-0.002061324,-0.00816587,-0.029210305,0.000762963,-0.00161468,0.046304246,-0.01323967,-0.155968943,0.003658113,-0.03821467,-0.00442286,-0.050241072,0
GSM1607775,-0.010147132,-0.090242774,0.006434418,0.029031423,0.001376679,0.003003907,0.006842633,0.033991158,-0.05317277,0.024839137,-0.023615543,-0.133016991,-0.062675764,0.024160455,-0.011176782,-0.002007926,-0.008469586,-0.030139676,0.000908226,-0.001533029,0.058503031,-0.013530817,-0.168349006,0.003717029,-0.037155522,-0.004674079,-0.050910039,0
GSM1607779,-0.010165331,-0.089006169,0.00683718,0.02598668,0.001386136,0.002932894,0.007844494,0.032862664,-0.052794062,0.024295115,-0.024174298,-0.148780317,-0.068047688,0.024555687,-0.010657545,-0.001903344,-0.008066151,-0.028550214,0.000870115,-0.001723175,0.054773209,-0.014022729,-0.167030118,0.003631457,-0.037952232,-0.004566564,-0.049519145,0
GSM1607792,-0.010060382,-0.087217928,0.006731436,0.028818377,0.001404791,0.002912887,0.007765738,0.034025481,-0.053331787,0.024547873,-0.024344193,-0.150492879,-0.065518305,0.025427719,-0.011100224,-0.001994359,-0.008763092,-0.030625533,0.000782237,-0.002168989,0.062954001,-0.013179454,-0.153244935,0.003688503,-0.038344745,-0.004747906,-0.051825823,0
GSM1607795,-0.009928077,-0.090744646,0.006611542,0.026340518,0.001368001,0.002859558,0.007401899,0.03443471,-0.050027017,0.025377546,-0.025163597,-0.161601731,-0.06643782,0.025788708,-0.01131956,-0.0017844,-0.007921334,-0.026194225,0.001035315,-0.00168186,0.045887274,-0.013638615,-0.150185062,0.00313622,-0.038086145,-0.004772191,-0.054116751,0
GSM1607799,-0.01010995,-0.089310522,0.006538994,0.026774304,0.001365948,0.002844067,0.007579594,0.033726255,-0.051672677,0.02448776,-0.024057991,-0.167396943,-0.063853967,0.025350775,-0.011150328,-0.001918526,-0.008243044,-0.029375258,0.000863643,-0.002054752,0.067082377,-0.013103706,-0.163431644,0.003710995,-0.036837077,-0.004962475,-0.051223707,0
GSM1607801,-0.010033543,-0.09006863,0.006633174,0.02879513,0.001371509,0.003032024,0.007678029,0.033940192,-0.054462552,0.026048662,-0.024087301,-0.115898206,-0.064296948,0.025469294,-0.011553215,-0.001929202,-0.008674849,-0.027664349,0.000823476,-0.001436831,0.044249738,-0.014260256,-0.154091131,0.003549998,-0.041509352,-0.004603372,-0.051815911,0
GSM1607803,-0.010011604,-0.09878367,0.006629388,0.029056651,0.001435699,0.003018343,0.006983609,0.0371971,-0.050928863,0.025640792,-0.024184637,-0.138787366,-0.065757203,0.025150953,-0.011572265,-0.001890487,-0.008220405,-0.028040389,0.000930262,-0.001493242,0.046443325,-0.014378685,-0.16602056,0.003570441,-0.038757144,-0.00439904,-0.049048426,0
GSM1607806,-0.010135733,-0.090126646,0.006776789,0.025614912,0.001291948,0.003066838,0.006255083,0.042107533,-0.051576091,0.023514364,-0.025085996,-0.112116869,-0.066514906,0.024723766,-0.011589552,-0.002037304,-0.007483498,-0.025838464,0.000687203,-0.001412564,0.043283105,-0.013920319,-0.161641942,0.003635552,-0.041259128,-0.003940725,-0.052000897,0
GSM1607817,-0.009894995,-0.089299732,0.006728097,0.026481104,0.001330671,0.002926173,0.007250098,0.0396091,-0.052235265,0.023818719,-0.024098068,-0.153316163,-0.066631533,0.025155173,-0.011711627,-0.002125488,-0.007667786,-0.028023382,0.000706908,-0.00201861,0.057980868,-0.01317074,-0.160860121,0.003715292,-0.037372668,-0.00419839,-0.052323505,0
GSM1607824,-0.009941547,-0.088153997,0.006616787,0.025962553,0.00135481,0.003041318,0.007452317,0.036025305,-0.050719304,0.024437659,-0.024196083,-0.141510382,-0.064861668,0.025172766,-0.011144283,-0.001931677,-0.008024373,-0.028186437,0.000812675,-0.001912883,0.052186182,-0.013639767,-0.160923139,0.003538929,-0.039650481,-0.004561273,-0.049741812,0
GSM1607825,-0.01038718,-0.089829502,0.006733004,0.026062688,0.001394945,0.003200216,0.007027721,0.031827348,-0.050024653,0.02639272,-0.025448047,-0.143989104,-0.066269871,0.026288252,-0.010959689,-0.001855063,-0.00803409,-0.027948526,0.000879267,-0.001453093,0.047875941,-0.014752433,-0.161051877,0.003282703,-0.039250817,-0.005372534,-0.051819219,0
GSM1607829,-0.010097427,-0.089992066,0.006894982,0.027348843,0.00140933,0.003026883,0.007485133,0.033185279,-0.052381911,0.027982075,-0.025264389,-0.163716132,-0.065713788,0.025890256,-0.011251117,-0.00187827,-0.008617226,-0.02866618,0.000987328,-0.001312626,0.039281815,-0.015003454,-0.153204749,0.003618757,-0.039390677,-0.004560022,-0.051901589,0
GSM1607832,-0.010189566,-0.094890607,0.006478156,0.026515971,0.001362346,0.003011258,0.008430247,0.034937712,-0.049794045,0.026191209,-0.024618579,-0.115811544,-0.065762603,0.026536148,-0.010842937,-0.001858095,-0.007855048,-0.026900557,0.000816266,-0.001394382,0.040015797,-0.014563155,-0.1605061,0.003382028,-0.040991277,-0.004260829,-0.049392491,0
GSM1607841,-0.010274579,-0.101932796,0.006600531,0.02834856,0.001369503,0.003062763,0.007110886,0.031212527,-0.052626238,0.025659468,-0.025237458,-0.150565653,-0.067523967,0.026523223,-0.011208885,-0.001782594,-0.008381327,-0.028314249,0.000976466,-0.001570599,0.046052213,-0.014771713,-0.149170361,0.003250686,-0.041796793,-0.004673427,-0.051448868,0
GSM1607843,-0.009852331,-0.089588051,0.00644283,0.02756197,0.001422421,0.003087923,0.007343792,0.03992695,-0.051157944,0.024829432,-0.025056388,-0.114730621,-0.063591577,0.025377454,-0.0106756,-0.002026374,-0.007833398,-0.027572704,0.00087752,-0.001480663,0.041591788,-0.014413978,-0.160637825,0.003453628,-0.039076064,-0.004113802,-0.051409553,0
GSM1607849,-0.01027735,-0.089204553,0.006348546,0.028912716,0.001275442,0.002981448,0.0065214,0.033057482,-0.053290335,0.025084107,-0.024297473,-0.119076702,-0.065388509,0.024463256,-0.011003499,-0.001885478,-0.008157099,-0.02924302,0.001062847,-0.001369292,0.041070873,-0.013486934,-0.166972612,0.003548566,-0.038514438,-0.004603067,-0.051124845,0
GSM1607850,-0.009953133,-0.089575868,0.00693553,0.027927591,0.001326963,0.002829858,0.006293307,0.033270374,-0.051517659,0.024297229,-0.024363341,-0.122452318,-0.063934977,0.025126892,-0.011309331,-0.001953627,-0.008409383,-0.029940615,0.00098239,-0.001407182,0.042637336,-0.0131106,-0.157335254,0.00373092,-0.039686809,-0.004670291,-0.050619118,0
GSM1607851,-0.010212915,-0.089446178,0.006716876,0.027189241,0.001425094,0.002811902,0.006828511,0.032214646,-0.050956283,0.026937781,-0.023938898,-0.151090904,-0.066137067,0.026159735,-0.011184757,-0.001880807,-0.008473804,-0.029417866,0.000873376,-0.001573084,0.042825768,-0.013673223,-0.172082714,0.003965271,-0.039418729,-0.004893274,-0.053972094,0
GSM1607855,-0.010200165,-0.092556055,0.006794871,0.028870367,0.001417414,0.002934876,0.007544455,0.036891294,-0.051644883,0.02422455,-0.024154842,-0.139433882,-0.066649796,0.025845197,-0.011235151,-0.001995172,-0.007963112,-0.028754038,0.000715272,-0.00192064,0.050147244,-0.013574366,-0.166891129,0.003606725,-0.040556152,-0.004501894,-0.053865374,0
GSM1607856,-0.009907501,-0.091098201,0.006975309,0.027106532,0.00133663,0.003192669,0.007250122,0.033892859,-0.054265003,0.024624809,-0.024248365,-0.125793875,-0.066034542,0.025156502,-0.011147174,-0.001963163,-0.007956365,-0.02911661,0.000831154,-0.001519614,0.049587808,-0.013641625,-0.171742437,0.003915473,-0.039631088,-0.004477342,-0.052153976,0
GSM1607861,-0.010109501,-0.099235671,0.006559807,0.026489322,0.001375377,0.002988708,0.007600418,0.034657767,-0.051109203,0.02569856,-0.024324192,-0.148036829,-0.065475442,0.025399776,-0.011282558,-0.001840145,-0.008529083,-0.0280515,0.001082063,-0.00147989,0.044944775,-0.013952468,-0.154067015,0.003860135,-0.038221394,-0.004399689,-0.051472461,0
GSM1607862,-0.010063944,-0.087573581,0.006852816,0.027910021,0.001408696,0.003012666,0.006769565,0.031445509,-0.052561784,0.027219132,-0.026394787,-0.152304426,-0.066048008,0.027536233,-0.011451485,-0.001844186,-0.008040949,-0.024744983,0.000913309,-0.001461625,0.050018006,-0.014876166,-0.160904778,0.003211301,-0.039554868,-0.004796346,-0.052567703,0
GSM1607865,-0.010428366,-0.0874576,0.006730109,0.026762361,0.001413457,0.003050265,0.006276985,0.030945336,-0.05184438,0.026547534,-0.023570283,-0.134179198,-0.062570492,0.026049464,-0.011287741,-0.002038029,-0.008679611,-0.029644659,0.00095405,-0.001349929,0.040309386,-0.014005858,-0.155445686,0.00407295,-0.040808789,-0.004743057,-0.047566468,0
GSM1607867,-0.009864043,-0.092509127,0.006558458,0.026458909,0.00136506,0.003008551,0.007706518,0.037515273,-0.049495905,0.024532047,-0.023453056,-0.168860133,-0.065050934,0.025567693,-0.011408508,-0.001915613,-0.00811116,-0.028466804,0.000731237,-0.00200244,0.056832915,-0.013503519,-0.158259929,0.003394569,-0.039917545,-0.004117949,-0.051508566,0
GSM1607871,-0.010023234,-0.088521478,0.006717365,0.027051776,0.001297192,0.00294358,0.007642093,0.038116868,-0.052527264,0.023563874,-0.025304203,-0.119655809,-0.06775293,0.025561505,-0.011553917,-0.001932028,-0.007449571,-0.026209034,0.000717308,-0.001675818,0.059388089,-0.013209229,-0.165149036,0.003521602,-0.039709478,-0.004094042,-0.051416567,0
GSM1607872,-0.010041296,-0.091055909,0.006885428,0.028458363,0.00143276,0.003035525,0.006749518,0.031637889,-0.051999972,0.026273955,-0.025484548,-0.168427295,-0.068159137,0.026737968,-0.011463008,-0.00185166,-0.00821401,-0.026422523,0.000962014,-0.001439653,0.047893613,-0.014906093,-0.154965642,0.003389374,-0.040231431,-0.004847151,-0.052431724,0
GSM1607877,-0.010066446,-0.08931479,0.006540555,0.026721973,0.001371258,0.002895438,0.007544288,0.035939629,-0.050017031,0.023915947,-0.023789082,-0.13688456,-0.06431052,0.025050017,-0.010874834,-0.001956038,-0.008409269,-0.028109674,0.000824432,-0.001810287,0.052944656,-0.01309109,-0.157794083,0.003762509,-0.038522069,-0.00457197,-0.050745741,0
GSM1607883,-0.01077983,-0.091213691,0.007003587,0.029507786,0.001303555,0.003083299,0.006669506,0.032310257,-0.052737671,0.027649946,-0.025875657,-0.145890923,-0.065248329,0.028563147,-0.011144451,-0.001816167,-0.008713857,-0.02834945,0.001073214,-0.001316219,0.039956353,-0.015029772,-0.163641572,0.003569825,-0.042974899,-0.004812851,-0.052655507,0
GSM1607885,-0.01002983,-0.089728204,0.006688089,0.026291014,0.001413693,0.00306291,0.007253163,0.033890721,-0.050986823,0.025901522,-0.024332535,-0.150632824,-0.064875584,0.025130582,-0.011017262,-0.001841812,-0.008401848,-0.030793258,0.000929822,-0.001752891,0.067558299,-0.014392902,-0.149695437,0.003451199,-0.038788697,-0.004793478,-0.052490166,0
GSM1607890,-0.009935033,-0.090284764,0.006618479,0.026969856,0.001372693,0.002978368,0.006757118,0.031975286,-0.051506129,0.024206942,-0.024714592,-0.15695373,-0.066398252,0.025143692,-0.011100475,-0.001989885,-0.007983168,-0.028949078,0.000932074,-0.002028228,0.057308629,-0.013891024,-0.160907084,0.003646113,-0.038563097,-0.004807836,-0.052998255,0
GSM1607891,-0.009864684,-0.090302493,0.006438386,0.026691306,0.001287766,0.002804907,0.00667469,0.036729288,-0.051665775,0.023239203,-0.024396097,-0.148334428,-0.06676153,0.025470863,-0.011006118,-0.001881934,-0.007804996,-0.027354879,0.000709152,-0.001644436,0.059632861,-0.012865887,-0.152246503,0.003571666,-0.039164416,-0.004130754,-0.050239851,0
GSM1607892,-0.010508271,-0.089564412,0.006553305,0.0285907,0.001417269,0.003020291,0.007991301,0.035874479,-0.054153084,0.024823954,-0.024693927,-0.130442378,-0.06470983,0.026218801,-0.011160374,-0.001924246,-0.008317695,-0.027787381,0.000851748,-0.0015873,0.043888216,-0.01420648,-0.154382329,0.003585078,-0.041091045,-0.004526362,-0.051046935,0
GSM1607897,-0.009982848,-0.089415075,0.0068583,0.028038724,0.001381031,0.003034358,0.006901123,0.032459767,-0.052238845,0.025245237,-0.025727615,-0.138918609,-0.06908808,0.02668966,-0.011669152,-0.00191894,-0.008325426,-0.026649095,0.000824058,-0.00172544,0.055138881,-0.01422043,-0.16575328,0.003385614,-0.04237674,-0.004435245,-0.055262568,0
GSM1607901,-0.010075215,-0.091892852,0.006579396,0.027179116,0.001330524,0.00291111,0.006711789,0.034902343,-0.051930011,0.024117206,-0.023719854,-0.135622584,-0.063099272,0.025042951,-0.011136152,-0.001956353,-0.007892125,-0.029186926,0.000868004,-0.00145113,0.041996845,-0.013204992,-0.167560344,0.003397541,-0.038689048,-0.004282117,-0.050670604,0
GSM1607902,-0.010263568,-0.091359752,0.006436989,0.026348145,0.00139146,0.002891688,0.007786656,0.038321961,-0.04877521,0.023477999,-0.023290003,-0.142506095,-0.064043549,0.025282913,-0.011091812,-0.001853516,-0.007923491,-0.027216126,0.000711169,-0.001735541,0.058237686,-0.013074175,-0.141878126,0.003463491,-0.038779892,-0.004032591,-0.051159451,0
GSM1607907,-0.010062235,-0.092459683,0.006817043,0.02965483,0.001290232,0.003091157,0.006431457,0.031833306,-0.053165807,0.025532793,-0.025734693,-0.126116822,-0.069016863,0.026772516,-0.011217447,-0.001885798,-0.007766372,-0.028227936,0.000988935,-0.001307506,0.039101507,-0.014345741,-0.158398659,0.003233534,-0.042306475,-0.004650266,-0.052002251,0
GSM1607908,-0.01001019,-0.088977328,0.006835072,0.026682184,0.001437598,0.003087858,0.006993362,0.035054067,-0.053759089,0.026057138,-0.02448024,-0.135468753,-0.067469902,0.024907376,-0.011469401,-0.001868081,-0.008424699,-0.031953367,0.000852956,-0.001588447,0.054707969,-0.014635452,-0.153959778,0.003430116,-0.041248007,-0.004608854,-0.050347087,0
GSM1607915,-0.010031027,-0.089161237,0.006653683,0.026930831,0.001315161,0.003059985,0.008140831,0.037863762,-0.053953259,0.022194492,-0.024525117,-0.145493523,-0.068094911,0.025390456,-0.011570908,-0.002027014,-0.007718558,-0.028612422,0.000757119,-0.001667495,0.063455091,-0.012922079,-0.167220085,0.003522338,-0.039616912,-0.004215132,-0.050515431,0
GSM1607916,-0.009991492,-0.089800396,0.006765173,0.028623724,0.001384264,0.00277137,0.007188663,0.032077371,-0.053578874,0.025197256,-0.024729053,-0.173172618,-0.069323063,0.026514067,-0.011662432,-0.00200209,-0.008319202,-0.029635283,0.000837654,-0.002167225,0.068098859,-0.013252217,-0.168951634,0.003393796,-0.037086265,-0.004714581,-0.053632695,0
GSM1607917,-0.010070034,-0.103302251,0.006693553,0.026592212,0.001402011,0.002925522,0.006884095,0.040166972,-0.050492877,0.024596511,-0.024014881,-0.120310847,-0.064120928,0.025214663,-0.011270634,-0.001995648,-0.008062769,-0.028244049,0.000749964,-0.001482003,0.043201959,-0.013385093,-0.168227259,0.003536793,-0.038800527,-0.004243185,-0.048954423,0
GSM1607918,-0.010088622,-0.089331134,0.006710926,0.025628862,0.001250295,0.00283656,0.006428293,0.035743951,-0.051169786,0.023027638,-0.02325612,-0.113003504,-0.063340782,0.024335119,-0.011553823,-0.002022057,-0.007159176,-0.028869745,0.000750683,-0.001387427,0.042675294,-0.013142562,-0.161373666,0.003788987,-0.038505258,-0.003890807,-0.05125292,0
GSM1607921,-0.009923359,-0.087794843,0.006904126,0.028548726,0.001407128,0.002948589,0.006949552,0.032119162,-0.05471416,0.026574234,-0.025324146,-0.157913637,-0.069279276,0.026057741,-0.011501553,-0.001982523,-0.008309401,-0.030902559,0.000822447,-0.001728553,0.063130376,-0.014010168,-0.160839158,0.003481665,-0.039142181,-0.004666472,-0.051731771,0
GSM1607924,-0.00997321,-0.08926941,0.006724617,0.026976363,0.001381062,0.002922899,0.007463449,0.029953991,-0.052240274,0.025245263,-0.024314921,-0.153185207,-0.066155752,0.026550189,-0.011589685,-0.002053062,-0.00832838,-0.030289373,0.000847383,-0.001622117,0.059240717,-0.013328616,-0.155657328,0.003475682,-0.038355226,-0.004866193,-0.051137939,0
GSM1607926,-0.010372966,-0.09029048,0.006418951,0.028832903,0.00136588,0.003086414,0.006784606,0.033728291,-0.055242891,0.025248662,-0.025120596,-0.129861768,-0.064529032,0.025453849,-0.010730535,-0.001905226,-0.008329601,-0.0299953,0.001005451,-0.001378789,0.040715721,-0.014020786,-0.166393948,0.003355507,-0.041554821,-0.004652826,-0.050720992,0
GSM1607927,-0.010007941,-0.087572967,0.006653986,0.028180487,0.001318641,0.002982664,0.008542436,0.036008,-0.053228901,0.023426484,-0.02564151,-0.108161573,-0.064676347,0.024924965,-0.010996639,-0.00194302,-0.007246501,-0.026567054,0.000739419,-0.001504397,0.04062414,-0.013456233,-0.158425487,0.003343655,-0.040271899,-0.003662708,-0.049820472,0
GSM1607928,-0.010067288,-0.086970526,0.006705454,0.026126897,0.001437513,0.002997224,0.007079065,0.033879747,-0.051794917,0.024907934,-0.023834622,-0.162188336,-0.067904021,0.024698996,-0.011401526,-0.001880633,-0.008284135,-0.029571108,0.000814516,-0.001761238,0.056865059,-0.013656811,-0.156745265,0.003667824,-0.039590714,-0.004452896,-0.051949351,0
GSM1607932,-0.010376597,-0.093447514,0.006556397,0.028851445,0.001422788,0.002947474,0.006859804,0.034884303,-0.051973857,0.02576628,-0.025457233,-0.152537894,-0.071691847,0.025578714,-0.010815392,-0.001896879,-0.008512213,-0.027324848,0.000979679,-0.00139025,0.041046781,-0.014175993,-0.172823431,0.003493673,-0.0404047,-0.004995896,-0.051590352,0
GSM1607942,-0.010012001,-0.090554267,0.006459262,0.028985443,0.00143405,0.002906241,0.00697488,0.029833105,-0.053202641,0.026554762,-0.025587035,-0.143321392,-0.066481396,0.026125924,-0.011244839,-0.001883225,-0.008696257,-0.028918573,0.000975306,-0.001497683,0.049705642,-0.013937,-0.166713657,0.003739453,-0.041098614,-0.005038667,-0.051844936,0
GSM1607952,-0.009997139,-0.088511012,0.006609761,0.02630298,0.001357917,0.003036247,0.006517469,0.041905643,-0.0523622,0.024582022,-0.024337312,-0.119543679,-0.065859994,0.025145805,-0.011097588,-0.001836832,-0.007657865,-0.028153067,0.000868527,-0.001385949,0.042498989,-0.013898817,-0.155253921,0.003548946,-0.04215557,-0.004145867,-0.049819831,0
GSM1607684,-0.009969322,-0.089341161,0.006763727,0.027952714,0.001322048,0.002858274,0.00772271,0.037193994,-0.0533763,0.024667149,-0.025298586,-0.134495646,-0.06873309,0.025767624,-0.011433236,-0.00207762,-0.007515786,-0.02796184,0.00073893,-0.001629068,0.046740307,-0.01357106,-0.161081741,0.003068811,-0.038566777,-0.004177134,-0.053153714,1
GSM1607685,-0.010028766,-0.089687253,0.006863137,0.025008738,0.001352673,0.00273053,0.008324526,0.037635552,-0.052273748,0.024231684,-0.025330154,-0.113005297,-0.067923129,0.024699129,-0.011590177,-0.001996435,-0.007701667,-0.027331746,0.000782983,-0.001439535,0.041981651,-0.013289959,-0.159603456,0.003496383,-0.039630468,-0.003976585,-0.051824592,1
GSM1607686,-0.009990781,-0.090364953,0.006589793,0.025920015,0.001312934,0.003045908,0.00645445,0.032927573,-0.050979138,0.025125303,-0.023863434,-0.1294273,-0.064158313,0.025454945,-0.011025759,-0.001914136,-0.008033294,-0.027512387,0.000759939,-0.001757293,0.054355437,-0.013979318,-0.147839322,0.003946932,-0.042480739,-0.004258749,-0.049992019,1
GSM1607687,-0.009889961,-0.094222278,0.006380127,0.02666056,0.001431738,0.002861275,0.007457208,0.040029088,-0.051871,0.024003742,-0.023995569,-0.121683224,-0.064502072,0.026355872,-0.010613945,-0.001845738,-0.008136051,-0.028184267,0.000801024,-0.001794826,0.042845721,-0.013462016,-0.162126199,0.003496181,-0.036772342,-0.004237135,-0.051451758,1
GSM1607688,-0.010223547,-0.090449586,0.006426441,0.026296045,0.0014329,0.002921859,0.007666643,0.038629161,-0.050843057,0.022992384,-0.02334084,-0.13142556,-0.064458333,0.024254194,-0.010655859,-0.001922518,-0.008118454,-0.028822125,0.000752712,-0.00149398,0.045157257,-0.012507155,-0.161865878,0.003725785,-0.037096945,-0.004521847,-0.051102396,1
GSM1607689,-0.009912944,-0.089571132,0.006774307,0.025986304,0.001367194,0.003017141,0.007136068,0.035223095,-0.051464628,0.025629072,-0.024369663,-0.165195598,-0.065924728,0.024581838,-0.010842271,-0.001943504,-0.008377535,-0.028844454,0.000755101,-0.002144571,0.063700327,-0.013876717,-0.157481035,0.003501952,-0.038816169,-0.004617342,-0.052502055,1
GSM1607690,-0.010085139,-0.091491467,0.006588693,0.025915733,0.001342196,0.003034726,0.007494999,0.035895556,-0.050490248,0.025169941,-0.023650482,-0.12296187,-0.062208805,0.024167728,-0.0110749,-0.001852928,-0.007900508,-0.028508563,0.000736169,-0.001678834,0.045011105,-0.0137182,-0.149429622,0.003393853,-0.03897251,-0.00444136,-0.049250053,1
GSM1607691,-0.010106393,-0.092239818,0.006281974,0.02922659,0.001424234,0.002981783,0.00682798,0.040644543,-0.048721289,0.024285529,-0.024092385,-0.150687598,-0.064245564,0.026404518,-0.010972765,-0.001885412,-0.007975891,-0.029232187,0.000819579,-0.001641519,0.047353599,-0.013178158,-0.167000216,0.003556297,-0.039616992,-0.004723518,-0.04984137,1
GSM1607692,-0.010105673,-0.093953405,0.006461328,0.027482434,0.001434141,0.003103297,0.006438409,0.032812207,-0.051412473,0.024822223,-0.025815614,-0.147678678,-0.066371038,0.026169035,-0.011454558,-0.001901012,-0.008572481,-0.027987254,0.000973337,-0.001629877,0.050373664,-0.014813514,-0.161315966,0.003436432,-0.041314985,-0.004719106,-0.053715436,1
GSM1607693,-0.010347315,-0.089101728,0.00656815,0.027111968,0.001400672,0.003133137,0.007218994,0.032713669,-0.051847248,0.026743478,-0.024801092,-0.121571046,-0.064924093,0.024644646,-0.011402412,-0.001853704,-0.008547636,-0.030401751,0.001056456,-0.001319682,0.042750307,-0.014215012,-0.162777388,0.00356195,-0.03923266,-0.004854973,-0.052659168,1
GSM1607694,-0.010219675,-0.090524391,0.006599973,0.027119169,0.001413542,0.00292083,0.00661863,0.032846964,-0.053342791,0.024444875,-0.024237337,-0.134398968,-0.068016725,0.025784423,-0.011383284,-0.002036595,-0.008178498,-0.029118305,0.000842739,-0.00136894,0.041400733,-0.013324517,-0.173797184,0.003826642,-0.039858338,-0.00428384,-0.050338688,1
GSM1607695,-0.009992743,-0.090357838,0.006350996,0.026468161,0.001373493,0.002852335,0.00754521,0.038298651,-0.050875598,0.024475873,-0.023116749,-0.147554892,-0.0633488,0.024368185,-0.011199272,-0.001985999,-0.008238931,-0.029335604,0.000749969,-0.002131518,0.0659358,-0.012859147,-0.160695096,0.003714296,-0.039097769,-0.004633119,-0.049777211,1
GSM1607696,-0.010178728,-0.090737392,0.006301981,0.027887311,0.001406811,0.002911003,0.007767872,0.032475297,-0.051004665,0.024530288,-0.023835016,-0.157202661,-0.063301445,0.025112828,-0.010839263,-0.00192002,-0.008548045,-0.03097007,0.000907252,-0.001524033,0.04420914,-0.013250416,-0.161769177,0.003767438,-0.039342725,-0.004623622,-0.049622181,1
GSM1607697,-0.010116345,-0.090838192,0.006794295,0.027893425,0.001372993,0.003107638,0.007686403,0.034986754,-0.052291258,0.026963033,-0.025820586,-0.12020952,-0.071293936,0.026223726,-0.011597738,-0.001969426,-0.008124768,-0.027062513,0.000760636,-0.00174362,0.05463967,-0.014908713,-0.16605318,0.003168012,-0.038086667,-0.00462236,-0.05488485,1
GSM1607698,-0.010366943,-0.087609685,0.006827274,0.028928063,0.001360353,0.00305948,0.006611493,0.031625315,-0.051877352,0.02626834,-0.025740262,-0.152437883,-0.067888753,0.026231756,-0.011964435,-0.001982396,-0.008501007,-0.027901156,0.001027229,-0.001821392,0.058777925,-0.013647053,-0.157370266,0.00382301,-0.042729234,-0.004893269,-0.052755442,1
GSM1607699,-0.010314367,-0.089694927,0.006450447,0.026842699,0.001450349,0.003087488,0.007617009,0.034466568,-0.050880511,0.026490408,-0.024301267,-0.125035546,-0.065953622,0.025629386,-0.010908212,-0.001813911,-0.00807944,-0.027791859,0.000862861,-0.00162095,0.047444426,-0.013998135,-0.151650948,0.003408482,-0.039705291,-0.004725778,-0.050787261,1
GSM1607701,-0.010199362,-0.090218343,0.00663345,0.026265333,0.001302201,0.002877742,0.006458803,0.036223111,-0.051051274,0.022836689,-0.024017271,-0.110570564,-0.067035791,0.026088335,-0.011557134,-0.002017224,-0.007317064,-0.028823035,0.000675613,-0.001389797,0.040520137,-0.013170507,-0.173687492,0.003880158,-0.038494423,-0.00377246,-0.051680886,1
GSM1607702,-0.009936678,-0.088722341,0.006769384,0.026759494,0.001309296,0.002876001,0.007529424,0.036287064,-0.052173417,0.024439055,-0.02462029,-0.121179972,-0.066691209,0.025379642,-0.011018157,-0.001905947,-0.008003702,-0.0271582,0.000795669,-0.001485006,0.044390108,-0.013524078,-0.14346392,0.00354485,-0.039117668,-0.004215407,-0.052107097,1
GSM1607703,-0.009978831,-0.093738068,0.006554751,0.027356842,0.001394303,0.003073714,0.006564264,0.034379118,-0.049669208,0.025106034,-0.02451854,-0.148965847,-0.065685035,0.024727149,-0.010638758,-0.001784224,-0.008281573,-0.027698884,0.000909214,-0.001596535,0.04727737,-0.014257411,-0.156154787,0.003415559,-0.038998761,-0.004671962,-0.051326695,1
GSM1607705,-0.010216002,-0.095665879,0.006637846,0.028631497,0.00139956,0.002936048,0.006677315,0.033576385,-0.050234166,0.025920998,-0.023476249,-0.13646627,-0.064449252,0.024801295,-0.011009258,-0.001949572,-0.008088771,-0.029483742,0.001014661,-0.00154825,0.056984904,-0.014032685,-0.159381137,0.003738242,-0.039222278,-0.004306656,-0.048254137,1
GSM1607706,-0.010189491,-0.088524899,0.006204693,0.027414496,0.001353479,0.003080568,0.008327107,0.033563184,-0.051908212,0.023020471,-0.024076443,-0.115748547,-0.065343496,0.024466054,-0.010930343,-0.002008132,-0.007427366,-0.027791135,0.000857643,-0.001496163,0.042547755,-0.013981722,-0.162294256,0.003703227,-0.039499625,-0.00400839,-0.050651479,1
GSM1607707,-0.010203278,-0.093794829,0.006773482,0.02664597,0.001464457,0.002954632,0.007972874,0.038299546,-0.050365492,0.026420755,-0.025885288,-0.131398941,-0.0693461,0.025240915,-0.010839309,-0.001933483,-0.008196376,-0.028831412,0.00071075,-0.001763575,0.048032312,-0.013874578,-0.146727447,0.003350206,-0.038372328,-0.004741276,-0.054309353,1
GSM1607708,-0.010049724,-0.087470777,0.006591621,0.026890741,0.001383833,0.003120553,0.007406949,0.037150415,-0.052904435,0.025942418,-0.02505495,-0.128810035,-0.065609753,0.026217782,-0.011194067,-0.001870898,-0.008434343,-0.027486996,0.000879346,-0.001595336,0.044295189,-0.013550027,-0.15283605,0.003133945,-0.037935861,-0.004744566,-0.051050452,1
GSM1607709,-0.010187948,-0.092029989,0.006548897,0.028266217,0.001334834,0.002901316,0.006762898,0.0321969,-0.051514658,0.026219723,-0.023933883,-0.139327958,-0.065457363,0.025214069,-0.011791547,-0.001895573,-0.008301419,-0.028330654,0.000958628,-0.001582556,0.042163998,-0.013376807,-0.165012934,0.003767614,-0.038999049,-0.004832092,-0.050691677,1
GSM1607710,-0.010355117,-0.090237296,0.006856488,0.028765466,0.001377682,0.003007476,0.006996204,0.032797409,-0.052636521,0.025728642,-0.024840294,-0.137415671,-0.067930562,0.025490392,-0.01123617,-0.001926725,-0.008436474,-0.029687757,0.00095632,-0.001717548,0.053547894,-0.014016005,-0.153378232,0.003648825,-0.038334494,-0.004900291,-0.050864397,1
GSM1607711,-0.010066652,-0.088551188,0.006568302,0.025716451,0.001292423,0.002935111,0.007273984,0.042229391,-0.052305591,0.02414903,-0.024870652,-0.115083154,-0.063791059,0.025305121,-0.01133286,-0.00209585,-0.007525881,-0.027035578,0.000803683,-0.001341801,0.03988669,-0.013436766,-0.172080548,0.003598348,-0.040226809,-0.004280377,-0.050713347,1
GSM1607712,-0.010149775,-0.088853745,0.006578442,0.025681911,0.001389878,0.002798142,0.006900796,0.036740188,-0.050390641,0.024961017,-0.023213525,-0.162193334,-0.066581363,0.026318238,-0.011143583,-0.00195267,-0.008342492,-0.028884992,0.000683171,-0.00220881,0.065589172,-0.013116281,-0.159168551,0.003754194,-0.037901005,-0.004773258,-0.053302585,1
GSM1607713,-0.009939369,-0.089148027,0.00643674,0.024564514,0.001451975,0.00279218,0.008067277,0.036276733,-0.052132616,0.026371154,-0.0262975,-0.142012508,-0.071164981,0.027461466,-0.011023532,-0.001756355,-0.007499261,-0.027055706,0.000676942,-0.001645448,0.052050654,-0.013751961,-0.175271575,0.00311212,-0.039469064,-0.004138973,-0.05476589,1
GSM1607715,-0.010238488,-0.088804925,0.006535126,0.025361499,0.001343624,0.003004075,0.007634111,0.036865236,-0.051354627,0.022797131,-0.024571731,-0.137315514,-0.066374015,0.024759816,-0.011279043,-0.001821611,-0.008248459,-0.027141013,0.000765606,-0.001523006,0.042585578,-0.012706126,-0.162170446,0.003561291,-0.038393773,-0.00454751,-0.053399108,1
GSM1607716,-0.009806137,-0.091581698,0.006729681,0.026103373,0.001406776,0.00299269,0.007820574,0.035245472,-0.052934514,0.024890903,-0.02579789,-0.14591043,-0.069961326,0.02611399,-0.0108299,-0.00185718,-0.007850215,-0.026513929,0.000746808,-0.001802678,0.051709609,-0.014518722,-0.165198839,0.003327871,-0.041784454,-0.004120826,-0.052881735,1
GSM1607717,-0.009933233,-0.087197653,0.006602157,0.02654746,0.001382619,0.002793602,0.006988491,0.032677838,-0.050853675,0.024516032,-0.024121072,-0.184193132,-0.06416859,0.026384416,-0.010925045,-0.001856523,-0.008503588,-0.02879499,0.000787005,-0.002056146,0.067391395,-0.013384993,-0.15851011,0.003609049,-0.03802367,-0.004895333,-0.052013179,1
GSM1607718,-0.009960354,-0.097658923,0.006646736,0.029016278,0.001435855,0.003122926,0.006357632,0.034220342,-0.053986602,0.026098388,-0.024726015,-0.12759622,-0.064161696,0.024435046,-0.011322104,-0.001899489,-0.008666982,-0.029430254,0.000784074,-0.001448867,0.045621504,-0.01470798,-0.150946816,0.003342735,-0.042114977,-0.004593345,-0.049199634,1
GSM1607719,-0.010071593,-0.090319643,0.006450203,0.027180035,0.001332447,0.003070653,0.007950276,0.036708687,-0.052023105,0.023680291,-0.024573933,-0.105741893,-0.064236187,0.024727528,-0.010704236,-0.001956885,-0.008032083,-0.027799923,0.000867116,-0.001353616,0.042664895,-0.013770075,-0.15599821,0.003410405,-0.040001911,-0.004252013,-0.05049303,1
GSM1607720,-0.010088454,-0.089894745,0.006561805,0.026691151,0.001337233,0.002931568,0.007464717,0.034310593,-0.050619018,0.023689161,-0.023754242,-0.146241523,-0.063698069,0.024782384,-0.01132831,-0.001967321,-0.008035311,-0.028273883,0.000743403,-0.001936686,0.054363063,-0.013275252,-0.153612151,0.003625559,-0.039299029,-0.004456825,-0.050169709,1
GSM1607721,-0.009905048,-0.090137909,0.006813444,0.026423013,0.001370996,0.00306607,0.008507011,0.04194142,-0.050410586,0.024151121,-0.025582521,-0.121079763,-0.068478831,0.027916378,-0.011542508,-0.002144067,-0.007388455,-0.027607967,0.00073091,-0.001528694,0.037501297,-0.013817458,-0.148315342,0.003218445,-0.03545627,-0.004009498,-0.052223709,1
GSM1607722,-0.010085153,-0.090735417,0.007007232,0.026556052,0.001365818,0.003065332,0.007322603,0.033474403,-0.052327547,0.025845486,-0.023745574,-0.113707471,-0.066799702,0.025317873,-0.011567861,-0.001968671,-0.008439186,-0.027508787,0.0009152,-0.001854642,0.048686754,-0.013574194,-0.159709321,0.003612206,-0.040925497,-0.004799711,-0.049968246,1
GSM1607723,-0.010727205,-0.091948034,0.006817962,0.027500654,0.001451945,0.003049407,0.006834739,0.031977139,-0.052669879,0.026807997,-0.024474901,-0.152147923,-0.067322763,0.025777551,-0.011308665,-0.001822544,-0.008491681,-0.02712265,0.001075902,-0.001729971,0.05442995,-0.014105185,-0.163835094,0.003991846,-0.039011666,-0.004833042,-0.05161958,1
GSM1607724,-0.01003891,-0.089154043,0.006421643,0.027559353,0.001383726,0.002978209,0.007349394,0.031797085,-0.052908122,0.026000405,-0.024225636,-0.144109298,-0.066279659,0.025695684,-0.010632188,-0.001892284,-0.008507301,-0.028033799,0.000940098,-0.001642523,0.044886964,-0.014273553,-0.151995871,0.003558526,-0.038657032,-0.004898845,-0.053734107,1
GSM1607725,-0.009995577,-0.104499482,0.006626825,0.028865066,0.001432642,0.002984534,0.006991056,0.034794459,-0.05330847,0.02666675,-0.026510493,-0.158721616,-0.069633721,0.026588482,-0.01107219,-0.001931263,-0.008468882,-0.026304002,0.000849994,-0.001407932,0.044097963,-0.014821899,-0.165430714,0.003440857,-0.04064955,-0.004951757,-0.053631924,1
GSM1607726,-0.010115373,-0.089365324,0.006696349,0.025390309,0.001305031,0.002852165,0.006652205,0.034341421,-0.049551905,0.023642693,-0.023707165,-0.140221923,-0.064797065,0.024646542,-0.01144498,-0.001966369,-0.007922865,-0.027766429,0.000832329,-0.001766747,0.052400963,-0.013219972,-0.158758061,0.003702007,-0.039735328,-0.004223229,-0.051152203,1
GSM1607727,-0.009973416,-0.091539009,0.006535144,0.026855482,0.001389095,0.002960993,0.007456485,0.037284187,-0.051504927,0.025718444,-0.024343459,-0.135437338,-0.066928553,0.025796362,-0.011198516,-0.001960368,-0.007929993,-0.026842433,0.000749895,-0.001478142,0.048715706,-0.01422549,-0.159710464,0.003569015,-0.039109044,-0.004262062,-0.049971623,1
GSM1607728,-0.010183695,-0.092577461,0.00651105,0.026489363,0.00142194,0.002824413,0.006846375,0.035748716,-0.050988152,0.025576533,-0.024357028,-0.147678418,-0.065226133,0.025321989,-0.01127882,-0.001958642,-0.008092997,-0.03057764,0.000692325,-0.002006967,0.063597084,-0.013163607,-0.163129066,0.003552621,-0.03833599,-0.004490738,-0.050096158,1
GSM1607729,-0.010008012,-0.089663561,0.006386624,0.028129808,0.001375038,0.002914432,0.007123401,0.034928578,-0.051657417,0.025053362,-0.02373653,-0.153309063,-0.062454508,0.02530363,-0.010690731,-0.0018524,-0.008494432,-0.029989181,0.000829241,-0.001608444,0.060270404,-0.012993207,-0.16554068,0.003746378,-0.037937631,-0.004681976,-0.049123763,1
GSM1607730,-0.010342209,-0.095598146,0.006851095,0.027543218,0.001421389,0.003030116,0.007365231,0.035177843,-0.053171011,0.02493846,-0.023520114,-0.112900276,-0.065690196,0.025183012,-0.010940797,-0.001989834,-0.008425308,-0.028018666,0.00084457,-0.00164539,0.041239473,-0.013539053,-0.159835996,0.003682081,-0.038527343,-0.004563844,-0.052019954,1
GSM1607731,-0.0105167,-0.088284085,0.006514867,0.026755909,0.001406535,0.002865609,0.007097308,0.036548128,-0.052109735,0.025243841,-0.024499036,-0.157704273,-0.063839383,0.024871465,-0.011050997,-0.001888995,-0.008051302,-0.028968777,0.0007416,-0.001854614,0.064336682,-0.013369781,-0.141064612,0.003829239,-0.039151442,-0.004908823,-0.047204528,1
GSM1607732,-0.010203127,-0.09121583,0.007049486,0.027800118,0.00144579,0.002848225,0.006665518,0.032888084,-0.052842413,0.026260678,-0.025181269,-0.15817992,-0.063786704,0.024276729,-0.011267502,-0.001863223,-0.008739865,-0.030015632,0.000961231,-0.001474324,0.053810048,-0.013939297,-0.160319643,0.003761049,-0.039651355,-0.005029279,-0.051987875,1
GSM1607733,-0.010005052,-0.087002074,0.00671416,0.026875115,0.001399714,0.002965977,0.007262829,0.034422368,-0.052419184,0.025670051,-0.025562643,-0.154198823,-0.067658839,0.027079823,-0.011268326,-0.001860361,-0.008085082,-0.027955205,0.000762472,-0.001653938,0.050648326,-0.014173751,-0.158026995,0.003323502,-0.040577084,-0.004452451,-0.053333758,1
GSM1607735,-0.009959667,-0.09333757,0.006542431,0.0252402,0.00141341,0.00292193,0.007503593,0.038674409,-0.050253187,0.02742836,-0.02399354,-0.120088657,-0.066319667,0.025341002,-0.01071618,-0.001888652,-0.008223347,-0.030104758,0.000824297,-0.001590592,0.051811221,-0.014991108,-0.158685115,0.003486871,-0.041631687,-0.00452868,-0.049861047,1
GSM1607736,-0.010035241,-0.087525191,0.006464317,0.027022341,0.001361301,0.002961882,0.00804639,0.037047377,-0.052905712,0.023322173,-0.024027119,-0.143801116,-0.066102071,0.024163922,-0.010422419,-0.002023246,-0.008362027,-0.029713593,0.000741607,-0.00210678,0.062215707,-0.012403391,-0.159283526,0.00354419,-0.035758787,-0.004459817,-0.051458226,1
GSM1607737,-0.009922259,-0.088887645,0.006428034,0.026367608,0.001393216,0.00317983,0.007302483,0.037467136,-0.050790302,0.02461186,-0.024492867,-0.155816836,-0.064611299,0.025522842,-0.011638849,-0.002083802,-0.00782957,-0.028259704,0.000749629,-0.001789831,0.06303625,-0.013929123,-0.157859453,0.003633659,-0.040034642,-0.004344799,-0.051630943,1
GSM1607738,-0.010119013,-0.08904067,0.006583714,0.026461231,0.001352293,0.003055643,0.007440537,0.035023313,-0.051471373,0.024779678,-0.024444807,-0.139707131,-0.066083656,0.025416331,-0.011171877,-0.001970078,-0.008203063,-0.0283017,0.000808552,-0.001781991,0.050972306,-0.014190338,-0.155787271,0.003235856,-0.040421031,-0.004584119,-0.052161033,1
GSM1607739,-0.010163028,-0.090397017,0.006489883,0.027474506,0.001352371,0.003087774,0.00710394,0.035691241,-0.049497416,0.02515653,-0.022976793,-0.14469007,-0.061975183,0.024889504,-0.01094351,-0.001998557,-0.00838794,-0.027735764,0.000910134,-0.001726757,0.046413541,-0.013622893,-0.155104624,0.003806644,-0.038350503,-0.004317257,-0.050986226,1
GSM1607740,-0.009902512,-0.089848462,0.00648252,0.029860548,0.001383523,0.00291258,0.007018104,0.031039717,-0.05121352,0.025030351,-0.023772089,-0.147123727,-0.068458433,0.0263675,-0.011116623,-0.001922208,-0.00821712,-0.02860923,0.00088554,-0.001433407,0.048933692,-0.013539807,-0.167485334,0.003335401,-0.0371949,-0.004608768,-0.053406662,1
GSM1607743,-0.010190254,-0.093062091,0.00670362,0.02649743,0.0014282,0.003076839,0.007643825,0.038307283,-0.049492888,0.027726064,-0.023771356,-0.128741669,-0.066978211,0.025577734,-0.010582252,-0.001892516,-0.008127894,-0.026783243,0.00076806,-0.00158698,0.058419729,-0.014912135,-0.156907384,0.003546582,-0.037983094,-0.004855021,-0.049259964,1
GSM1607744,-0.010233422,-0.090405588,0.00662653,0.026258876,0.001416609,0.002942907,0.007665142,0.032578213,-0.051501546,0.024565552,-0.024052516,-0.171167718,-0.064492093,0.025233042,-0.010787973,-0.001913004,-0.008285266,-0.02811566,0.000747467,-0.001915503,0.054594419,-0.01360681,-0.148435036,0.003563216,-0.040242769,-0.004560158,-0.051569907,1
GSM1607745,-0.00985872,-0.088494294,0.006803019,0.025668437,0.001392203,0.002869633,0.007401126,0.036419084,-0.050052691,0.025907236,-0.024185441,-0.155619456,-0.068242667,0.02426553,-0.011293699,-0.001793982,-0.007898248,-0.028591642,0.000723745,-0.001384943,0.047308149,-0.013633048,-0.151421211,0.003619346,-0.038713641,-0.004066989,-0.055112406,1
GSM1607746,-0.010186249,-0.089228039,0.006604998,0.025290219,0.001370452,0.003071935,0.006919335,0.031204015,-0.050736409,0.024921097,-0.023985772,-0.128829208,-0.06560654,0.025783964,-0.011462045,-0.001976321,-0.008614232,-0.028005977,0.000880501,-0.001701713,0.052320051,-0.014116109,-0.164726795,0.003424642,-0.040595065,-0.004964895,-0.052222075,1
GSM1607747,-0.010040057,-0.088109539,0.006635137,0.027260261,0.001406786,0.00287382,0.007753189,0.034039297,-0.051924882,0.025336622,-0.024311634,-0.148160454,-0.063974119,0.024691239,-0.01142255,-0.002074025,-0.008363551,-0.029063309,0.000869342,-0.001757508,0.047104375,-0.013419808,-0.159299811,0.003589462,-0.038782439,-0.00479768,-0.048822706,1
GSM1607748,-0.010137997,-0.090425848,0.00637018,0.029706641,0.001282744,0.003058568,0.007050191,0.037327405,-0.051959589,0.023385688,-0.023057987,-0.115225079,-0.068489644,0.025610633,-0.01104561,-0.002025847,-0.00744862,-0.027258652,0.00078562,-0.001368428,0.041068821,-0.012907021,-0.166426324,0.00364359,-0.039084766,-0.004103633,-0.052171672,1
GSM1607749,-0.01034184,-0.09394234,0.006506989,0.027773903,0.001367074,0.003133641,0.007096347,0.034122482,-0.051319687,0.02529835,-0.023450234,-0.125327803,-0.063088558,0.025183125,-0.010785608,-0.001952132,-0.008238868,-0.028788595,0.00099577,-0.001580293,0.043179824,-0.013999674,-0.151086113,0.003678923,-0.040846858,-0.004572255,-0.050594047,1
GSM1607750,-0.009992183,-0.0914482,0.006738447,0.027779764,0.00137486,0.003091819,0.007650219,0.038065132,-0.054632212,0.023039033,-0.024869866,-0.110306611,-0.063904491,0.024873142,-0.011315994,-0.0019222,-0.008623083,-0.027395679,0.000991434,-0.001388145,0.040857922,-0.012657828,-0.166984697,0.003684946,-0.03729651,-0.004866814,-0.050895672,1
GSM1607751,-0.010105852,-0.087865173,0.006370813,0.02816872,0.001409721,0.002823183,0.007685533,0.035936737,-0.05185502,0.025196019,-0.025604242,-0.155910339,-0.06310741,0.024263352,-0.01076147,-0.001853495,-0.008239428,-0.029257005,0.000806852,-0.001839781,0.070899261,-0.013621564,-0.153994735,0.003328892,-0.039649357,-0.004734487,-0.050481197,1
GSM1607752,-0.010316093,-0.088553868,0.006616716,0.028258955,0.001448572,0.003011336,0.006935198,0.032149425,-0.052122385,0.025589735,-0.024881307,-0.161291645,-0.06826623,0.026624619,-0.011234356,-0.001826782,-0.007794572,-0.031093201,0.000742609,-0.001769187,0.046757564,-0.014110132,-0.155007827,0.003220406,-0.041517295,-0.004282503,-0.052391013,1
GSM1607753,-0.010302936,-0.090634838,0.006341199,0.029488791,0.001385009,0.002808243,0.006145995,0.036096769,-0.051415578,0.02467494,-0.02416655,-0.163131051,-0.063343588,0.02485116,-0.010684511,-0.001870364,-0.008345077,-0.029710095,0.001036227,-0.001729503,0.050324343,-0.013035435,-0.164069377,0.003687323,-0.041333597,-0.004681901,-0.05067384,1
GSM1607754,-0.010154755,-0.08798206,0.006592999,0.026981355,0.001403668,0.003076242,0.007315514,0.036448998,-0.052347125,0.02494172,-0.024269841,-0.129154245,-0.062072817,0.025040674,-0.010905673,-0.002001554,-0.008090742,-0.029320843,0.000735359,-0.001574553,0.049153971,-0.013285481,-0.15030282,0.003612825,-0.038296978,-0.004500666,-0.048841666,1
GSM1607755,-0.010294464,-0.087804371,0.006967688,0.026534887,0.00134539,0.00310258,0.007363141,0.032513605,-0.05462901,0.026656181,-0.02438902,-0.114642095,-0.066730942,0.026052082,-0.010966219,-0.002023978,-0.008183313,-0.032445588,0.000844073,-0.001324688,0.039123088,-0.014002566,-0.15384192,0.003862864,-0.04031609,-0.00436017,-0.049441234,1
GSM1607756,-0.010039458,-0.090628112,0.006485465,0.027389793,0.001369672,0.002794371,0.006956184,0.034685678,-0.051714699,0.024642964,-0.022927052,-0.141604365,-0.06499016,0.025478075,-0.01109346,-0.001915226,-0.008420096,-0.029122798,0.000942696,-0.001841973,0.063302105,-0.012848991,-0.165413058,0.003475714,-0.038503038,-0.004756083,-0.052072537,1
GSM1607757,-0.010068961,-0.089168505,0.006495867,0.028669012,0.001384797,0.002960744,0.007979982,0.034273444,-0.050809936,0.025642955,-0.024764245,-0.150819387,-0.064910675,0.025194111,-0.010867366,-0.001835503,-0.00840474,-0.028992749,0.000853401,-0.001808676,0.063962107,-0.013324569,-0.155194754,0.003506831,-0.039349092,-0.00479835,-0.053298037,1
GSM1607758,-0.009953264,-0.092348642,0.006669227,0.026120775,0.001338848,0.002882728,0.007011987,0.036289464,-0.050015411,0.023892512,-0.024173175,-0.144113662,-0.066304833,0.025507441,-0.011728974,-0.002001241,-0.007557506,-0.028360576,0.000696878,-0.001865658,0.050338896,-0.013639017,-0.168310103,0.003302073,-0.039903488,-0.003976881,-0.052183671,1
GSM1607759,-0.010138575,-0.08914955,0.00684605,0.027135172,0.00147693,0.002972354,0.006979532,0.03362253,-0.04960249,0.026357792,-0.025689633,-0.149789693,-0.066563315,0.025012048,-0.011376577,-0.00183625,-0.008449656,-0.029025044,0.00101761,-0.001765553,0.057294085,-0.014024083,-0.150444584,0.003768095,-0.038743219,-0.004750841,-0.051226007,1
GSM1607760,-0.01007788,-0.094689891,0.006451792,0.027159889,0.001434597,0.003005692,0.007436569,0.03993695,-0.051922941,0.023799813,-0.024943489,-0.116867398,-0.067074463,0.023519918,-0.011238432,-0.001996544,-0.008311304,-0.029273078,0.000773308,-0.00145146,0.039565044,-0.013872065,-0.149624467,0.003776412,-0.036960198,-0.004777822,-0.049994213,1
GSM1607761,-0.010004079,-0.096225645,0.006419312,0.026638784,0.001330046,0.003029438,0.006691071,0.040206251,-0.052124048,0.023581006,-0.024597156,-0.110702747,-0.064415515,0.02460797,-0.010693383,-0.001919391,-0.00743582,-0.028179696,0.000750715,-0.001399138,0.040496195,-0.013746924,-0.168107291,0.003701516,-0.042825673,-0.004002358,-0.048127649,1
GSM1607762,-0.010077891,-0.090742419,0.00667966,0.027000157,0.001350733,0.002989954,0.007476533,0.03416948,-0.051511328,0.024502037,-0.024172518,-0.157569324,-0.064493672,0.024471729,-0.011237044,-0.001894323,-0.008226926,-0.028368846,0.000901775,-0.001894619,0.055453539,-0.013291666,-0.151836341,0.003389588,-0.037711588,-0.004686773,-0.05164523,1
GSM1607763,-0.00986601,-0.088015165,0.006818129,0.026888921,0.001444509,0.003098857,0.006782349,0.030409865,-0.050418927,0.024769659,-0.024987066,-0.136669433,-0.069134498,0.026244677,-0.011087855,-0.001833109,-0.008667931,-0.02806747,0.000916189,-0.001558037,0.049564991,-0.014327123,-0.161379013,0.003645647,-0.038488393,-0.004688625,-0.05159624,1
GSM1607764,-0.010146874,-0.09376329,0.006834877,0.025248308,0.001390242,0.003127038,0.007641383,0.030204206,-0.052896437,0.025994922,-0.024949679,-0.140141855,-0.070991738,0.026331576,-0.011744497,-0.00197654,-0.008189081,-0.027066813,0.000841931,-0.001388827,0.043494685,-0.014913391,-0.163698286,0.003232323,-0.039402949,-0.004732628,-0.053769034,1
GSM1607765,-0.01005762,-0.090398576,0.00650211,0.025822649,0.001390889,0.002769187,0.008011301,0.040046733,-0.053569723,0.024100734,-0.025811982,-0.126364974,-0.066630657,0.025860038,-0.011274799,-0.001934628,-0.00784973,-0.02641334,0.000673795,-0.001634269,0.049188996,-0.013892921,-0.147105797,0.003294549,-0.041050121,-0.003939375,-0.0534867,1
GSM1607768,-0.009950122,-0.095012988,0.006688127,0.025692247,0.001403608,0.002806824,0.007569847,0.035200083,-0.052219353,0.02539488,-0.025604088,-0.146223195,-0.068235879,0.026646851,-0.010828265,-0.001745555,-0.008200564,-0.026770325,0.00071283,-0.001670118,0.055030427,-0.01416207,-0.161996218,0.003127328,-0.04106397,-0.004255386,-0.054277647,1
GSM1607769,-0.010082737,-0.089321245,0.006770956,0.026196745,0.00144007,0.002998294,0.007040959,0.034275688,-0.050980155,0.026585205,-0.024541657,-0.15371076,-0.065908649,0.026028325,-0.010907473,-0.001857455,-0.008267453,-0.029495683,0.000943379,-0.001780912,0.06447638,-0.014412332,-0.15860502,0.003618161,-0.03908264,-0.004668841,-0.052859359,1
GSM1607770,-0.010015145,-0.100750217,0.006620776,0.026842847,0.001391654,0.003053859,0.006514199,0.033412287,-0.050088789,0.025552782,-0.024276874,-0.162341562,-0.067253226,0.025667817,-0.010822706,-0.001843888,-0.008341081,-0.028069349,0.000937103,-0.001698143,0.055078741,-0.01381428,-0.148024454,0.003446272,-0.039656328,-0.004500878,-0.051935765,1
GSM1607771,-0.009970354,-0.089293762,0.006729329,0.026331801,0.001318309,0.002884489,0.007937344,0.040139361,-0.051817547,0.023464078,-0.025158903,-0.112077308,-0.066177463,0.025418487,-0.011364701,-0.001977281,-0.007667598,-0.027614824,0.000693766,-0.001517831,0.039382312,-0.01321364,-0.158570709,0.003684305,-0.03992939,-0.004035537,-0.050272384,1
GSM1607772,-0.009967349,-0.088856215,0.006958856,0.026161661,0.00137791,0.002953846,0.008330509,0.038996896,-0.049721889,0.024741638,-0.026454762,-0.111093631,-0.06824532,0.025062257,-0.01087051,-0.001926293,-0.007473722,-0.026708516,0.000773234,-0.001934106,0.039484518,-0.014371928,-0.152855798,0.003272987,-0.040635858,-0.004220909,-0.054001901,1
GSM1607773,-0.010684866,-0.08831064,0.00659853,0.027064383,0.001424105,0.002983979,0.007285561,0.030880834,-0.05268099,0.0260165,-0.025230098,-0.168618967,-0.068614908,0.025980845,-0.011242309,-0.001903829,-0.008501217,-0.027366486,0.000896367,-0.001769806,0.05174413,-0.013896057,-0.157449187,0.003441831,-0.042027072,-0.005061289,-0.05412095,1
GSM1607776,-0.010084097,-0.090815113,0.006681895,0.026019016,0.001294359,0.00277193,0.007631177,0.033827631,-0.049754296,0.025921508,-0.024901305,-0.151986327,-0.064438788,0.025924148,-0.010734614,-0.001745869,-0.008276053,-0.027340208,0.000962322,-0.001333958,0.046073121,-0.012310645,-0.167244491,0.003318321,-0.039828555,-0.004759254,-0.051940859,1
GSM1607777,-0.010274622,-0.08932774,0.006582764,0.026001326,0.001424044,0.002986676,0.007144739,0.032079416,-0.050640607,0.02487511,-0.023683929,-0.119668934,-0.066268343,0.025292385,-0.011458513,-0.001882658,-0.008723872,-0.028827368,0.000966253,-0.00130015,0.051434479,-0.013772992,-0.158409192,0.003563258,-0.037777834,-0.004848245,-0.052276165,1
GSM1607778,-0.009891398,-0.089339951,0.006665995,0.029770916,0.001465217,0.003007099,0.006733216,0.03174628,-0.051455602,0.027303693,-0.023347976,-0.167806015,-0.066300114,0.024320226,-0.011857197,-0.001983698,-0.007855261,-0.028762885,0.000704581,-0.001565274,0.044417045,-0.014433324,-0.163566835,0.003195279,-0.038635706,-0.003992956,-0.05362027,1
GSM1607780,-0.009947713,-0.100037433,0.0064898,0.029424256,0.001387917,0.002948272,0.006942193,0.033452274,-0.053716339,0.026101063,-0.0258885,-0.155938895,-0.071980727,0.026735413,-0.011834819,-0.00206818,-0.007706978,-0.029315171,0.000685641,-0.001990325,0.068003255,-0.013823846,-0.168233301,0.003293626,-0.038370313,-0.004392223,-0.05045,1
GSM1607781,-0.009919514,-0.093778995,0.007094687,0.026496956,0.001377439,0.003078515,0.006812663,0.038144293,-0.050942515,0.025609757,-0.024042754,-0.153261029,-0.066070833,0.02628222,-0.011062029,-0.001959806,-0.008164724,-0.029846442,0.000810217,-0.001544357,0.054149071,-0.014149121,-0.15188266,0.003635073,-0.041618765,-0.004475766,-0.049458545,1
GSM1607782,-0.010146748,-0.087246735,0.006454148,0.026778259,0.001357352,0.003091839,0.006592132,0.034012383,-0.052006665,0.025060013,-0.023795574,-0.142904078,-0.063902302,0.027277737,-0.011144056,-0.001966788,-0.008495857,-0.028287895,0.000939057,-0.001783711,0.060208568,-0.013779334,-0.152117545,0.003658536,-0.039056003,-0.004814063,-0.051053995,1
GSM1607783,-0.01015077,-0.089852695,0.006589519,0.026712537,0.001377056,0.002933469,0.007091579,0.038715227,-0.051691661,0.02409067,-0.024049797,-0.122902025,-0.065360195,0.02464115,-0.011228616,-0.001976211,-0.008513521,-0.029419498,0.000812204,-0.001793492,0.04212647,-0.013273796,-0.161100985,0.003662945,-0.038165899,-0.004568654,-0.051222593,1
GSM1607784,-0.010151738,-0.093434664,0.006825383,0.028066845,0.001380191,0.002970431,0.006878048,0.037893497,-0.049972744,0.02448984,-0.023707441,-0.115455899,-0.065384005,0.024977479,-0.011084073,-0.001934923,-0.008136492,-0.028184237,0.000901985,-0.001796715,0.047851063,-0.013255879,-0.15566324,0.003709175,-0.036924093,-0.004869976,-0.050449371,1
GSM1607785,-0.010700043,-0.08742771,0.006507216,0.027895901,0.001409433,0.003084767,0.007375494,0.032108267,-0.053351309,0.025373482,-0.025402734,-0.152451656,-0.066827188,0.024995118,-0.010800675,-0.001846865,-0.008685291,-0.02814442,0.000981051,-0.001829165,0.044746032,-0.013846737,-0.152187948,0.003752441,-0.038500871,-0.004987697,-0.053944097,1
GSM1607786,-0.010078654,-0.091610713,0.006509065,0.02678205,0.001365292,0.002970254,0.007735867,0.033498863,-0.052400605,0.024757599,-0.024777248,-0.141234939,-0.064505948,0.024950164,-0.010876888,-0.001842272,-0.0082358,-0.028744614,0.000825061,-0.001623614,0.045605511,-0.01325301,-0.167969434,0.003766876,-0.039911738,-0.004548123,-0.049294184,1
GSM1607787,-0.010018798,-0.097730903,0.006712592,0.025999727,0.001432476,0.003250528,0.007553282,0.038702204,-0.05196286,0.025955189,-0.025534783,-0.147791946,-0.07080027,0.024833725,-0.011400827,-0.001831195,-0.008115483,-0.027381669,0.000800754,-0.00145759,0.044111431,-0.014549187,-0.146472584,0.00333372,-0.041418931,-0.004273506,-0.050018869,1
GSM1607788,-0.009984697,-0.089711907,0.006653396,0.027533464,0.001410065,0.003017585,0.00776466,0.031883277,-0.051855436,0.024595392,-0.023919427,-0.141016603,-0.066778969,0.026388319,-0.010685229,-0.001935471,-0.00818616,-0.029376598,0.000790452,-0.001715643,0.055405513,-0.013983589,-0.161269797,0.003737708,-0.039141024,-0.004648466,-0.051938776,1
GSM1607789,-0.010327664,-0.088437414,0.006405975,0.026621117,0.001313728,0.002864035,0.007126137,0.034940585,-0.050158642,0.025336974,-0.022925127,-0.121127827,-0.064501213,0.024315245,-0.010688774,-0.001911091,-0.008335524,-0.02899782,0.000916488,-0.001722202,0.041815257,-0.012999648,-0.15645414,0.004002544,-0.036812433,-0.005003644,-0.049690036,1
GSM1607790,-0.01011756,-0.094025375,0.00690168,0.026438462,0.00146882,0.003091885,0.00657343,0.031337148,-0.051179813,0.027457879,-0.02423497,-0.152969928,-0.067116203,0.026378712,-0.011061867,-0.001832284,-0.008415238,-0.028415179,0.000958416,-0.001419613,0.052027695,-0.015161319,-0.160208101,0.003477454,-0.040020648,-0.004880676,-0.05016238,1
GSM1607791,-0.009904747,-0.088784696,0.006728642,0.027078078,0.001369435,0.003102171,0.007638204,0.035577365,-0.052225513,0.025498539,-0.025641564,-0.147625461,-0.066037257,0.024774428,-0.0109093,-0.001907057,-0.007988526,-0.027134538,0.000904132,-0.001612637,0.043922291,-0.014281,-0.153639794,0.003321028,-0.042201052,-0.004383357,-0.051079221,1
GSM1607793,-0.010291918,-0.088968042,0.006458031,0.026891699,0.001376103,0.002986022,0.007044535,0.032214058,-0.054491878,0.024509112,-0.024694365,-0.148690984,-0.066201203,0.025780619,-0.011291009,-0.001998073,-0.007970326,-0.029455586,0.000817627,-0.001369359,0.04016395,-0.013252521,-0.169061746,0.003493079,-0.038789712,-0.004430959,-0.052832709,1
GSM1607794,-0.009966629,-0.090476922,0.006858168,0.02730812,0.001357884,0.002886472,0.007898071,0.040115646,-0.050790743,0.024147407,-0.023395282,-0.133809031,-0.063059664,0.024369564,-0.011634735,-0.001994966,-0.008188297,-0.028733595,0.000697201,-0.001866264,0.060139139,-0.013402885,-0.161024081,0.003524599,-0.039111068,-0.004102345,-0.049171231,1
GSM1607796,-0.010178813,-0.094080126,0.006534962,0.026281142,0.001386455,0.002877494,0.006454287,0.037368,-0.050219899,0.02419088,-0.023906482,-0.106491746,-0.065672605,0.026558019,-0.01176971,-0.0021068,-0.008355977,-0.028237948,0.000755341,-0.001500983,0.040581998,-0.013419978,-0.164654291,0.003568942,-0.039917215,-0.004600357,-0.05004209,1
GSM1607797,-0.010124873,-0.088213462,0.006670949,0.0275809,0.001452672,0.002883629,0.0070923,0.032300044,-0.051291961,0.026952275,-0.023633007,-0.144431576,-0.065849901,0.026365964,-0.01139504,-0.001947065,-0.008475026,-0.028548501,0.00082783,-0.001476661,0.042524214,-0.01386186,-0.159358874,0.003692318,-0.040391948,-0.004580695,-0.050909843,1
GSM1607798,-0.010486132,-0.091423555,0.006478703,0.027140462,0.001403342,0.002965602,0.007354278,0.033434191,-0.051446517,0.025270942,-0.024434856,-0.154172601,-0.067037986,0.026074558,-0.01122262,-0.001913625,-0.008422893,-0.02953116,0.000906765,-0.001876082,0.056455885,-0.013620869,-0.15966996,0.003521182,-0.039116258,-0.004688454,-0.053159156,1
GSM1607800,-0.009999482,-0.094174379,0.006660051,0.027881949,0.001378242,0.00272853,0.007870493,0.035980663,-0.053082784,0.024968028,-0.02457654,-0.146137642,-0.071960004,0.027241607,-0.011853528,-0.002123191,-0.008286656,-0.029283004,0.000656579,-0.002057422,0.065460259,-0.012996752,-0.168491996,0.003443761,-0.037815895,-0.004690809,-0.054141454,1
GSM1607802,-0.010246452,-0.090208621,0.006670445,0.027810937,0.001398068,0.003097179,0.006853456,0.033038412,-0.054568818,0.026227672,-0.025670556,-0.137878457,-0.065788231,0.024700697,-0.010824699,-0.001876532,-0.008504617,-0.030322801,0.001024425,-0.001416559,0.042622279,-0.014425197,-0.157118972,0.003639845,-0.040324858,-0.004727175,-0.052779059,1
GSM1607804,-0.009872914,-0.092011585,0.00725221,0.025590642,0.001348783,0.002847875,0.007473934,0.032389433,-0.050772037,0.02465681,-0.025406535,-0.165041171,-0.066093522,0.025207101,-0.010782649,-0.001862604,-0.008689134,-0.029379555,0.000895969,-0.001570224,0.043174646,-0.012595574,-0.140952096,0.00388149,-0.038278374,-0.005011508,-0.051187177,1
GSM1607805,-0.00995604,-0.088491346,0.006494112,0.026107197,0.001406488,0.00306149,0.007099705,0.035417928,-0.050438665,0.025014939,-0.023375933,-0.12367287,-0.063981055,0.024548134,-0.010626139,-0.001909522,-0.007832419,-0.028241389,0.000770677,-0.001631425,0.049767411,-0.013773563,-0.160297932,0.003550966,-0.039453448,-0.004152684,-0.049315249,1
GSM1607807,-0.010095382,-0.088226211,0.006555411,0.025860858,0.001390496,0.003082751,0.006530717,0.036355285,-0.050746832,0.024719195,-0.02507307,-0.122613838,-0.066333034,0.025272184,-0.010747518,-0.001816314,-0.007783982,-0.027667438,0.00091514,-0.001573704,0.042746016,-0.013473531,-0.15440394,0.003242219,-0.042178054,-0.004241075,-0.05138091,1
GSM1607808,-0.010755445,-0.090248615,0.006706811,0.026627749,0.001384305,0.003099951,0.00793488,0.031439413,-0.052859664,0.025691538,-0.024411706,-0.150666742,-0.065479882,0.025028692,-0.011400261,-0.001864976,-0.008541852,-0.029354612,0.000832221,-0.001641374,0.042674752,-0.014218279,-0.156013116,0.003519574,-0.041320935,-0.004821708,-0.051095341,1
GSM1607809,-0.010035525,-0.088761132,0.006785708,0.027094533,0.001392912,0.002877585,0.007400756,0.030980827,-0.054898851,0.025826423,-0.0253698,-0.167062802,-0.070331185,0.027885553,-0.011272019,-0.001942628,-0.008300514,-0.02936869,0.000803646,-0.001700771,0.056515235,-0.013874631,-0.160184698,0.003494577,-0.040845265,-0.004752707,-0.051692764,1
GSM1607810,-0.010176979,-0.090156702,0.006579165,0.02664216,0.00138983,0.003009932,0.008013579,0.034899044,-0.050905239,0.024215808,-0.024922997,-0.114053353,-0.067300945,0.025190299,-0.010828324,-0.001841182,-0.008388626,-0.028786646,0.00087045,-0.001392269,0.041130748,-0.013928696,-0.160380101,0.003262561,-0.039573319,-0.004078324,-0.052130124,1
GSM1607811,-0.010091475,-0.088084334,0.006795784,0.027061977,0.001436522,0.003043731,0.006747323,0.033841658,-0.051608793,0.026877247,-0.023997152,-0.141724411,-0.066833027,0.025222259,-0.011286167,-0.00180348,-0.008558584,-0.030933167,0.000847343,-0.001511372,0.046898305,-0.013692251,-0.140995536,0.00351205,-0.039433573,-0.004660414,-0.052687072,1
GSM1607812,-0.009993663,-0.090223845,0.006730372,0.029400233,0.00139203,0.003074273,0.008015008,0.036837269,-0.051276566,0.024480007,-0.024755547,-0.137819831,-0.067412624,0.024815355,-0.010806514,-0.001889003,-0.008000919,-0.029481656,0.000738331,-0.001651115,0.053168297,-0.014030484,-0.165993417,0.003461172,-0.039010667,-0.004756665,-0.050559798,1
GSM1607813,-0.009955423,-0.092675819,0.00668815,0.027212839,0.001417769,0.00272611,0.007383228,0.034598768,-0.052132667,0.025346002,-0.025935433,-0.132997077,-0.069701783,0.026148809,-0.011764088,-0.001922165,-0.008252058,-0.02758215,0.00073014,-0.001967062,0.0657244,-0.01349025,-0.157180896,0.003008516,-0.039100041,-0.004402907,-0.05338673,1
GSM1607814,-0.010210721,-0.094659167,0.00667462,0.02483562,0.001401918,0.003074064,0.006454713,0.034589824,-0.053692501,0.027239703,-0.022767421,-0.127911403,-0.062793662,0.025364666,-0.011270087,-0.001931214,-0.008657189,-0.027771489,0.001038928,-0.001393456,0.039810891,-0.013984275,-0.15421828,0.003959891,-0.043110781,-0.004695141,-0.049467091,1
GSM1607815,-0.010285674,-0.091773631,0.006966886,0.026259005,0.001449993,0.002826565,0.007333946,0.032044199,-0.051894361,0.026183559,-0.025534921,-0.148427373,-0.06656262,0.025657684,-0.011423012,-0.001904526,-0.008417468,-0.029125199,0.000829299,-0.001912704,0.049867749,-0.014744858,-0.156719104,0.003503578,-0.041254792,-0.004614461,-0.051739945,1
GSM1607816,-0.010281046,-0.089075638,0.006326819,0.028336939,0.001277655,0.002924691,0.006675903,0.036191167,-0.052461067,0.025049205,-0.024395202,-0.115050354,-0.065999127,0.025269993,-0.010907419,-0.00190198,-0.007927359,-0.028247571,0.000872996,-0.001357842,0.040016568,-0.013401852,-0.166585223,0.003670994,-0.038242768,-0.0043916,-0.049918074,1
GSM1607818,-0.010079232,-0.088840872,0.006610387,0.026872745,0.001349225,0.003109364,0.007425982,0.036814084,-0.050362766,0.023519004,-0.024063031,-0.125908231,-0.066039701,0.026117225,-0.011231732,-0.002024585,-0.007988536,-0.027037359,0.000823052,-0.001826543,0.052733847,-0.013820587,-0.159240873,0.003611535,-0.039426506,-0.004320075,-0.051772108,1
GSM1607819,-0.010108746,-0.099110133,0.006436544,0.028603452,0.001389898,0.002955359,0.006266011,0.032544695,-0.051679593,0.025819356,-0.024282738,-0.127890357,-0.066372563,0.024911824,-0.011299352,-0.00200992,-0.008474029,-0.027938175,0.001069314,-0.001391462,0.040132588,-0.013190039,-0.167453285,0.003590441,-0.038201138,-0.005003387,-0.050331606,1
GSM1607820,-0.010091462,-0.090302972,0.006800851,0.029265375,0.001388597,0.003042843,0.007946705,0.03553046,-0.050179715,0.024805937,-0.024849016,-0.138550768,-0.066600816,0.024726976,-0.010948052,-0.001895943,-0.0079198,-0.029474922,0.000731329,-0.001667809,0.054108578,-0.014011508,-0.166455704,0.003456941,-0.03879448,-0.004814667,-0.050522232,1
GSM1607821,-0.009899097,-0.093745852,0.006479172,0.028114131,0.001387408,0.002841308,0.007221373,0.036199246,-0.051236834,0.024471402,-0.024234678,-0.128533709,-0.064167347,0.025018839,-0.01114882,-0.001973119,-0.008212174,-0.028137614,0.00071484,-0.001942623,0.058700782,-0.013261821,-0.164101415,0.003533729,-0.038964773,-0.00449781,-0.051598673,1
GSM1607822,-0.010435464,-0.090496085,0.006373698,0.028516255,0.001386623,0.003031344,0.006937164,0.036472419,-0.054327876,0.025989127,-0.025387904,-0.116633751,-0.066612073,0.024935316,-0.010679091,-0.001802655,-0.008564527,-0.030383237,0.000826297,-0.001307352,0.039070867,-0.014260114,-0.165402611,0.003632089,-0.036736191,-0.004601886,-0.053231531,1
GSM1607823,-0.010067577,-0.093713768,0.006592639,0.028487827,0.001293986,0.002912097,0.007518379,0.036374423,-0.053336963,0.024992656,-0.024435191,-0.157406169,-0.068538631,0.02404549,-0.010974242,-0.001927212,-0.008167547,-0.027479453,0.000871905,-0.001815857,0.050666223,-0.013384075,-0.15302503,0.003520753,-0.040341715,-0.004311023,-0.053271803,1
GSM1607826,-0.010208665,-0.09037589,0.006801625,0.028391707,0.001398712,0.002949354,0.008249929,0.033084208,-0.05140371,0.024391288,-0.025266028,-0.134695396,-0.067235967,0.025950805,-0.011166202,-0.001802872,-0.008331489,-0.028332078,0.000758447,-0.001736057,0.055104682,-0.013206914,-0.15944997,0.003165137,-0.04021277,-0.004529869,-0.05354887,1
GSM1607827,-0.009912367,-0.087694863,0.006648343,0.026561752,0.001298781,0.002968421,0.007162498,0.036329188,-0.051634226,0.023823136,-0.024362726,-0.131765668,-0.069172597,0.026754156,-0.010502528,-0.001876591,-0.007808473,-0.02658148,0.000766741,-0.001860932,0.052691581,-0.013839774,-0.160958742,0.003377471,-0.038463077,-0.004317025,-0.048909851,1
GSM1607828,-0.010174278,-0.089813617,0.006355503,0.0281215,0.001424389,0.002967405,0.007534206,0.033620856,-0.052796804,0.026267094,-0.023368221,-0.144960263,-0.063433547,0.024437394,-0.011211993,-0.001987527,-0.008504851,-0.028882671,0.000829792,-0.001770522,0.04783066,-0.013783998,-0.159015644,0.003625017,-0.038195794,-0.004792529,-0.05181529,1
GSM1607830,-0.009877679,-0.097489221,0.0064361,0.025790247,0.001415246,0.003008899,0.006144266,0.038602365,-0.05312983,0.025506724,-0.024072556,-0.124591175,-0.069211192,0.025819544,-0.011957184,-0.002064242,-0.008672953,-0.028395959,0.000929807,-0.001455964,0.041691423,-0.013494607,-0.162910925,0.003890459,-0.041714056,-0.004717271,-0.049719114,1
GSM1607831,-0.010053065,-0.089127301,0.006532257,0.02664458,0.001389708,0.002895958,0.007916532,0.037762656,-0.052694149,0.025140242,-0.023266467,-0.139680966,-0.064621453,0.025639488,-0.010873192,-0.002045354,-0.008269805,-0.028645741,0.00070855,-0.002077375,0.052118793,-0.013128308,-0.163331314,0.003875145,-0.037594525,-0.00454177,-0.051930065,1
GSM1607833,-0.00985167,-0.08890023,0.007040269,0.027899342,0.001422083,0.003002432,0.006879668,0.032275149,-0.051948499,0.025598234,-0.024108598,-0.163200414,-0.06681579,0.024370074,-0.011273434,-0.001907342,-0.008566413,-0.029157296,0.0008798,-0.001650395,0.057172829,-0.014491744,-0.160116105,0.003620108,-0.039552734,-0.004918956,-0.053747889,1
GSM1607834,-0.010012459,-0.088984815,0.006710834,0.025761093,0.001285443,0.002850825,0.006870891,0.036926528,-0.051571228,0.024246103,-0.023866778,-0.138415651,-0.065558802,0.025097511,-0.011588533,-0.002038308,-0.007841672,-0.026798437,0.000668087,-0.001895095,0.04563915,-0.013288072,-0.15586436,0.003618978,-0.03927518,-0.004283802,-0.050802509,1
GSM1607835,-0.01005133,-0.090890788,0.006767748,0.028097419,0.001400087,0.003076752,0.006529581,0.032128249,-0.050684692,0.027080158,-0.025905379,-0.152756967,-0.064726711,0.026264999,-0.010708588,-0.001816104,-0.008475325,-0.030520169,0.001033383,-0.001494905,0.041321796,-0.013908614,-0.153295881,0.003748078,-0.040302999,-0.004951891,-0.049645919,1
GSM1607836,-0.009927886,-0.088555731,0.006853639,0.028502489,0.001452022,0.002916845,0.007984917,0.033450283,-0.051079945,0.02587655,-0.025565425,-0.150224404,-0.070355711,0.025155176,-0.011867813,-0.002002343,-0.008145647,-0.028311607,0.000774054,-0.001421368,0.042674459,-0.013920708,-0.154131221,0.003420518,-0.04007985,-0.004606791,-0.0497677,1
GSM1607837,-0.010062368,-0.089609111,0.006707763,0.025228675,0.001361564,0.00313519,0.006978394,0.033770388,-0.051851253,0.022524537,-0.023057258,-0.107922863,-0.067385341,0.024748717,-0.011528605,-0.001998573,-0.007495751,-0.026365185,0.000879852,-0.001413889,0.040171643,-0.013241859,-0.170252761,0.004089519,-0.040377982,-0.00397001,-0.050919172,1
GSM1607838,-0.010304589,-0.08857233,0.006553566,0.02701427,0.001350679,0.002891219,0.007499091,0.034562164,-0.049641748,0.024183985,-0.02422584,-0.134034788,-0.065997317,0.024238155,-0.010915228,-0.00190899,-0.008347404,-0.0287795,0.00086827,-0.00146614,0.047617055,-0.013317222,-0.155462296,0.003584997,-0.036089258,-0.004459778,-0.052189284,1
GSM1607839,-0.009927514,-0.092210926,0.006513442,0.02905446,0.001422316,0.003090135,0.006662384,0.038816763,-0.051638242,0.024352247,-0.024073846,-0.118094883,-0.063060433,0.024839188,-0.011232836,-0.001957277,-0.00818918,-0.029596118,0.000764748,-0.00146406,0.053438425,-0.013401435,-0.166180507,0.003504147,-0.038733252,-0.004319842,-0.050714974,1
GSM1607840,-0.010195512,-0.09051688,0.006596468,0.028228445,0.001393228,0.002808313,0.007375401,0.038335562,-0.053379395,0.025292691,-0.024096662,-0.165671309,-0.068286637,0.02541859,-0.011029195,-0.001962437,-0.008545019,-0.028967639,0.000849426,-0.002032047,0.061518938,-0.012979251,-0.166874279,0.003745707,-0.037653422,-0.004661615,-0.053730047,1
GSM1607842,-0.010110075,-0.093652868,0.00637351,0.028139878,0.00140857,0.003028512,0.0070837,0.037151992,-0.050872908,0.024778643,-0.024787501,-0.152046694,-0.065166963,0.024878468,-0.011330324,-0.001938206,-0.008369394,-0.028071614,0.000806255,-0.001917513,0.061009738,-0.013792155,-0.160182185,0.003372633,-0.03951407,-0.004424603,-0.053412502,1
GSM1607844,-0.010031386,-0.089799698,0.006524942,0.024698948,0.001361838,0.002891199,0.007351909,0.038451259,-0.050236924,0.023280783,-0.023352266,-0.114033957,-0.063787753,0.024494019,-0.01145859,-0.001991173,-0.007682624,-0.028321141,0.000686732,-0.001688103,0.042830882,-0.013201653,-0.16309709,0.003732267,-0.040317998,-0.004059833,-0.052297236,1
GSM1607845,-0.010045294,-0.089355866,0.006767479,0.026218975,0.001372936,0.003137296,0.00747699,0.038673911,-0.050488243,0.024145389,-0.025573239,-0.11820425,-0.066332943,0.026072718,-0.010776719,-0.001854954,-0.007263997,-0.025326766,0.000767401,-0.001407388,0.04685821,-0.014122842,-0.16127548,0.003202099,-0.044474622,-0.003820804,-0.048480446,1
GSM1607846,-0.009927575,-0.090840688,0.006673291,0.026862556,0.001372816,0.002883936,0.007789344,0.036138999,-0.051417464,0.024685434,-0.023775846,-0.149142807,-0.066070551,0.025360221,-0.011708492,-0.002042353,-0.008453214,-0.029408862,0.000824321,-0.002001383,0.060055864,-0.012870603,-0.158306531,0.003723719,-0.037919592,-0.004728516,-0.051325817,1
GSM1607847,-0.010112758,-0.102598044,0.006530194,0.02744249,0.001413293,0.003018939,0.006861172,0.03354257,-0.051526372,0.025615027,-0.024566641,-0.140607213,-0.067532114,0.025192842,-0.01115255,-0.001843119,-0.008359124,-0.028373504,0.000793397,-0.001942287,0.062420725,-0.014622704,-0.156933577,0.003485923,-0.039139741,-0.004826845,-0.053897264,1
GSM1607848,-0.010340566,-0.091501136,0.006776623,0.026072649,0.001426922,0.002990177,0.007499947,0.031957293,-0.051492295,0.026633968,-0.025944398,-0.16754774,-0.068949677,0.026896915,-0.011358005,-0.001877557,-0.008222657,-0.027853741,0.000821314,-0.001526237,0.045378662,-0.014177356,-0.154831811,0.003635695,-0.03820666,-0.004683816,-0.051725802,1
GSM1607852,-0.01011781,-0.088372897,0.006734353,0.028165936,0.001379963,0.002967106,0.007547715,0.036113167,-0.05295808,0.024838687,-0.024461665,-0.158358064,-0.068339651,0.024983484,-0.011314404,-0.001982886,-0.008372539,-0.028426087,0.000771838,-0.002013841,0.064172618,-0.013347959,-0.16379893,0.003566502,-0.03877929,-0.004763166,-0.052737767,1
GSM1607853,-0.010075749,-0.090277348,0.006509142,0.025618633,0.00141466,0.003017512,0.007366913,0.032490914,-0.051406336,0.025050482,-0.023236819,-0.155623393,-0.066424002,0.026092067,-0.010593409,-0.001820276,-0.008341768,-0.029073777,0.000771841,-0.001594542,0.050429476,-0.013369926,-0.145488949,0.003684476,-0.040009625,-0.004646419,-0.049910363,1
GSM1607854,-0.010148786,-0.088320356,0.00648647,0.02930689,0.001414397,0.002885692,0.007273445,0.033579331,-0.052664783,0.025296062,-0.025109921,-0.145431636,-0.06630278,0.024888853,-0.010849045,-0.001876657,-0.0082922,-0.02907906,0.000911527,-0.001530603,0.057677095,-0.013579795,-0.157238304,0.003606676,-0.040508968,-0.004744322,-0.053630057,1
GSM1607857,-0.01025688,-0.088274164,0.006708125,0.027479215,0.001325536,0.003081529,0.007922265,0.036790943,-0.05313531,0.023468746,-0.024097491,-0.10846516,-0.067802106,0.0248047,-0.011033419,-0.002112008,-0.008013246,-0.027412633,0.000803773,-0.001338601,0.040729186,-0.014194011,-0.166082541,0.003521944,-0.041051873,-0.004452812,-0.049339858,1
GSM1607858,-0.010278933,-0.090214526,0.006514654,0.028742847,0.001376793,0.003135097,0.007263621,0.032069514,-0.052823951,0.025088768,-0.024530649,-0.158489401,-0.066457102,0.026241256,-0.010712218,-0.001891312,-0.008463257,-0.028384833,0.000800701,-0.001694417,0.062817065,-0.014258748,-0.159542661,0.003598301,-0.039254248,-0.004887725,-0.052374151,1
GSM1607859,-0.01004366,-0.089515031,0.006474217,0.025925232,0.001461977,0.003040155,0.00720613,0.034971851,-0.052715382,0.02664824,-0.024557851,-0.136474466,-0.063620814,0.023940639,-0.010888216,-0.001903999,-0.007871914,-0.02866417,0.000838449,-0.001756904,0.044645801,-0.014590013,-0.159830675,0.003380242,-0.037814992,-0.00419927,-0.049982449,1
GSM1607860,-0.01017864,-0.089076052,0.006856327,0.026085341,0.001415582,0.002879031,0.007108979,0.031430543,-0.050412841,0.02579813,-0.024187445,-0.166800723,-0.064966876,0.025364266,-0.011681009,-0.001890043,-0.008504181,-0.028758301,0.000843867,-0.001737229,0.058260148,-0.012961909,-0.143034481,0.003626002,-0.038140913,-0.004855112,-0.049272442,1
GSM1607863,-0.010344337,-0.088578452,0.00655867,0.02770451,0.001338678,0.002896876,0.007644884,0.037100724,-0.050643676,0.024120237,-0.023323062,-0.143842193,-0.065934474,0.025012927,-0.011252877,-0.002016786,-0.008108168,-0.028569523,0.000694793,-0.002066362,0.063288305,-0.012888434,-0.164256194,0.003677992,-0.037474399,-0.004368446,-0.051642503,1
GSM1607864,-0.010615298,-0.091348885,0.006628192,0.028504364,0.001414857,0.003107944,0.006975795,0.032762598,-0.053506701,0.028135949,-0.024224232,-0.132054438,-0.067133099,0.024576507,-0.010898604,-0.001845684,-0.008555498,-0.028745895,0.000969516,-0.001394732,0.040665211,-0.014908817,-0.151235922,0.003645439,-0.039817119,-0.004417589,-0.053400145,1
GSM1607866,-0.009950398,-0.10009795,0.006913904,0.025651972,0.001392729,0.003053829,0.006960175,0.033026967,-0.052648273,0.024877833,-0.025686862,-0.122083633,-0.070157491,0.026315114,-0.011588668,-0.001906339,-0.008337542,-0.027512273,0.00095245,-0.001351389,0.039880319,-0.014378657,-0.166529318,0.003554256,-0.042230352,-0.00462546,-0.050395468,1
GSM1607868,-0.010153984,-0.090762646,0.006619462,0.028504306,0.001387558,0.002909579,0.007730153,0.035087335,-0.051912082,0.024670858,-0.025753994,-0.120550205,-0.06894166,0.026072295,-0.011255692,-0.001974221,-0.008053907,-0.027492907,0.000774222,-0.001768051,0.062057962,-0.013662084,-0.169370545,0.003301218,-0.03738457,-0.004633042,-0.052646152,1
GSM1607869,-0.010252645,-0.091143939,0.006533102,0.02995323,0.001394985,0.002772163,0.006577941,0.033122288,-0.051366344,0.025238021,-0.024611076,-0.156631609,-0.064598998,0.025430138,-0.011320306,-0.001869781,-0.008652231,-0.029186758,0.001046596,-0.001403495,0.042305885,-0.013383753,-0.15589853,0.003750468,-0.040725591,-0.005057515,-0.052045694,1
GSM1607870,-0.009979462,-0.089144572,0.006478995,0.026190176,0.001326334,0.003046235,0.007703855,0.039009383,-0.050740554,0.023231285,-0.024326046,-0.140942406,-0.066380213,0.024922673,-0.010895689,-0.001948523,-0.00792496,-0.028079409,0.000761356,-0.001767932,0.0415666,-0.0127802,-0.161742784,0.003329236,-0.039061177,-0.004332395,-0.051579798,1
GSM1607873,-0.010002878,-0.091197025,0.006778696,0.027594638,0.001348169,0.00294462,0.007369062,0.037901548,-0.052347553,0.025136391,-0.024178949,-0.131401449,-0.066544852,0.026008748,-0.011634704,-0.002026123,-0.008334419,-0.029506622,0.000751044,-0.001966077,0.050458555,-0.01342798,-0.164160987,0.003566172,-0.037049936,-0.004425433,-0.051558656,1
GSM1607874,-0.010086172,-0.08987904,0.006441464,0.02785769,0.001400224,0.002839381,0.007820014,0.033153777,-0.053495962,0.024945425,-0.024673555,-0.142017141,-0.066146152,0.024693437,-0.010715572,-0.00190436,-0.007946885,-0.02943587,0.000741391,-0.001886917,0.054820408,-0.01374596,-0.165607129,0.003474812,-0.038042876,-0.00455145,-0.052267738,1
GSM1607875,-0.010159713,-0.091908385,0.006648025,0.027341051,0.001457411,0.003005719,0.006933689,0.032081521,-0.051406999,0.025669171,-0.023283967,-0.144618288,-0.065098236,0.025042868,-0.011135477,-0.001975983,-0.008517747,-0.029792845,0.000912468,-0.00139883,0.052919818,-0.013640739,-0.157887298,0.003698667,-0.041052411,-0.004862506,-0.050272666,1
GSM1607876,-0.010027966,-0.088544849,0.006368915,0.025747789,0.001403905,0.002871508,0.007707421,0.039591023,-0.050493391,0.025223097,-0.022878729,-0.116529544,-0.064803314,0.025334236,-0.01074374,-0.001864743,-0.008385817,-0.028268758,0.000711601,-0.001698691,0.043711465,-0.013485538,-0.164016999,0.00355304,-0.037696634,-0.004172803,-0.053044475,1
GSM1607878,-0.010018716,-0.08872912,0.006608352,0.027005591,0.001321335,0.002907495,0.007214358,0.034351071,-0.051050428,0.023938004,-0.024115328,-0.117198701,-0.064869682,0.025531934,-0.011403282,-0.00195241,-0.007652819,-0.027935648,0.000695958,-0.001368608,0.039565013,-0.013037817,-0.166846537,0.003482621,-0.039176871,-0.004165325,-0.050450555,1
GSM1607879,-0.009968988,-0.088226642,0.006130208,0.028497451,0.001371281,0.002789621,0.006850707,0.036951986,-0.050545503,0.023051426,-0.02453997,-0.106769402,-0.06487518,0.025646052,-0.010770781,-0.001915338,-0.007997031,-0.027315394,0.000754588,-0.001451746,0.043226687,-0.013314193,-0.153903754,0.003854833,-0.03754569,-0.003905846,-0.050321688,1
GSM1607880,-0.010126297,-0.088614912,0.006724572,0.025622849,0.0013506,0.002902793,0.007388625,0.041472608,-0.052041054,0.024656877,-0.024288541,-0.13622367,-0.065307157,0.025573379,-0.011370194,-0.001985185,-0.008143829,-0.026832156,0.000796452,-0.001968194,0.054169498,-0.013240839,-0.160898345,0.003560666,-0.039127372,-0.004610735,-0.051028001,1
GSM1607881,-0.010326863,-0.09063026,0.006651894,0.028304025,0.001397124,0.002967873,0.006646413,0.031771666,-0.051666601,0.026559748,-0.023926282,-0.167811422,-0.06802049,0.025513979,-0.011544519,-0.002000197,-0.008151823,-0.027101597,0.000880738,-0.001875659,0.054454079,-0.014203961,-0.149087517,0.0037936,-0.039334716,-0.004762556,-0.053448826,1
GSM1607882,-0.010209007,-0.09563958,0.006778375,0.028422235,0.001389068,0.002981671,0.007205905,0.035227102,-0.052193042,0.025753915,-0.024661754,-0.154948675,-0.066226609,0.0250344,-0.011754034,-0.001998458,-0.008234076,-0.028555975,0.000904742,-0.001979988,0.053755088,-0.013420416,-0.16765936,0.003650521,-0.037908448,-0.004867322,-0.050984614,1
GSM1607884,-0.010117427,-0.093112245,0.006539092,0.026832728,0.001437658,0.003254426,0.007841026,0.035785877,-0.050110479,0.025392067,-0.025748705,-0.13967895,-0.067087465,0.025166151,-0.010706408,-0.001842238,-0.008121229,-0.028301601,0.000839459,-0.001617352,0.04485411,-0.014328361,-0.158158656,0.003508097,-0.04161367,-0.004351208,-0.049628599,1
GSM1607886,-0.010201682,-0.088507422,0.006397955,0.026343233,0.001456195,0.003110936,0.007019763,0.034776145,-0.053258831,0.025448102,-0.023903191,-0.145329912,-0.069141224,0.026163361,-0.011887959,-0.002006961,-0.008244349,-0.027940245,0.000869104,-0.001788777,0.041189855,-0.013619242,-0.173829724,0.00351382,-0.038447533,-0.004767865,-0.050223618,1
GSM1607887,-0.009918861,-0.091411673,0.006720332,0.026170205,0.001366,0.002963094,0.007585406,0.041224343,-0.05032401,0.023918034,-0.024237907,-0.108466945,-0.065179854,0.0246402,-0.010895056,-0.00186362,-0.007590425,-0.027853756,0.000711529,-0.001311666,0.038278811,-0.01289271,-0.152477184,0.003039852,-0.040788885,-0.003920728,-0.050565894,1
GSM1607888,-0.009989856,-0.095220318,0.006897845,0.025661405,0.001380073,0.002857036,0.007251747,0.03399368,-0.049464929,0.025502444,-0.024071352,-0.148661053,-0.0650901,0.024968198,-0.011442005,-0.001863402,-0.008516113,-0.028792277,0.000870907,-0.001519194,0.050642167,-0.013761448,-0.157841594,0.003402953,-0.039528016,-0.00426133,-0.055902939,1
GSM1607889,-0.010216971,-0.08746842,0.006606583,0.027900448,0.001376144,0.002892291,0.007251189,0.035881705,-0.052315423,0.025105855,-0.023539819,-0.168172836,-0.064472683,0.026230053,-0.011445264,-0.002073869,-0.008643492,-0.029619738,0.000859295,-0.002051659,0.055857248,-0.013347298,-0.167725657,0.003829754,-0.038081949,-0.004724103,-0.051540897,1
GSM1607893,-0.010023397,-0.086950718,0.006707369,0.026620878,0.001436319,0.002794231,0.007424232,0.040039479,-0.050217032,0.025712841,-0.024459829,-0.120284917,-0.067093574,0.025833472,-0.011305863,-0.001878797,-0.007945308,-0.02681748,0.000712685,-0.001749654,0.04840675,-0.013596033,-0.154878265,0.003319618,-0.038041081,-0.004450816,-0.05235714,1
GSM1607894,-0.010186289,-0.099106034,0.006623405,0.027624415,0.001367531,0.003077582,0.007145677,0.034025514,-0.051463292,0.026367907,-0.023724806,-0.127993094,-0.065849586,0.024731308,-0.011324269,-0.001903038,-0.008588287,-0.028776695,0.001011446,-0.001757664,0.049115559,-0.014738926,-0.155728884,0.003521775,-0.03961649,-0.004864439,-0.050775979,1
GSM1607895,-0.01021545,-0.091133754,0.006798514,0.026994055,0.001340803,0.003120386,0.006587091,0.032973652,-0.051930904,0.025292036,-0.024823341,-0.161747801,-0.069629752,0.0269258,-0.011229009,-0.002002015,-0.008529589,-0.02995563,0.000958696,-0.001427462,0.043767559,-0.013439547,-0.163128645,0.003898136,-0.04089238,-0.004668649,-0.051232077,1
GSM1607896,-0.010204608,-0.092037871,0.006618392,0.028602924,0.001414904,0.003067511,0.007315423,0.033370471,-0.052129981,0.026171835,-0.025134294,-0.134490379,-0.067304488,0.025863007,-0.010653539,-0.001897543,-0.008520317,-0.026954616,0.000917282,-0.001520043,0.045768608,-0.014587631,-0.161550765,0.003497348,-0.040090277,-0.004886663,-0.053342077,1
GSM1607899,-0.009966864,-0.089699778,0.00679286,0.026805285,0.001404281,0.002840889,0.007666617,0.037807292,-0.052243223,0.024988381,-0.024555386,-0.140464218,-0.068874799,0.026062595,-0.011739393,-0.002070073,-0.008639582,-0.028274623,0.000655235,-0.002162857,0.057480437,-0.013309744,-0.162418709,0.003800577,-0.038610939,-0.004758696,-0.053872998,1
GSM1607904,-0.010126166,-0.089071163,0.006395468,0.02639918,0.00138109,0.002822507,0.007163871,0.035230907,-0.050832951,0.024620996,-0.023791072,-0.164938447,-0.063839475,0.025260174,-0.010925284,-0.001955423,-0.008283164,-0.028379446,0.000824131,-0.001989159,0.066213687,-0.012898547,-0.168234586,0.003676554,-0.037391102,-0.004618827,-0.050174214,1
GSM1607914,-0.010214425,-0.096079078,0.006666671,0.02857641,0.001309911,0.003013471,0.007316057,0.035490112,-0.050712841,0.024071852,-0.025759296,-0.134049523,-0.066799928,0.02449138,-0.01109535,-0.001944555,-0.008254928,-0.027971373,0.000950178,-0.001420569,0.043479338,-0.013149613,-0.164552669,0.003353776,-0.037838122,-0.00454418,-0.053322948,1
GSM1607919,-0.010013113,-0.089241686,0.006504036,0.026978341,0.001375425,0.002984764,0.007141311,0.036973964,-0.052443587,0.025200895,-0.024939814,-0.131056819,-0.06358375,0.024747411,-0.011069109,-0.001906024,-0.008356654,-0.028256916,0.000866315,-0.001606209,0.044895399,-0.01411998,-0.159275363,0.003426015,-0.038655856,-0.00459516,-0.049727454,1
GSM1607920,-0.010329551,-0.091618518,0.006510834,0.028817333,0.001421909,0.003150899,0.007799788,0.032009474,-0.052826204,0.026828355,-0.02542866,-0.154088896,-0.067223744,0.026827629,-0.011025206,-0.001859345,-0.008401073,-0.028678893,0.000876755,-0.001482373,0.044310367,-0.014658636,-0.151207802,0.003703948,-0.041869092,-0.004909346,-0.052608136,1
GSM1607922,-0.010392626,-0.089977965,0.006586713,0.026542964,0.001391095,0.002951131,0.007849953,0.032309295,-0.049865404,0.025466531,-0.022985834,-0.134217694,-0.065055829,0.025608349,-0.010711998,-0.00200451,-0.008468048,-0.029415039,0.000877176,-0.00164787,0.043740405,-0.013816473,-0.160913517,0.00390047,-0.038741234,-0.004524766,-0.051639507,1
GSM1607923,-0.010181215,-0.089234918,0.006447602,0.026569468,0.001446309,0.003048286,0.007334151,0.035219896,-0.052400359,0.023913989,-0.025434671,-0.145899408,-0.066536116,0.02470652,-0.011045784,-0.001774222,-0.008298027,-0.026675013,0.000820621,-0.001799319,0.053194503,-0.013578782,-0.142831002,0.003265662,-0.040355186,-0.004556778,-0.0521456,1
GSM1607925,-0.010038347,-0.095990087,0.00655249,0.028914915,0.001408079,0.002979255,0.007170836,0.03418398,-0.049551852,0.024249859,-0.024164011,-0.114674001,-0.065709877,0.024737425,-0.011346525,-0.00189076,-0.008513674,-0.030214074,0.000930383,-0.001502821,0.045066414,-0.01387966,-0.16032619,0.003846589,-0.038292339,-0.004249683,-0.049650338,1
