"","ARHGDIA","CD9","CLIC3","DLX5","DUSP1","DVL1","DYNLT3","EFNA1","EIF4EBP1","ERLIN2","FABP6","FBN2","FGG","FN1","ID1","ITGA3","LRP10","LTBP2","MOB1A","NPTX2","OAZ1","RAD23A","RPL36","RRAD","RRAS","SERP1","SMAP2","SOX2","SPARCL1","SYPL1","TGM2","TIMP1","TIMP3","TINAGL1","UBB","WNT10A","class"
"GSM1932967",15.9756605368143,18.787492906901,32.6892030215699,21.7313655942357,24.8970915788947,11.7993858099699,15.1542749912092,16.1741229281183,43.7500518377526,4.29521947759918,29.1828189026572,3.85002641185783,4.66146784689361,4.08998365333344,39.4557603168478,4.25315063368124,6.63807674767654,5.40085046625965,7.63551121493382,12.0339854207049,19.0775939488848,21.3157913033862,24.9547691231764,21.9542355058736,39.3511755752077,6.55731541199323,14.8226365008045,25.6346229682686,15.8838155058912,16.5291656070198,5.63867372480919,30.2994972331747,11.6770884101382,7.53603855284571,33.8448932242649,11.2972285409683,1
"GSM1932968",14.6193650136431,18.0983347483612,33.382982672443,21.2638128556517,24.7761072476018,11.9195153610103,13.9477242342609,15.7127967263196,43.4820755713355,4.51497215596814,31.0847787704754,2.17629498394163,4.87519510286322,3.93842557763195,40.2170592658899,4.24281129979608,6.14734965216846,5.38790930295622,7.31631571208542,11.9093643809922,18.1513220006783,20.2544195809741,23.6735354165996,20.4600520495544,39.666209776656,6.84467833699978,12.6781657661861,22.074517997905,13.8795483693572,18.5285791586897,5.67539832612403,28.3079749831357,10.8538637561342,7.32103458667599,32.6036000237957,11.1069277443831,0
"GSM1932970",15.1301024776111,17.2944955956828,34.7137100369802,26.1441486844349,30.1729311523421,11.4798035595678,13.2587802487132,15.0344415225088,41.5128569061262,4.07187654194247,29.167695397839,2.50230490236697,12.3837777833347,3.67760174982334,35.4457308616385,4.56369212982863,6.12683442756444,5.13816041586085,7.72207966594075,11.9241888530558,18.9817321609999,19.109801543161,23.7675359624545,23.3392201280734,41.8845411763133,6.8389154844277,14.3394806367688,21.7502470089928,14.8356365943906,17.7729216164471,6.63709758226324,30.7636200035636,10.4081698258547,7.40741450501811,34.7431516487454,11.1923697392945,0
"GSM1932971",15.0030811250852,18.1659327739982,33.1305148246924,22.9096561290494,25.3863268274366,11.6913622765673,14.7041294520707,17.3005100850695,44.3886639647084,4.00092114123291,32.0287339533504,2.70303505009237,4.98794254708585,3.71212771168264,40.9753687268674,4.54414469888846,5.9274694733619,4.90809668881725,7.07141497128193,12.069063798258,17.1235478418147,19.0298798595791,22.9968268379433,21.0490752268821,37.3336324547551,6.83631061777148,13.02983171102,24.8228782369597,13.0076326256113,16.1590327584114,5.94688590240476,30.1215066350016,10.0318422187358,7.45056323154628,31.223334256319,11.8164309312906,1
"GSM1932972",15.486531569475,16.140914141423,33.4039023445818,18.968174176011,26.8855711132966,11.6674193582184,13.2209942379119,16.6695477427536,43.4165938800287,4.40665112434649,28.3848083170727,2.10959652939358,4.73712087925233,3.98336460099595,47.053597363125,4.87586692232922,6.49126765072022,5.32879980693717,7.43441544964533,12.0186037952176,18.4816199972164,19.458544334364,22.9187584834725,20.5562635934124,42.9074342043906,6.66339939270996,14.4457088457337,16.8414240053718,14.5671408100628,17.8321665532463,6.18795748851055,31.7838730008709,10.7916717701119,8.37989149377925,33.3845077318746,12.1458487023773,1
"GSM1932973",15.6760745236644,19.6291390958742,32.476460395917,20.8372617148577,23.0347874761094,11.5146152536353,12.0108403325773,16.0883699797414,44.446971104708,5.20151150479603,29.9536212435,4.23155201018586,4.65442607487784,3.75733116998945,43.5078363664852,4.99453754450765,6.36064089319096,4.85039146224002,8.03153774521042,11.6689261116484,19.2815339717781,21.5040434554335,26.2029412727643,20.557781150535,39.7178792084345,7.00687037353075,12.5700223024961,22.7114732511065,13.2126895883821,19.2330117244833,5.95283287516427,28.3651206506731,9.71737297996288,8.09183934760177,34.9963369519404,11.3306076953634,1
"GSM1932974",14.7430579805311,18.6329141453444,33.3201419049378,22.4316638140944,26.1397131373522,11.7735556504007,16.4055079460747,15.677136192843,42.2980674822426,4.25180474576022,28.6489637581366,2.30230859960654,4.61377741764054,4.13307753717882,35.1022751220202,4.14301429685806,6.12319544652387,5.04458499649445,7.54492697004819,12.0659664814234,18.5676471360625,19.8560782458513,23.2242844153366,20.7376856910574,40.6845604933962,7.10738722500457,12.1797367316156,24.2188334795137,12.6953186554932,18.1214505556676,6.07017026524396,29.7913016586166,11.2952844632986,7.46835371447327,31.7434765050411,11.2456557246301,1
"GSM1932975",15.2788824414899,18.8111060803699,34.2172935631495,24.1361815361059,21.7367559699953,12.6744394605286,15.9631107602705,19.7652624426739,42.5104086389806,4.02008830380311,31.1395494661605,2.74505302346519,4.75394792419115,2.36903812272748,42.2586962219098,4.71411191470186,6.00416406796982,4.63394963402187,7.80033846364445,12.0692351318639,17.3235637666198,19.8642812029049,22.3151224947703,21.3756966065619,35.3344814323005,6.94922646382312,12.1395559736746,26.4546552012553,12.7883684167332,18.2085726207268,4.93590339964035,24.411600701736,9.22592597537535,8.47080676670139,33.8422911388581,12.4778177540898,1
"GSM1932976",16.5970536466376,17.6892229197175,34.5645711969881,19.8370233791234,25.0483852197341,12.3539283316154,14.0497273061678,15.4344729040833,44.3736538143376,4.69248467180412,33.7585223923603,2.38676268129383,5.29342461890555,3.76080719316012,39.7764130413639,4.96603417966202,6.20970106605963,4.70012893867349,7.42076511366919,12.2958806451886,19.0123420067932,20.9808204756716,26.1465182803433,21.4258500830343,41.9875364048833,6.96455861705695,12.2521951199098,21.8018458049407,12.806560653663,18.1632811352196,5.74864959393496,32.0027073581701,9.94399459422726,7.82105220087673,32.0758565040918,11.6549963867432,1
"GSM1932977",15.9251243209917,18.4573735120576,34.066641869235,20.0351161269341,25.6595320889318,11.9235619359156,14.7290163456939,16.8443856594118,44.9139722153792,4.90733023409361,28.5846960573056,2.10850563616622,4.84739367710662,4.36395223157837,39.7765996192146,4.99957566303865,6.50106671075011,5.81322090511287,8.00760079594281,11.7182564781198,19.2900689072365,19.9367095961839,24.2054099462464,21.0679805569167,46.0789445299018,7.48937436271725,13.3838522996917,19.3681168263413,15.7090247193078,18.8546970405211,6.63339555993687,34.6025785076728,12.3992101713587,8.93135317271894,34.1630525843754,11.3501341536374,1
"GSM1932978",15.6071837982419,15.582942296134,35.0648037749806,18.3324190979443,31.1728993008281,11.57766640247,13.386201433603,14.27010376682,41.7994744938376,4.08703872966465,28.0980832696416,2.27609883294663,6.02306492892842,4.4850404198074,35.3560386453796,4.30077862501064,6.40521687071846,5.46162439761361,7.86175967793689,11.9813856394577,19.3320241470128,19.862618227922,23.8439288463043,21.878826058334,47.1604308477276,6.69677569187389,15.1468918223994,13.9916183991315,16.1323931776816,17.5679772336724,6.93497472607682,37.669469798763,11.6756691892464,7.94828514285181,33.7760495698229,10.6808449091397,0
"GSM1932979",15.5631123315262,21.0949476260465,31.6148190893962,20.8639175858126,22.1182104874573,11.3891295962564,15.9459311783155,17.1240165834121,41.9892125012651,4.27682656755992,30.4720392619732,5.05749908090672,4.89571804984365,3.72731383456961,36.4597517433487,4.67941147152959,6.66518296271762,4.74144389831806,8.0428989967696,11.7073263947624,18.7931411417081,21.3448141795067,23.5807526531538,21.0671633686828,38.9690817283293,6.9107320955427,11.353546890704,25.9281895090077,16.462614753256,19.9746833246031,5.27301984084849,28.1614903639823,9.85446616717467,8.96615487035874,36.04422518087,11.3838409273596,1
"GSM1932980",14.430481087603,17.8829501637182,31.8371437130194,25.49092439596,23.5829818296126,11.5886509902631,11.8494532355981,15.3283698986392,40.9030842771686,4.10079749143692,33.2210285066503,2.07297594276867,4.75178227693101,3.9873225989665,40.2433932064051,4.25230605057121,5.757215011566,5.24843659200481,7.5614772918452,11.8089831621882,16.8590535481261,18.8295562968215,22.9009751233951,20.8508920421683,41.0353567612946,7.36676262115133,11.7574325152457,22.573434928817,14.7236865701622,17.6629049164698,5.49769952556893,29.7628965895579,11.2239104706694,7.84416509702866,33.6100740555582,11.952131024894,1
"GSM1932981",14.4723123035789,18.4594482767169,32.2718859275642,21.712553577358,25.8195508733096,11.8436402397868,15.1079135284521,16.5611512092117,40.515515863669,4.33328235909667,29.7807689769721,3.8100496954805,5.31237036714509,3.88017041967909,36.2224679095836,4.75041445989664,5.83459741680955,5.29433592187553,7.36313545835033,12.4793514023293,16.8822646462561,18.9750509040999,20.146726570627,21.2870337433367,38.7875901701814,6.58411312926272,11.7850736320461,24.9032447141867,14.1128901619912,17.6529127368182,5.99926294662733,30.0929306933932,11.1930651701652,7.99201564876387,30.6152564382166,11.8296197249538,1
"GSM1932982",16.1625823703066,17.6189644686467,33.7314060330947,24.8925548775329,25.5515929641304,11.8060543274584,12.2979689411937,13.7585400671791,42.6531213969453,4.64596515717368,33.1580497643226,2.91062080686866,4.56739587583725,4.21935287909437,31.4459791050847,4.50368905494387,6.31293872917862,6.00057321425245,8.10063102417969,11.8438692311468,19.245594103869,21.3281135124409,25.4167037641978,22.2112458771269,45.7240856689795,6.83716320521589,14.7342459646007,20.0518720427487,14.4183134169293,17.8131285005179,6.55830905289452,30.819140651193,11.661031256636,8.25258641338263,34.1600890033324,11.8672932282842,1
"GSM1932983",15.6732572291066,18.6159809353541,33.6342862309307,22.5870829559851,25.399931553465,11.9579678840562,13.6431897227688,15.2508711151562,42.5621966625021,4.26607786997978,29.6940372354147,2.20487451430321,4.64689167321076,3.98301597726344,47.1351429560824,4.61194157324252,6.33243850769706,5.57980551023659,7.39890656829373,12.0277305967979,18.5042319198447,20.7083731774816,23.419525344767,21.4204478444266,41.1598202489564,6.74774187267154,12.588124273887,21.8421422538436,13.7946619233302,18.8037007229363,5.63385326506646,29.0760070124793,12.2295487649554,8.47365294769008,33.3704431091071,11.6546295449302,0
"GSM1932984",15.1855814665035,15.5843758344577,33.6864613395211,19.2160073192529,26.8776307093476,11.9227111238166,12.6810456131514,16.2740342359109,43.0913933879314,4.16987725349534,30.0367352520108,2.05995277839452,14.8642163060437,4.22194207390313,38.5656270710738,4.61692397460878,6.81080963921668,5.64638720877991,7.21634775794109,12.3344964343807,18.4804471655775,20.2315083313912,23.2815911689017,21.4524125980592,40.8529098735352,6.88238448296925,13.8723793259809,18.2744181826509,13.9680149761771,16.8186246498561,6.67834097643355,32.8851470449654,12.5294448711411,7.54824875615619,33.6390079000581,11.5649210714909,1
"GSM1932985",15.3079932256804,18.2552330305626,33.0997830722959,21.2280681216568,26.1074969280467,11.4335905624947,13.7696549562142,12.9087972128528,41.9694916390332,4.43817877176668,28.8989986899838,3.54183223074434,4.64575697046686,4.32411130926781,33.4178733644449,4.06793746210767,6.15775996212528,5.64760180652902,7.67558520949381,11.5103500321397,18.2750856521665,19.4392818741079,22.9787400825387,20.4253984323687,40.4558366628155,6.54517242405985,12.9605664330447,22.7526441947497,14.9082046704498,16.5767605266272,5.86925590090641,30.1196626484484,13.0909995184554,7.10274353834888,32.6086708503066,11.2494993600638,1
"GSM1932986",15.2524717034247,17.5989107384571,33.2839131714565,22.2177803362112,24.0612599094271,11.6443936173737,14.8798865995423,15.0574816075016,43.0387029858948,4.07174712544938,29.553425602105,2.48705676607339,4.67368463102579,4.28493401104254,39.6799977632018,4.97677288125283,6.1771542342253,5.26423366938961,7.22703292515585,11.7536146419612,18.125887213434,19.3179625382563,23.2829211070244,21.2287238005902,43.0677187066882,6.81955116983881,12.554345563726,21.2142668625716,13.1631737249706,18.3035833904136,5.53738900727319,31.8625480239048,12.0202894923171,7.61193647576159,31.8778538766347,11.5986154583734,1
"GSM1932987",14.7486816091505,16.1287598846625,33.1484114102864,18.6451081929293,26.1743042965549,11.5150564293793,12.7024774602617,14.3982340855111,42.3854044182464,3.92092365060545,28.6354689037895,2.1961187870157,4.77483619873804,4.22488241973961,34.6363828379301,4.3130281996414,6.06090451484065,4.95607351431356,7.09234857168858,12.1721789352193,18.1894294243501,18.6252462120212,21.5756871730099,20.5429690240512,40.9639929791153,6.25859572802941,13.425603000774,16.0962409732381,14.0330578845812,16.5759144023043,6.63918684417858,35.2243395354615,10.8114632170914,7.59042019845069,32.0877265308463,11.5969363696851,1
"GSM1932988",15.959072340308,19.6864413800858,33.2127618888506,24.2797332428074,25.5959335361689,11.9397576982085,14.3607041138257,17.8808193145487,44.1586264372391,4.50854075603645,28.7474308586442,3.74924181401246,4.71775806312869,3.29659415923536,45.870630724355,4.90773250713928,6.45978567008833,4.77038133573595,7.9730029025358,11.6924446637092,19.7591954826679,21.945849476719,25.4227630369322,21.2129839896648,43.2102334889887,7.86766095426573,11.1581842051272,25.0491904101481,12.5024505226928,20.1888877063614,5.08011056566457,27.4922508821197,9.78761974041046,8.22556568320533,35.2805124950462,11.5568777420104,1
"GSM1932989",13.5929428580132,16.4529897593352,33.230170850892,22.1787513915252,25.4643491815939,11.3759492841674,12.8761071242702,14.9965230900423,42.0755372182669,4.01311704789455,28.5649149273436,3.03199435583791,5.35037299817961,3.60423766149415,32.3868314898804,4.3715911776817,5.45159516776851,4.78131383044729,6.71249252510581,11.9820876170594,15.7544252469192,17.7805069498729,19.3876100796668,20.3592233437217,34.4361594175337,6.06589563732501,10.7258434207343,20.4366429819657,11.5716757352935,16.8651671548524,5.17846549507185,26.7213279955863,10.1235175372182,7.35237016693756,28.823919040973,11.2899634353349,1
"GSM1932990",15.5823321343576,19.0061614041827,33.9977339161116,26.2180858311936,26.1761064742896,11.9089947834552,14.6406140072153,15.0871154766586,43.4860458104237,4.43569511817977,31.9411671335944,2.50567521925979,5.75785181304158,4.08405069746185,34.6418797890165,4.38614310434259,6.12090626782145,5.22696937985548,7.54234205528377,11.8568022677655,19.2450825290262,21.0264578652231,24.6057377231387,22.9249724325264,39.8103426614173,6.77675855566399,13.2403306082923,27.129286145757,14.5191844626387,18.6603128256087,6.39377395285974,33.83704431716,11.221379634885,7.34662542460192,34.2542403351655,11.3929422964354,1
"GSM1932991",16.4217851934803,19.0014501776181,34.0585875456602,20.2291047111939,28.9820958943279,11.6198773426822,14.17148385621,15.8212476985143,44.1873311530665,4.50624634164298,29.2994905074206,3.06410783315102,5.03245617081381,4.09431255084549,43.6978132061225,4.56576101221396,6.48369778462795,4.94990197137867,8.18760231877186,11.7685682741808,19.7878131811449,20.5575602484138,24.3512334368734,22.177940206619,42.748920010616,6.68253913439281,14.6820648747743,21.9248498842927,14.4768699316842,18.4554593354253,6.34433400355812,35.1297727745396,11.2295459953572,7.20491718746434,35.5691284304348,11.0514500510085,1
"GSM1932992",15.3764477857116,18.7098240211281,32.6701254696982,24.8512354797806,26.5671844614263,11.4350632084919,13.6008471283966,14.5376009015602,43.4012406410421,4.50123745575002,30.078773574024,4.93433543013916,6.32230471169984,4.01100104443267,35.2678794065501,4.25706353126439,5.89691481200871,4.8912560837297,8.07285691405492,11.766974866607,18.2364280788963,19.7110018974888,23.7324261474547,21.0086801056147,39.5919250871454,6.76722981266819,13.7064720410874,24.2527546523717,14.407926832278,18.9749485052725,6.26843376853998,32.8049538482514,10.7741523332127,7.32322152384317,33.4022496669655,11.1917226860392,1
"GSM1932993",14.365450331284,16.3550356280886,34.5161559106882,19.0520378369819,25.7431064064929,11.6911091157888,12.5898285269979,14.4816924511982,41.2380338052473,3.81691002477779,28.9368332702086,2.30681505928222,5.71947542748503,3.79367636734278,35.5696557648561,4.79984952183808,5.97439546437835,5.4392252590681,6.92384796080047,12.2878964635947,17.2771891676658,17.8067099061108,21.745210273677,21.5013425277037,39.8571658278316,6.11823825803259,12.4803120617647,16.7602494681093,14.0116162040955,16.7433973633698,6.29839475652068,29.2357683397305,10.6878560350902,8.61347648460497,31.2329513320652,11.9320027197345,1
"GSM1932994",15.9956093314961,19.2376091721543,32.846450394841,21.0361448881506,23.3388456810786,11.5307678486508,13.3189068620272,14.7466797612482,41.6737080865798,4.1191225554524,29.4856904993652,3.6381978022127,4.58645312184615,4.06508323967976,37.9954855957485,4.3160320411688,6.36830239166321,4.99511746661627,7.81326914670697,11.9782840364064,19.2405538801851,20.7694071038607,23.5185129840575,20.8415769573093,40.3947392432956,6.78859428370396,12.8104670749133,22.0778701415446,15.4689719588896,18.7073528398426,6.06519750198008,30.6005858056272,10.8211741681432,8.37599232332118,34.7809353452871,11.3268700715615,1
"GSM1932995",15.131358268696,16.6991665681841,34.7338106115553,19.9159043038193,27.1491378281867,11.7643929300644,12.6131334482795,14.4682385837462,41.6751293038366,3.96346994322654,33.2059943534304,2.21789483752864,6.80665776278784,3.98041184009384,36.3089074107244,4.54713521143088,6.18558099638341,5.38090549768409,7.43530809438931,12.5487744695377,18.6088167742221,19.1574937696828,23.182341646909,22.6420664503243,40.0596305887713,6.33386752180897,15.3149991660778,16.5023685240524,15.2860378432362,17.1250766611765,6.70071727147484,33.9456338888342,10.9961464755174,7.7984711341038,33.1912872094028,11.7359679910609,1
"GSM1932996",15.5174130251304,16.9503751849361,31.2437614419645,30.6451983429618,21.119515770533,11.6282222730162,11.7927399746375,13.9684763947112,42.6443097133983,3.99224693030022,30.845738656029,2.10684173504036,4.58026033983629,3.92215767530877,31.127216291684,4.15061310830341,5.3329975461724,4.66719156534541,7.58165141370201,11.4276955603986,17.6080378694299,19.5858688242513,22.9309967600698,20.3140957683081,34.9277660323733,6.6690474726314,12.2201601466287,17.9018752170556,13.2767303075293,17.5050818137924,5.36000643631065,28.1814488862326,10.3216775284799,7.26745427099905,35.775438061774,10.7984229600245,0
"GSM1932997",15.8993986565408,19.6109512402007,32.2668296503365,23.9352752953559,25.6565974984659,11.9713557079193,17.2010826122105,16.0952743472879,44.8501177787697,4.53580375986832,31.4729041367116,4.31464289538272,6.24638186295035,3.95325120579607,44.0282697268511,4.64141268494511,6.57161361232938,5.25525058328174,8.15065392807129,11.9904734543679,20.0175121136376,22.3090310714508,26.058983286366,22.3826755102876,40.8051370881156,7.42839949186398,12.8836383626427,27.1695551614627,18.4998857490699,18.0432355508407,6.48291220961272,33.1620150477442,10.615547778309,7.48879022755055,35.934034455886,11.1566665208632,0
"GSM1932998",15.7529327037896,18.8353620594929,36.1747970973926,21.0312624722193,26.6411395860609,11.94374471332,14.4376678035764,18.3262776454498,43.0519046813041,4.20840906949561,28.8841732857108,3.64708695124798,4.56532776098676,3.9326985723898,46.2130878466857,5.19755376088347,6.27408064273462,5.17215260184185,7.59773761832156,12.2505697390589,18.0621311868249,20.1808430799706,24.6815828860502,21.394492729216,45.2591653965434,6.41669491863303,11.9199464108877,21.0853799969534,12.3288841817649,19.3067740019842,6.21701204785212,29.3415002525539,11.6441273324377,8.46958212617296,32.6260074213119,12.1615443742136,1
"GSM1932999",15.6167495657222,19.1725329051335,34.5551563183498,23.7516943063386,26.4548891535791,11.7387718897993,15.6665376180328,15.9965645423524,43.9942179246781,4.52684187900853,30.5051224856574,3.13852021237141,5.12043954583548,4.14375549337829,38.1337331123526,4.50982934240127,6.10339220860362,5.4825452097782,7.59635947095013,12.0640569483225,19.0719351525998,20.4428679692051,24.174370843554,21.4836593668127,41.2959865615614,6.88654063047663,12.7210928942731,26.4779851808663,15.6566522204957,17.3264939924781,6.50306693204901,32.1012114468,11.4441321046018,7.51870399647405,32.0986417029825,11.7869630666575,1
"GSM1933000",16.5098854942289,20.0825681640064,32.1730598141213,26.4276090978547,24.7212024867756,11.7456566484663,18.6905048495228,16.1148212978575,43.5572233429063,4.90865203304524,31.0277172732985,4.4402789467311,5.51918597230745,3.6936930230599,43.1861094329563,4.59636942642098,6.57053878485441,5.61160651645444,8.26860897812371,11.401659220635,19.5045129558827,21.8596848848264,25.598854328941,21.1810432687599,39.8453859447158,7.5090598950575,11.814594918832,28.4119875245833,15.7259640409859,19.6696321270226,5.74861114043054,30.4641848347509,10.6800707420237,8.11322991867694,34.1218522129102,11.2588292305468,0
"GSM1933001",15.449755911311,18.0037301620744,33.0626020955586,25.7923426915138,22.4060457382662,11.6816230381877,14.5616708086792,15.2227760988302,42.9716432559706,4.01144949810894,30.7264232150897,3.80541412203645,4.60128784237529,3.85653736881169,34.0476700462255,4.19914319617194,6.12565390470312,5.25811528467783,7.73385153623735,11.9703233350643,19.3180397452328,21.3246998204887,24.2180154167272,21.0415663676484,38.2402032464409,6.74832087842917,13.2928995781704,26.1643630442241,14.5996723096283,18.1592949870429,5.99547302737856,29.541781403597,10.5175169378797,7.56973745144655,32.3666926138812,11.3162463282901,0
"GSM1933002",15.6028193021749,17.5825513687736,35.4204640972458,21.0951804366352,25.6890097143618,11.7982280404741,14.6656910752546,15.4340855916269,43.2830295913845,4.28569884115838,30.5165586985792,2.39124313149214,5.27211683828792,3.86040134236679,46.2353596554582,4.81082805040183,6.68578360276329,4.99580527905408,7.63114044364234,12.2113649573651,19.3536398257187,19.6925932399826,24.6795562434303,20.8812043043757,42.3841178739637,6.81574790105571,12.5496151599445,18.6173294643772,13.6353231724588,18.5021892528231,6.30793314338855,31.4678959821579,10.4287795972718,8.17058681098487,32.8479807156637,11.6213698996219,1
"GSM1933003",15.8965353964738,19.4296465939824,33.8399378514804,24.9133149179602,24.6448640090246,12.0154964561611,17.5570651466377,16.927621543611,45.3882325371245,4.00081050988776,29.6141908964571,3.49906254737554,5.145556886661,4.11386560676395,39.5058433407989,4.66440054055554,6.17030081134678,5.15538338014626,8.09026921380718,12.1928971444763,18.6292733659731,19.8892583222766,22.862490953965,20.9875322878904,40.1056301760313,7.94188070199594,12.6384521616931,28.6648183399481,14.3251809000406,18.8822073433497,6.43203285530501,32.3034787147303,11.2399437277755,7.9761247822196,33.4014342237244,11.5589497213538,0
"GSM1933004",15.7493274745077,19.45964335841,34.3276290869618,26.2455423370873,26.40491264502,11.9071622295815,16.004536630392,16.3019012245555,43.0563079402098,4.21920015867402,29.6024097809271,4.02514142516853,6.53458332469701,3.96572000733518,44.2973775669174,4.59256689411144,5.93041468715724,5.10093670671353,8.0902164928361,11.8397911014447,19.2810365729163,21.913100835604,26.4954383757198,21.7215287273762,40.3129540883718,7.10450956963615,12.0122153404108,28.0145382837497,15.3411882793582,18.3943523109924,6.23081472290467,33.2160336318158,10.2331114044111,7.65490969799164,33.2340670664454,11.3508322921985,0
"GSM1933005",15.4964560108888,18.8207394671815,33.1697518675278,20.2349041115476,25.0460101964807,11.9243589734125,12.9428385239807,15.4845130725803,42.7477267822484,4.12272900114559,28.4570789463748,3.73919783020833,5.81047619719895,4.18205872104564,38.3933174651447,4.48446076325754,5.79787719554861,5.24586268359908,8.56546633445074,11.9856793518266,18.9284229255394,20.217287164258,23.5572061052428,21.1779504864765,41.8920694604997,6.92730594297936,12.6014945272059,22.6460121034554,14.4307047982464,17.7983139357893,6.04573443727021,31.6987628386466,13.1502492856972,7.33189485573197,35.1223526062735,11.5596802228519,1
"GSM1933006",13.1642830315681,13.9928419109864,32.8485284410518,19.0784928577919,21.4986767079533,11.2646068297072,11.4246813627579,13.8142158658697,39.9098284255489,3.65658025525667,29.2107119795821,2.2794337724889,5.29733888776169,3.62080556692705,29.4747788528795,4.88285948292056,5.23858419981688,4.44506357772517,5.88191412877659,12.2173622123746,14.42129689699,16.40779108304,17.4363619459082,19.712259651611,34.1870810432709,6.09341500075697,10.5383077356013,13.9195896175062,9.02367031859302,14.0880970227639,5.253973548314,27.120185792544,9.29732242516716,7.53415900616482,28.4257473673904,11.4971167060746,1
"GSM1933007",15.8048429487331,17.3394547421149,33.7767256541743,21.7416431796684,25.1061849659924,12.0205968757891,12.3971265119319,15.0758882174149,46.4481891548623,5.31095873188629,33.3723152620059,2.2420842824663,4.59287678804611,3.92947693902128,37.5557804086405,4.41490188557057,5.933677781241,5.30441315797953,7.01627984888127,12.6075922999481,18.1327721572446,19.9476745844242,23.8213446707729,21.4113773506985,38.7583951209498,6.53046620964338,12.376885735984,21.6415900755986,14.1711295303241,17.6502414792719,5.75061791433156,31.7844445670119,11.2242801283176,7.61969488197036,33.0237653847239,11.924878831956,0
"GSM1933008",15.912112907222,17.434596370906,34.0558315817655,19.3045140150753,24.4331978689692,12.0051337222797,12.5014154606918,13.5874318997818,44.5040340650617,4.65671468879846,28.7195782484072,3.85506372802196,4.50408048807628,4.1148922098449,33.9683574502058,4.74533922193007,6.19748262925883,5.01049966216894,7.83772101383371,12.1214862776849,19.5093247092615,21.0606665919712,24.4566614738121,21.111337011597,40.5826489609806,6.45096665645744,14.1322313891201,21.5422078148257,12.1478673370468,17.687716222556,6.42985150201979,34.0523622254141,10.280688308234,8.60029260130828,33.813088984231,11.5019944234593,1
"GSM1933009",14.9176418148539,18.2501314765641,33.1832478075816,21.1175723598725,25.5453118540926,11.6398068180284,15.1114390059538,14.2392695021892,40.3745450305065,4.01176759961822,28.6857020516746,3.32694761012231,4.84915294472896,4.27533761239501,34.8790060122704,4.18759521024955,5.9030084570395,5.39202062736448,7.36663687370011,12.2250709408479,18.0572100862903,19.6040392073261,21.5340579361269,19.8517939698314,37.9888251537837,6.34408163071434,12.1967581280102,22.9053749622378,14.8300241467519,16.9215535894758,5.57338791129212,30.3544243627195,12.5945580174291,7.20345836719152,31.7379346740032,11.3094929754638,1
"GSM1933010",13.9338389883339,16.5525240439084,32.5965459635729,19.3930899548208,22.6169675491201,11.5578889434576,12.2538677600856,13.7267527526048,40.357008105156,4.14539291669042,35.1825974801849,2.09439482818286,4.49465224762462,3.04929566637304,31.5136712238448,4.33043771554321,5.51556636816975,4.54095254819976,7.23907327968582,12.0275022707904,17.3849343302721,18.9644797472711,22.0536492136083,20.0291488721583,36.0076870686104,6.21080329688908,12.7146620712211,21.1471982811005,10.6956005749554,17.614881907102,5.40673690045662,25.7588245007145,9.25765069396662,7.49351664774224,32.9383118740758,11.5064043327712,1
"GSM1933011",15.3099847890855,18.6364152619335,33.2505750014451,19.0048743824764,22.7198476966729,12.0636577216776,14.475160754273,18.3769657534151,42.679956254404,4.24778201275549,31.6802628907239,2.16519682342602,4.86993598256236,4.1610793612541,35.4975381502314,4.40921777023699,5.69157223965075,4.61067859302967,7.38343550909241,13.5894288164711,18.8593716374352,21.9470934829214,23.3898295780842,21.1738770569349,39.4482439301376,7.76324478086658,11.4729692428508,14.2783179831447,11.6188729280922,19.3333463990103,5.48826034464562,28.6171185811717,9.62166974660709,8.30116942668615,35.7094689570573,11.4350287659079,0
"GSM1933012",15.0261801745907,18.2193395830502,34.4953853085251,21.151833218903,28.3393796938336,11.7084896781222,13.8386494150821,15.3028181386602,41.7455480624317,3.9759961367993,28.3388126504823,3.62966477673525,9.08936271208921,4.01035940476587,38.9305385627697,4.6247573128692,6.17278536661931,5.44939284097653,7.23907216902881,12.1632829796887,18.2312411903632,19.316861528917,23.1900085110451,21.6869615829479,41.5865340147078,6.54561456871226,13.3328431882338,21.0581817836465,16.3872884051359,17.5986280329897,6.77122993705526,32.2632485184528,11.1139668532225,7.94801062565888,32.989677718458,11.1540139241931,1
"GSM1933013",15.6548173362989,18.8499349526497,33.5665776530708,23.9009507944786,26.4359936856383,11.5903466899478,15.1809848228653,15.9065082696856,44.0116479147081,4.39218146825168,28.6370243697788,3.24289868626808,4.63208424084116,4.1337355323435,40.0407888310209,4.45466560104411,5.95756519635857,5.06894426156508,7.82781981350802,11.9997892611259,18.5742218814088,19.8216067448821,23.9942702664115,20.529569835006,39.7302195507137,6.92523740101301,12.7963587759616,24.484925666645,13.9089877645882,18.8725657266264,5.65778929724884,31.6113586995686,11.0330509967191,7.51351906304034,34.1306665090173,11.7476756371827,1
"GSM1933014",15.5538148547861,20.3677872229554,33.6800662298024,26.0581969116243,27.0349923296972,11.6263758976896,16.4319967886027,16.2033728026352,44.2998127772646,4.73236695289871,29.9125557865744,3.90123528954687,4.78186925896263,3.06423802306421,48.219820675856,4.16262234413244,6.30743894744547,4.56417110833854,7.84848170524873,12.0492125721547,19.6029937639445,21.8235898901583,25.1337948218272,21.4847050298196,35.9834821508933,7.02201699499721,12.0829252931139,27.2668396304698,12.6484273746889,20.0506297581114,5.47484330825349,27.0397746616365,9.04980544489682,7.43860113689193,33.401067188465,11.3091888407485,1
"GSM1933015",15.7508570497598,19.7784300671891,37.1825736001203,23.5043704431425,24.9313672766321,11.8827375304751,14.6829042452726,17.4876670179136,42.9528507885814,4.19916365170567,29.606215762956,2.08363879557974,4.71727973571628,4.13142813096162,52.8474291793256,5.01084027528352,6.82116108906984,5.2472681140991,8.19435331616927,11.7857164421053,20.4271104410689,20.3094062609466,23.6707415403538,20.8393073442257,46.2319486615838,7.33054509743579,12.7803381133691,22.0483310821342,14.731697260093,19.7134728166042,6.23254362335765,33.0919290080853,11.1385402077941,9.32815196912645,34.0255843068973,12.3438100412501,1
"GSM1933016",15.5118833723418,19.5811462977085,35.5888964975769,21.6852852729435,23.3842652747328,12.188012155092,15.7695959105771,15.0691263824618,42.295443729306,3.92341307820465,30.6981755510731,2.22782335543482,4.75603318340161,3.85412120289016,39.2337175168021,4.70253404967125,6.356389383207,5.52395258189011,7.78954197626162,12.2267460811697,18.3351324605829,19.7519911074022,22.2863325217689,21.099946894282,42.7684191530295,6.67908899393848,13.5684952200991,24.4065015134861,15.8212931853193,18.4386517870006,6.23239839080969,30.344481477499,10.8690838696976,7.76430705953835,33.5652928002641,12.0567164884449,0
"GSM1933017",15.080777745895,19.1327320095469,32.705785373843,24.8358696626439,26.6045580888737,11.8824775209414,15.2870341644277,17.7302006358292,42.8701723661121,4.2217461898693,29.3880520687833,3.10661402008394,5.09102585168872,3.98254209172046,37.5356724540578,4.40213935198987,6.16741062162705,5.5378905793791,7.40455925723728,12.1956664252876,18.3068173236192,19.9156622584722,24.4895789554923,21.6404512777406,38.8088430042434,6.62582606277106,12.4776950733623,24.9084767248555,14.2989497774244,18.5558409441224,6.28070265464641,32.9253050072061,10.5674436533322,7.51173784107442,33.9342677452847,11.7522919153216,1
"GSM1933020",14.5270904278641,18.4495267292182,31.79998171672,21.9224893825316,23.8697361364953,11.9796992264679,13.575233666778,15.767665620128,42.7518052206429,4.05790262161265,30.3735691898471,2.37226758691054,5.95136681162903,3.67032626067215,38.7624560681032,4.32142634549259,5.95742253831287,4.89179317216187,7.34243466239156,12.0477251169939,18.5753396943555,20.5683212659133,23.742670654244,21.7489076315082,41.5887632351458,6.70891334674195,13.1342951496085,22.4700151741126,13.8817702864842,18.1548291316961,5.6551498944443,28.8632708356757,9.93957865080826,7.83928709402889,31.5351077422263,11.4083149252532,1
"GSM1933021",14.7082993394171,17.444768522046,32.8692333594294,19.4409681635197,27.6385110175719,11.5311664669093,12.6164325224231,14.5489641094413,41.21521658096,3.95058511258229,30.0077734512721,2.14031785175963,5.48690241904474,4.14501154733606,40.6577043338764,4.43210301200373,6.12796098606068,5.55108372814483,7.31342377879381,12.3326726291504,17.6808764721465,18.9333082197334,21.8160544565739,21.3919855652575,40.5950239048877,6.57657907026118,15.318926592359,17.2164152174961,15.3132552021303,17.2731590212603,6.40312718044648,34.1023418989238,11.7093989859929,7.46338344380501,32.9198935472863,11.6649882630035,1
"GSM1933023",15.6445551347195,17.9880275779001,33.6597894754818,23.4089408438583,26.6851977304943,11.8810174659108,14.7653268280917,15.9228611078722,44.8650719165393,4.28337372655807,29.5858552199061,2.17858718044246,4.67195359771656,4.36642612521105,37.4530590250599,4.31793360908089,6.4917572700229,5.48268360883269,7.70151287539199,11.9385783994203,19.5020410377673,20.6167543461476,25.7521832187107,20.89151699605,44.5380496548437,7.09104478000705,14.1417606154096,15.4785014345933,13.8381706568798,18.9962861174503,6.02334995812554,31.7341200881291,12.8402391656414,7.70743282697952,33.119486195655,11.3863720948611,1
"GSM1933024",15.5688344534335,17.8304372700364,33.4961442559707,23.1054135887381,23.7714902319073,12.0241901028682,12.6313743370943,14.7501218692859,45.1111405146361,4.19260821072695,30.7198544346779,3.13792253399797,4.63835430376952,3.65785615608165,38.4670018523982,4.65448860036152,6.10041643493866,4.97676738327755,7.65448219202003,12.4080055190831,18.2627372500695,20.0466843110807,23.4204011832012,21.171645593992,40.4602266362206,7.05945978807037,12.6825538300428,22.7968341908408,12.7577855178182,20.3750363834272,6.08924016016091,30.4395348907613,10.4850003663364,8.19519442057635,33.7892786501034,11.8673954902124,1
"GSM1933026",16.4790123987419,19.2442256365593,33.8425661958385,21.8538007377312,24.0063884403277,11.8337830940546,14.7944054327723,15.2126365031794,44.2198484196229,4.09805693685211,31.3891011925757,4.023726396293,4.8247057757591,4.00385115042785,34.3634522288042,4.34161874968317,6.36055927258493,5.09367800634937,8.18384076695063,11.9406588742368,18.3806453151835,23.4292789393343,25.5404658490504,21.2080764160654,39.4825732096794,7.289563509626,12.3098337107219,25.994708529304,14.3276205287466,19.2390579634544,6.19339955498279,32.1345796585047,10.9482266785998,7.456924971992,34.1360534966617,11.7587091289698,1
"GSM1933027",15.651278017271,18.1675895223381,34.4234026567181,19.4722721035551,25.0289040975928,11.6632067641345,13.9695767810836,15.1316542168911,41.1537966787996,4.17949948204521,28.8806667517608,3.38029736761891,5.08175456086564,3.9954931603329,35.4366047349075,4.38774616382362,6.33461844004756,5.29937652027496,7.92327378394676,11.7563412783333,19.3004074458671,20.4702180379325,23.8405412648806,21.4754779555249,41.3504144072224,6.86878181810429,13.7100398900533,22.6387101061371,14.9583045769836,17.247416318788,6.47240057510994,33.2482224577997,10.3746917957221,7.77491242497701,33.6723082965845,11.2236823911772,1
"GSM1933028",15.3031367526464,18.9932469803453,32.5755364428536,22.0967462457847,24.1639799716211,11.5110819295245,12.9116177716503,14.3464746386851,41.034003450482,4.0026670002076,32.8470444803897,3.07909955897248,5.86458401850613,3.99379578011663,34.0012717363559,4.60035628717814,5.71270235299151,5.14443245745667,9.15728780752015,11.620426020402,18.9682728405666,19.8562921095623,23.8337105894306,20.0811114323793,41.7487351980497,6.87118131675239,14.2528482516645,21.8676079055207,17.4797047496166,19.5866461574258,5.93037480273009,31.0194740987183,10.9484908058648,9.38509676730872,35.8018655955503,11.8701476672309,0
"GSM1933029",16.49306553885,19.6671580612405,33.2092923715525,18.9525689466673,25.1202124038439,12.0196163638829,13.7307549342185,16.5890838159151,44.1766021043624,4.57449398586461,29.902993722676,2.84064427276154,4.78762535485516,4.25504138936727,46.9774287168173,5.16819702896297,6.32480806638381,4.75305594279271,8.22598226156559,12.3120829057978,19.4753712445176,22.9025982041932,24.8411108663604,21.2590536392279,42.5409910131959,6.84365034041561,12.9404251030642,23.1955666613017,13.0984598422373,19.0038636290432,5.38555470774099,28.6550081449335,9.85828963143883,9.22671483070694,33.5784620389289,11.4876243021495,1
"GSM1933030",15.1739382218903,17.2650837788888,33.0751828015601,20.6197620373191,22.9742698172762,11.7997182627684,14.9782434594648,15.5324275021517,43.1396629813769,4.30072850273669,30.0439447773984,2.98307347511027,4.6264313265178,3.97353671324002,34.5404211239079,4.23410339685848,5.9713934128206,5.17954683824977,7.32577536721187,12.3671906328697,17.9271793730571,20.6745394068466,24.636078423195,21.1131719879939,38.8990763699669,7.14570626222777,12.5163709717959,27.1383030142626,17.4465458700142,16.6684386160858,6.59395326331221,32.7013461941423,10.8612906815897,8.36815014281933,31.6342376561347,11.4651382767267,1
"GSM1933031",15.7557240330886,19.10207952985,34.7562441173796,24.3747063733431,22.843749727329,11.9113000863102,16.4808997519182,16.3099928539723,42.5445747491286,4.24896841217988,28.5587061432068,3.47062132858087,4.61493422566333,4.16646669215181,37.846779070489,4.58295860955434,6.31432831772759,5.40312360495438,7.61887123218768,12.2238486283203,18.8254246127169,20.1533127836611,23.9305649713327,20.8075867260249,43.9066184817716,7.03551004805726,14.3400536347235,24.8840972972234,14.3252456103372,18.3034096732159,6.12226125874567,30.3558547501726,11.7069579991416,7.41518459131193,32.53874688453,11.5386269918183,1
"GSM1933032",16.1517285738652,19.5273028816449,32.9873246777519,20.2776851668487,24.758546441267,11.7993075220695,13.1752321450722,14.7735273940293,42.5744120642734,4.41843482475635,35.60990043254,2.08647133388227,4.71819401879769,3.67790822375449,33.6529531287186,4.52590268050197,5.99903835621661,5.32146563420225,8.29994169668985,11.6188451679837,20.1926389055577,21.5795484299138,26.1248942456409,20.9832364481794,39.3934883266566,7.27112419044652,15.2786589992363,25.0318678176311,14.4069457236081,19.7208732745683,5.61902285615137,30.2781835931829,9.81676017349318,7.93699429787823,35.5152739301094,12.7880641863616,1
"GSM1933033",15.217774875518,18.8577107928109,33.6467388349761,26.0686775087839,23.2365229241952,12.0280980434337,14.9530457784104,16.280623689371,42.2796221425926,4.09008532734539,28.4913819634146,3.82724647515746,4.67708122031494,3.31437511791223,35.6725436206253,4.5685616733634,6.05444315426932,4.88342729209362,7.70567082674867,12.2182116986107,18.9189172153331,20.5742689115965,24.4723829150771,21.3734381131673,36.9939096116144,6.89553016933361,10.8358573577064,27.0974199980061,13.4728751478896,17.9367599556548,5.91705784196139,27.2816070871352,9.67447643207259,7.25989243757805,30.662558856845,11.5351172151898,1
"GSM1933034",16.0785572400478,18.0956557116723,33.4220353251649,19.8221775917758,25.295205872445,11.9299683002125,13.6245816462105,15.2414019029651,43.8416911390335,4.51567098128776,29.0081643615307,3.15773179467817,5.24985591216125,4.12375106397558,37.8416879511237,4.96120857294383,6.34027585713602,5.33111906052235,7.60968786250058,12.2943956895792,18.682148988605,20.0955175987521,23.3127583181355,21.972929718847,41.7642804864855,6.76193733369757,13.4101066564619,22.2416876583036,14.2370685682958,18.0811984743479,6.55844303398899,32.9435716039997,11.0648814286877,9.10024213320647,32.9371004554525,11.3471815663999,1
"GSM1933036",15.7587023082664,19.6411340759234,33.4895695784592,23.3676969657071,24.7099960579049,11.7564174323536,15.1663427695929,15.4138217215775,42.4391722884995,4.04605758000566,32.0401984442509,2.8127389068151,5.19479715281652,3.70421778900044,40.8167335838435,4.61849066740344,6.23634741347061,5.0733657929863,7.96447970510737,11.929581358104,19.3357096200502,21.1789993515108,25.5321077087374,21.7819490962736,39.2554773398306,6.87292040765906,12.0632429185612,25.1718610674901,13.8060745846116,17.3946385709566,5.82539515459222,28.1305488670945,10.8561445123297,7.64807214509763,32.7812203245773,11.6498853764145,1
"GSM1933037",15.7068688227234,18.3111301132184,35.1095601991353,18.7102490401568,25.1747642622223,11.8679309360993,12.6355441033518,15.5394746679853,42.7885327716645,4.08985615515335,33.304438154862,2.16494837399817,4.5263359096562,4.15067889321707,41.3887114187976,4.9471902461666,6.20833512978732,5.32453686234932,7.6515300248441,12.2651914308004,18.1700380330111,19.0746589496862,22.4170207528185,22.3373117851754,41.886069549908,6.63540872738834,13.5440646936596,18.6686078170166,13.5385285442414,18.1956175620139,6.51966236917577,33.6655211241093,11.2494489669638,8.36557996014163,33.7553286455844,11.85549459027,0
"GSM1933038",14.8520665469262,18.1165056881368,34.1958563162679,19.3647156951464,31.7328558457923,11.5710730250272,13.6984541996338,15.4832505184712,41.0954374468161,4.00653345279569,31.9784099344671,2.1359170650607,9.43238775025156,3.98417977925014,38.3502081713333,4.59712089952482,6.10120437282725,5.49559896694173,7.80764597046972,12.5631565364029,18.4384588840414,18.5824624462093,23.4295067746064,23.3245764478994,41.1300836746321,6.60835470588552,15.2176794322405,15.9903245818595,18.2401858414936,18.0260034052081,6.96704771523761,33.8327515847022,11.867998471889,8.05015345029399,33.5956284248862,11.0242211891911,0
"GSM1933039",13.984722634763,15.0683383535093,33.8273212937633,18.6078815315513,26.7692750498318,11.5668412044825,11.6807301061733,14.0679292681703,41.9972673530993,3.68983671321428,28.8232239835457,2.15261956600277,6.92982619901512,3.5614062258745,33.6422029591838,4.24046820294477,5.73867197629236,4.70999833389622,6.25274388475414,12.2616275921133,16.5871261298656,17.7055262587552,21.4109206191854,22.4100073494607,37.0540543690235,6.04111728352112,13.5367385314977,15.4034423727678,12.8178183322417,15.4390232171351,6.06515007880134,29.8428343567206,10.262875803029,7.55083006278676,32.4438118337223,11.6490253900858,1
"GSM1933040",14.8151504392816,17.2767511866909,33.7838978931225,20.1017032858581,23.4269881180944,11.981572964353,12.2625834311589,14.7176379338372,46.0492868926915,4.66547678346037,31.8545005814094,2.23934008984672,4.63745322111186,3.60472515884334,33.0579110517274,4.31135022662688,6.18606561190569,4.8416282110358,6.58670253624402,12.5350003785173,16.7390349738704,18.9739932122091,21.9292826424367,20.773592319455,35.995274556505,6.57141896613661,11.7353461358077,21.8508013997431,11.8147836024088,17.6516228836469,4.99243728824444,26.1612764490165,10.2441172719271,7.91495640286285,30.4815440180452,11.5481223663116,0
"GSM1933041",15.3729102439464,18.6131755583502,33.660273304613,22.0377347290128,24.6812685940091,11.9611520224768,13.225307829417,15.0368361241377,43.2759721410711,4.59847327218188,31.0129798841735,2.99799966519755,4.5707516913929,4.1022564985797,39.3621855477363,4.61267458243131,6.04628934043213,5.36832366439368,7.63745070079593,12.7026822537586,18.7525091730399,20.1108942824831,23.6898112618422,21.4846013401085,40.717794020101,6.76722398582209,13.1165529564261,23.388272854804,14.0272449077362,17.6294042290054,6.29426878673393,31.6786102996717,11.6616526256901,7.61725068286803,33.1699061804146,11.8945323963127,1
"GSM1933042",14.5456447040808,19.4700876142816,32.5456831036924,23.2520162269333,26.7815867324274,11.8265879682732,14.9106496180459,15.2533755217673,44.079511822577,4.33418928332997,31.5456948111084,2.23503429643117,4.65772295021574,3.81386745891383,44.672959728631,4.43759717402261,6.22468258063722,5.09376690327269,7.84441437901264,11.807002245344,19.3574680311927,20.6146083087817,24.662408675034,21.0669856805325,41.8049179660531,6.87636423863165,13.2505167051307,22.4870114676942,14.3044125417049,18.3762732571349,5.98938927615846,30.6815940476486,11.1312301272913,7.82666686190209,32.6601966972541,11.3678174894743,1
"GSM1933043",15.7433867450448,16.5031464058108,34.9069330424872,21.063868497009,26.4300995127749,11.7392517716082,12.0741496799816,15.0912469304538,41.516038621421,3.89957569364183,30.1557699942656,2.91096077148085,5.04912474855411,3.98392117485668,39.1254183246239,4.56022429596208,5.96089693191635,5.36982454140627,7.36263286625748,12.6275685731307,17.2711726798155,20.9321308851744,21.3764829755676,21.0619571937058,41.7644834890825,6.64430664581801,12.5198895134856,16.9637851969024,12.3284322266484,17.0796592175091,6.16218876612102,31.5723712328452,11.1160461105612,7.96798259015545,32.3877868611119,12.0881583754633,1
"GSM1933044",16.8262470292862,19.5718255099331,34.6634423562917,20.2803738935945,26.0472738736997,12.1302882859431,15.5121361872084,16.0989643853047,43.085311904387,4.23665627918785,30.6945502663838,2.2094721363731,4.79137671208468,4.37340945563912,44.6057210645264,5.93637352300906,6.65594423119241,5.1612969258323,8.1560462273744,13.3807801021378,19.2230166024551,20.2583339514819,25.1699392983916,21.1895227393407,48.0549498947064,7.29014603461315,12.8749017340947,17.8938010589107,14.8471487550852,21.2104037988148,5.86858476550148,32.8059863566262,11.8864880886308,10.2435258451459,34.5465394078002,11.8934566961518,0
"GSM1933045",15.192912867093,18.5284842259289,32.9743367341921,21.5426176968844,29.299945677047,11.6188837983962,13.8875648181409,15.4838999703155,41.0915615753478,3.97643258613723,30.4445264215054,3.06894490724419,5.10219856005653,4.26099029376902,42.6468777783697,4.99790182135266,6.04825730268851,5.3139476626148,7.63291731863056,11.8454765271019,18.4933786295301,19.4911168195754,21.4251582263303,21.4868715216724,41.1619244717035,6.93407471014472,13.7024819318257,21.7290260320922,14.0773698861704,17.938208342242,6.36958777550791,33.0218146784851,12.0430110608007,7.71412228811429,33.7927327522399,11.1925771581605,1
"GSM1933046",17.1326940206722,20.015966161342,32.3443593575415,27.4319701054643,22.4769144670036,11.7993750097757,16.551725409265,17.27582893158,42.622523384301,4.39683999153366,30.2004285146211,4.15919898164583,4.69228502237545,3.34956468880768,41.8219379050848,4.57769086436971,6.70797786401402,4.65809157710064,8.23659377219429,12.1181198417321,20.1834988788178,23.1477385535468,28.9065098156625,20.4558340675994,42.2448777950767,7.71249127797084,11.7698945927856,28.1620395574806,14.6941685680364,20.0562210353155,5.12182357186715,26.5350903462857,9.33826372332927,7.79139992953551,33.7435342387412,11.3184300571285,1
"GSM1933047",15.2861574049632,19.474387901536,34.8741306127821,23.0130558851386,23.7015880196658,12.2062968714411,14.7776356034778,17.0264008518232,44.156134968196,4.14761582470405,30.0380762395431,2.17142771299292,5.21075616010732,3.73936079390503,43.5809816540257,4.81160525216461,6.17851629224961,4.90306414225981,7.09429356507045,12.3371260654735,18.9046419534227,21.3773226140931,25.2216832640877,22.1296359028971,41.5854338098905,6.74745150095503,11.4625601082881,21.6538114396693,11.9547922763001,18.5707180714119,5.63208479171077,30.8702343901812,11.25480077829,8.99472485140124,31.0626142794385,11.9184700371248,0
"GSM1933048",15.1389882021843,16.5679932104761,33.105758002308,18.1681410178575,28.3301675038867,11.6307207279122,12.9608824598513,13.9532596310811,41.4390742954404,3.92852148461791,28.9931458564589,2.10459276830749,8.11645336006717,4.14694086572813,32.2913741315123,4.2699798370159,6.03755731689836,5.46408237436035,7.55233753119977,12.3883650437175,18.743214094983,18.8629437590103,23.2296077343585,22.0480818439426,40.7134403222253,6.48435931102471,14.1423219344868,14.9703219254031,15.1831051597202,16.863422622538,6.84728313056779,34.6210737897063,11.7396301472524,7.46955288603466,32.9032045724266,11.348752243414,1
"GSM1933049",15.0757007428559,16.5007935079533,34.4116568258235,19.9033347321417,26.7527678059863,12.0949659971387,12.0165035193067,14.2307357369837,42.2725135628284,3.91266115435486,28.9056283920098,2.45366438684291,4.53865337766728,4.02337680173337,34.7414527742251,4.43664160239849,6.1585678585866,5.06392794398859,6.89243049420742,12.256248692167,17.8731835105224,19.5864480107276,21.9030890327953,20.6535392122907,39.5728489793746,6.19259980430269,13.7295958285465,18.0587512527266,12.6951698812786,16.4660259016269,5.56635755149434,28.5718149716408,10.9205291643531,7.7094447676391,31.9549957232527,11.2028126211744,1
"GSM1933051",14.820356787236,15.5176073936226,32.8340193829203,19.1714590616855,24.4006802120221,11.4611648488673,12.5138570163574,14.0190851062143,43.8875012154319,5.11190242783289,28.7606697675814,3.15909343468326,4.71120192949818,4.10888051471037,36.7149791469671,5.6181523460259,5.95426567215122,5.3875154494492,6.77454244656951,12.1325940622373,17.231940421963,18.4408038933887,21.8263464153261,20.2426422184798,42.4019569081972,6.09235958706922,11.2017521168823,14.5890905574494,13.0600237343433,16.4233923440303,5.13560182051858,28.3953618490136,11.765341205298,8.50179455991299,31.7424585736622,11.8246683518875,1
"GSM1933052",14.7804743937674,17.8771691200132,32.2504152970014,24.9078249456976,23.6153932283898,11.8966641083372,14.3159035623644,15.2409886814203,42.345972042323,3.91940127964323,29.3917665638816,4.61847306008365,4.69382651025599,3.89289992008773,39.2245284566482,4.38043336481344,5.96715687579982,5.39244744939115,7.03914025894972,12.1512918875836,18.3459226935343,20.3490530743848,24.0063055089099,21.0806259722303,37.8110073823243,6.74827141256789,12.1018742326633,26.2158878722191,16.6596770188461,16.5072393358648,5.69758066759153,31.8727782862593,10.7033416844976,7.45175635844996,32.6317984355678,11.6033104334334,1
"GSM1933053",14.3694251647196,18.1392892588224,31.9294303586021,22.9680565279407,23.6484046295741,11.7192179840398,14.1448989707954,15.1736695929886,43.4297104324262,4.22777515366635,30.1003165176838,4.07425145255577,5.85431053145009,3.45836275660373,42.348088823555,4.35142688253331,5.81297364168937,4.60870388095215,6.9898544746972,11.9634822558162,17.288720967418,19.8004982776672,23.5479184474269,20.8427727464667,36.0995947808039,6.52872642173424,11.0764351737956,23.7256145671047,14.5353401114446,18.6934177792527,5.43461311302187,29.6033029887533,9.65289198791703,7.90405365324196,32.3335764799656,11.2044869879704,1
"GSM1933054",15.5578255322109,18.7193517234587,33.6808315842585,20.4125260451725,28.5518895839091,11.7468048913395,13.6912170627772,15.5836816253609,41.9964346882828,4.28806191132622,29.5833594622075,2.19545455932507,5.50400902953322,4.27059280544693,43.6552843920847,4.80225812637894,6.33004616722097,5.83146571818932,7.86493031843992,11.451075519428,18.7893158205761,19.579803359566,25.3923435235615,21.3657152990173,42.4008736570296,6.88010681513024,14.9414696170527,20.0176521825316,15.7251123822319,18.3441047118864,6.9987762050736,32.5290835439837,11.9238608599364,8.1217901985987,34.2394607995552,11.2477331526926,1
"GSM1933055",14.2875541629516,17.6530599150836,34.0129543555382,20.3791643080972,24.0344677649774,11.58063249045,13.2520278908807,14.193515980812,42.4702142882618,4.14742036758276,29.3774244969218,2.16683086796547,4.64375610921555,4.00588313839228,42.3593794083607,4.56550034414486,6.11098293921371,5.08176514465822,6.67988583858526,12.3500915842935,16.9482373339194,18.3140496773615,21.0707914793456,21.1386190729583,39.5804525969181,6.27462398191008,12.9909131522256,20.0363980731,12.8457804221806,17.1317861572158,6.01776375119548,30.7406125136376,11.2585054957603,7.70184173577895,30.8812815309833,11.5247085408167,1
"GSM1933056",15.5416601487277,18.8778827296477,31.2298277899165,21.7097541427357,24.9737590165416,11.9693667824007,14.3080062515448,18.597274884637,46.2706544494325,4.91576954822528,31.3969691183906,2.14563778826109,4.72596046859447,4.27179787005476,40.5687904497726,5.17327622571583,6.25745470484835,5.24237196370387,7.9045220815878,11.8739013871887,18.6790810419381,20.0971961072321,23.5660197431981,20.824170774169,41.9294287955226,6.96824152829935,12.5240290049707,21.1372048955194,14.6447369875985,19.120945710578,5.72170810424466,32.6115444935388,12.3862544981915,8.35275498109039,34.0271229518211,11.244758011591,1
"GSM1933057",15.057969736921,17.8786307751484,32.5748693016886,19.8890026399215,27.3718163930784,12.0609173095666,12.8285314960381,16.0556643530881,43.2143779817803,4.1681360499161,28.4686313785405,2.30938714715456,4.70537315153326,3.80299582539823,41.9987665523282,4.67809491594927,6.47458002213052,5.38944093650296,7.38143660853763,11.9277223224467,18.3333268970698,20.0766736864983,23.5463437796718,21.3814723834667,41.2913596293906,6.63946127726918,13.2458483694802,23.5025083491754,15.5259718620372,18.3744063199874,6.12227013751384,30.8975233733648,10.1927116484494,8.76447270605585,32.5405444084413,11.495657721123,1
"GSM1933058",16.776429639828,18.502846277344,34.3370569309326,20.5086586412298,26.1889198060033,12.3132666640893,15.1545799980968,15.3382443138965,44.5145567155493,4.26582779671159,29.3526314328713,2.93129282018858,4.63241661710185,4.02080964113293,34.1411350029468,4.91528896703089,6.12003058407832,4.84770622044787,7.73547358875368,12.3490286571516,18.4810259640339,21.1397730152661,24.6686784414913,21.8547653717171,41.7257302607725,6.64358774290948,11.8469459594046,24.5710263039663,16.1946931016768,17.3901798800855,5.77300336267703,31.423417385999,11.4714121112283,7.54894798836117,33.9881594167543,11.5100840248699,0
"GSM1933059",15.6204690680671,18.7475387464,32.5313147564635,20.4686186011789,25.7913998232499,11.7488811271714,13.2270112378049,15.2068840448537,44.1949850772959,4.3140502765838,30.7125142112982,2.90047217789798,5.37546182740958,3.90466228888153,41.9171832772843,4.32359352947316,6.59215506949119,5.30791283992815,7.71660782274609,12.3265660290429,17.8262790991313,20.0875083140604,23.0944272545757,21.3077098229411,39.3260443431114,6.46268383582179,13.3512636261933,24.1953943301552,14.9224651647977,17.1815339281401,6.23699043176637,32.5604105250826,10.5180940027126,7.63863298090982,30.6164227080339,11.4478565737814,1
"GSM1933060",15.8906689213446,17.6206029158895,34.32087632069,19.0964483688844,26.9028691440525,11.6201918050881,13.7672121637841,15.2076698938182,41.5420776362184,3.88962610296095,30.6763417946154,2.34581584824599,4.63832773360671,4.18318828503923,42.1366861820526,4.9638072077617,6.16968058560114,5.22067993731088,7.76014865643831,12.3208127767059,18.4542555927445,19.9102067103881,24.8191450849496,22.0195436177893,47.528758463043,6.41416295569673,13.0165721449897,13.7004369512031,14.1766470670121,17.5169396162172,6.60876028514979,30.6740189067809,10.8279541368549,8.72065559085563,33.9675158827759,11.8898394886248,0
"GSM1933061",14.7318910090567,18.0187630587877,33.4936443666913,20.2718002791141,27.0513732558648,11.7783284386107,13.7389233358279,15.9391566908508,42.0010802120371,4.08826155960949,31.9573583874544,2.06989028143008,4.82491490196944,3.49081663718166,48.2163185442239,4.90849607297494,6.30387894418941,5.22935698927199,6.93220578206228,11.6683952207106,18.0101705242089,18.6809805147366,21.8797889365284,21.3334714285273,39.5389082757155,6.30150003708047,12.6423364174753,21.596751602538,13.707787024652,18.1374674867395,5.83876681609795,27.2021410201776,10.4939793108465,8.40428628223856,30.8641320981462,11.4973979937403,1
"GSM1933062",15.4584081392618,19.0255051567287,31.8204439010956,20.8143551115193,23.6072732287169,11.9628411593989,13.6188208388164,14.6685079671378,44.3871083620201,4.76996000205054,28.8666825696797,3.95633533803849,4.54561590899756,3.80509473377339,37.5234670788141,4.64457865631616,6.1250732125667,4.67777701829875,8.22272536245718,11.6660811911241,19.0655382536196,21.7861916399505,25.8413889454969,20.702816652808,37.5643689544153,7.09352761534009,13.1709495351289,26.3572227126709,12.5851027653607,17.3723076381657,5.51149080134134,29.5995368358912,9.21334572977534,7.19687773244397,33.6849625577989,11.2608773465308,1
"GSM1933063",15.8652702154601,20.0093512160264,33.6704883349721,22.9100872496641,23.2225179618826,11.8903528093861,14.5005641328973,16.9135462264249,42.6557799190731,4.57086141531957,29.4577368540207,4.08874233757255,4.71488194983174,3.58590033332106,42.0002466009182,4.56237956216337,6.4570054900911,4.67611319621928,7.86897159212749,12.0790928015646,19.280484443517,21.0008660805394,24.1043484588731,21.542500659475,40.0273874220513,6.90381812836639,13.0268542808652,24.9817599198188,13.4014702790364,19.0977055073103,5.56719028170758,29.2115638163742,9.97119670759974,7.96215214019214,33.3082412078064,11.5992398051007,1
"GSM1933064",16.2712783599139,18.379085811357,34.8151956671654,18.2275666456194,28.7484089038737,12.0042657880442,13.7205252923126,14.4548945503642,42.7241690409464,4.19966394881247,32.5160190246179,2.10727387440445,5.82973763529862,4.21145211069056,40.2355944931587,5.88604603383487,6.42158098423712,5.2311903924433,7.61961208718389,12.0972848786424,18.8963232333947,20.354921764868,23.8932043761437,23.0352217975217,43.4610940096578,6.81272089863931,13.4948065150401,14.7357867850012,14.2533753892284,19.3600849113339,7.10341204711236,33.2504374028216,11.3387751935006,7.59849390721803,35.6678234781618,11.3213563460922,0
"GSM1933065",15.7413504476224,17.2786705888702,32.6424180838495,24.3649816957089,22.4773721658395,11.9868143255602,12.899249226118,14.3966747875793,42.6819006801652,4.08532815164073,31.8196897061864,2.25177402840624,4.63980525734074,3.31471811114591,29.6346518571351,4.28331218982337,5.80855972383295,4.77542057609083,7.13165738389931,12.1174254123,16.9270387124317,21.1826751767083,24.9467244709788,20.5936504950071,35.598866154027,7.31433032437698,12.0765562852385,24.0296204740512,11.919243807391,18.4760683430516,5.1611690929971,26.6164264742077,9.39444969057997,7.51709671011965,32.4154963960373,11.9757991297829,1
"GSM1933066",15.9070291875807,19.9076475511357,33.1474853814418,19.4032358079997,21.7606112522801,12.1388403328333,13.5627474820368,15.7415375303708,46.7308476829082,5.83359634249677,35.1047952710937,2.10161384434805,4.55362852519027,3.01209520062697,48.0734025142221,4.66368527134964,6.6363965929359,4.71493538368539,7.75603338102655,11.93140340424,19.1000000535509,21.9009279478156,27.1825240852134,21.2300647538513,37.1417310651486,7.00166268548639,11.6131249630523,23.9291882323606,11.549733533224,20.6266352492486,4.96767366100015,25.3331125995245,10.9148754677848,7.59083289280279,33.3116272831624,12.6899375544438,1
"GSM1933067",14.760929147136,18.0980164334873,31.8520361648234,20.1439219905403,25.820634885747,11.4024928931601,13.7020293860949,13.7353500008685,40.4447009435832,4.04963679135444,29.4220879462524,2.21353599314645,4.68139475956096,4.08164855521135,41.634480618366,4.29002884569403,5.97265665851485,5.66522811050414,7.66912961166688,12.1173488508931,17.4990840349347,18.3894917956909,21.7603556741467,19.5944660415472,40.2886496199407,6.77764330743949,14.4099121237304,19.0260144082558,15.3602727269826,18.0632506456089,6.71076790603671,29.9267202245927,11.3386908961512,7.57160821121244,32.506467645505,11.0535531294968,1
"GSM1933068",14.3146698013019,17.9311149387231,32.1312127855242,19.7260310690052,22.7530432154837,11.4215194884963,13.4849804012314,14.8760526766099,40.9639584472003,3.89100238896899,29.1756129507027,2.37594346784989,5.47020164382069,4.24528437649008,37.8349167862628,5.64534192758315,6.08910147421271,5.36686426417987,7.23128860715349,12.3516328884595,17.0305349186555,18.9098125030871,22.5599039636646,20.5248137699694,41.1050396621185,6.67697803175175,11.9225594300985,22.0094594261802,12.5439908693592,17.9299026729256,5.76613752364348,33.5169960316543,11.8838943662923,8.35045623126996,32.7058732347638,11.9019807395115,0
"GSM1933069",14.1184952407207,16.0195293450176,32.7349743001927,19.5203387711825,26.1283421288192,11.8049604287367,11.9690859770739,14.6362005237229,41.7683225889187,3.88165771719587,30.2026608804307,2.23351551658355,4.5860206887799,3.53738393993603,34.8401922003868,4.34475107481965,5.76470231624497,5.40467588484084,6.4796127735499,12.4429810686319,16.4605979889543,18.5888033625062,20.7542325320149,21.0722386110983,36.2114524771271,6.16666858119212,12.2636582763989,23.0077261802067,13.235311618328,15.9884004757075,5.90638783191202,27.8661147916482,10.1444976393797,8.54067154916215,29.8044669482831,11.5891586343095,1
"GSM1933070",15.4414950447829,18.7174272920322,33.1330845020324,23.024159127947,24.4970272891759,11.9542240424905,13.5347956387363,17.690802372962,43.2059702732614,4.13538895467636,28.326699814471,4.72281480095421,5.61977784568535,4.03922800800902,37.5868554774744,4.79340219696973,6.13433120577055,4.95339300953651,7.36805305128528,12.1934106209721,18.4929431781688,20.7144136863397,23.2713776943142,20.4891362005501,39.6137808234545,6.51066591295926,11.7709088812226,26.8637385504805,13.8362798074051,17.520064647716,5.70046925996186,30.9823980089682,10.8177665685978,8.19269612373479,31.6212202219141,11.3199165199504,1
"GSM1933071",14.9244370324256,18.7705109266944,32.4336893582738,19.9446074927071,23.4826571875303,11.5269037996944,14.2202828435236,15.2046188873397,42.2579999235524,4.2683158581837,29.6178145231394,3.71943601458694,4.88282478418852,4.02847108256559,42.9690592533235,4.66665306441092,5.84277089174144,5.17700968233309,7.64443672825596,12.0782565069421,17.9955093703415,18.6874890553025,21.1589817141776,20.5489873988969,39.2137797111981,6.70855403891717,12.3726435310069,22.6460396471746,14.1846974431061,17.7250873259078,6.13897443728632,32.5590191408791,11.6738183510535,7.64926570469287,32.5116190277287,11.1434568577811,1
"GSM1933072",14.7419707188443,15.7205200652819,33.0980783869597,22.9253641267283,23.0349518059691,11.9519589999507,11.753899611336,14.0703707895441,45.1582535372764,4.48868140690191,28.461278427554,2.08653317226372,4.53151869299573,4.15116998620061,34.016159835546,4.56368277603041,6.24650205173697,5.18605369574172,7.08853960853428,12.2530301968611,18.249763404468,19.3584671480952,24.187829637993,20.6310644474088,39.1038486903973,6.55175904504277,13.2331015023168,13.5759528564102,12.65032770113,17.1082609676584,5.91428811421,30.2207993351096,12.05127970693,7.64763429499439,33.1118984546947,11.3349177321615,0
"GSM1933073",15.1011188134146,16.3732725015629,32.7060887951543,23.3148539524101,23.0075233533743,12.0578405778847,14.4571509745488,13.2122603986607,46.1195011244329,6.40280207450457,28.8372603955445,4.13053842610172,4.65084040775096,3.73588158854918,28.8441451474962,4.27176265537275,6.1566132008591,4.48180303371045,7.14540002557196,11.7934544946735,18.0860617905616,20.0331750749546,21.8884485612275,21.1359635731893,32.376239394963,7.64087987234939,12.3643893103097,25.361866644564,11.7990448640888,18.0912350148664,5.76154107249816,26.0724295327976,9.38547999966223,7.59982955178323,33.9006384306943,11.0722399679462,1
