"","A2M","ACOT7","AGPAT2","AREG","CCL21","CD59","CYBA","EIF3D","FASN","FSTL3","GPX3","ICAM1","IFITM2","KLF5","KLK7","MFSD1","MSMB","PFDN2","PIR","POLE4","PPDPF","PYGB","RGCC","RPL31","RPL36AL","RPS21","S100A11","SERPINA1","THYN1","UPP1","class"
"GSM1932967",0.00103090560921983,-0.000787749845917942,0.00465927432368925,0.00689317051607229,-0.00289202125429395,-0.00253033938847553,-0.0132977802742581,0.00431574535504813,-0.00301376597070554,-0.00903646027156274,-1.1745967884898e-05,-0.000113388887048505,-0.0019645646327319,-0.000519946603860063,-0.00638475429351271,0.0041294879829556,0.0104698340488545,0.000481476760342344,0.00710134175958945,0.00387073032880776,-0.00131237834532749,-0.00335236150630982,-0.0110585588996816,-3.92793356458989e-05,0.00469712473651587,0.00235070660012621,-2.60357981814149e-05,-0.00219927780509831,-0.000845888230760979,-0.00907234135375391,1
"GSM1932968",0.0010417974780311,-0.000757477842233798,0.00454813242449594,0.00814705529974479,-0.00277063689773567,-0.00267934755347018,-0.0126850425924047,0.00432252769400191,-0.00296669522269948,-0.0088755358990504,-1.17946292262807e-05,-0.000110708073290936,-0.00191230717339953,-0.000510956016367052,-0.00533011912252087,0.00414600087204981,0.0125062216221068,0.000463326127095842,0.00588651278190821,0.00391314720105484,-0.0013919568514721,-0.00265598940837157,-0.010960007323859,-3.66837733495532e-05,0.00488266062543593,0.00227680528460321,-2.51974098531362e-05,-0.00222208756196819,-0.00080801252937393,-0.00960230033914799,0
"GSM1932970",0.00119663481844488,-0.000760841689070101,0.00474732374389931,0.0110845695917436,-0.00331192710892253,-0.00287162317537539,-0.013425675336635,0.00424662613586348,-0.00312746457755355,-0.00894888012857156,-1.27352240825861e-05,-0.00014171034246236,-0.00207184510593496,-0.000435013330754955,-0.00551473765141146,0.00428092032504531,0.0104641920618824,0.00045472902163582,0.00598721073646447,0.00387365618538538,-0.00130189991359274,-0.00285881708819689,-0.0120861179466816,-3.8890179919044e-05,0.00493990032240966,0.00230125536281652,-2.44882832225882e-05,-0.00281281504711094,-0.000821835220569751,-0.00985267956673287,0
"GSM1932971",0.00102920962533815,-0.000766793703604494,0.00451726851307812,0.010243866470098,-0.00274568779518254,-0.00274379557870335,-0.0126300487703306,0.00423876112084702,-0.00287100746953088,-0.00897670804883089,-1.33433278806398e-05,-0.000111784491466423,-0.00193621853299518,-0.000502736213042872,-0.00613649906641851,0.00383204532985828,0.0114875567915859,0.00048696989138307,0.00647751168661283,0.00382391310064819,-0.00129365196629467,-0.00285821892666667,-0.0106756032836662,-3.7670857746559e-05,0.00457653218563641,0.00244007939936414,-2.56726832816258e-05,-0.00227149059002726,-0.000784236580979526,-0.0093120877212431,1
"GSM1932972",0.0010642810015702,-0.000768528945105214,0.0045508239419066,0.00769245301301293,-0.00317993234229458,-0.00280755588343712,-0.0142632778060965,0.00428680844118359,-0.00279809007768498,-0.00922147097128104,-1.28369794551289e-05,-0.000122349921755002,-0.00204246350921214,-0.000459367415341766,-0.00534627518561206,0.00416454774927588,0.0118323947630116,0.000453980452697,0.00612782305091504,0.00371065528203149,-0.00138419824926286,-0.00280360633686468,-0.0111368753332123,-3.57275933373105e-05,0.00476923678318859,0.00222455821784047,-2.60960900996368e-05,-0.00243435805498017,-0.000800423637168401,-0.00995060398178187,1
"GSM1932973",0.00103438476676345,-0.000774046619599642,0.00472478968069174,0.00665513721131079,-0.00296092182158108,-0.00260361099016712,-0.0130324727856998,0.0042701482006005,-0.00295529280235392,-0.00877196167630788,-1.1552545966539e-05,-0.000122734267833539,-0.00202499532879686,-0.000508250370891049,-0.00530230525427045,0.00431325076903236,0.0119194347490609,0.000468536895572015,0.00713358543927509,0.00391078246151827,-0.00130532289161406,-0.00294293020816054,-0.0106985437630689,-4.42648034734321e-05,0.00492303390915144,0.0024585168989839,-2.83550685860489e-05,-0.00223526827385178,-0.000888161445295177,-0.00946253793110357,1
"GSM1932974",0.00103217924360778,-0.000790097753959167,0.00455701171070471,0.00882999885428627,-0.00297630091183064,-0.00269942977145214,-0.0128371646992687,0.00424061753026441,-0.00281121301884037,-0.00895893409928701,-1.24124093137663e-05,-0.000123416783967965,-0.00191973656755826,-0.000488236093344142,-0.00533733399371492,0.00427486691219728,0.0110333663893376,0.00047107641337952,0.00609082919599011,0.00373326580690098,-0.00132875373281984,-0.00267618833241971,-0.0111098004906932,-3.61788818676405e-05,0.00479889217445923,0.00224876559816344,-2.65617908551425e-05,-0.00242887601697081,-0.000817806649583769,-0.00981073748834111,1
"GSM1932975",0.000608037704549143,-0.00083411269321789,0.00483779504886676,0.0122757684855467,-0.0026845914004934,-0.00267885593314406,-0.0125012197674329,0.00433862775089663,-0.00320517603469907,-0.00897403006507699,-1.3441683284672e-05,-0.000102527792288018,-0.00184618169212752,-0.000503649563124033,-0.00761520146087839,0.0040008895202596,0.0113218503665804,0.000514975278164082,0.00720852564438442,0.00397219914560299,-0.0014330950556222,-0.00314633824664903,-0.0101790247344854,-3.85420003783664e-05,0.00412913078571047,0.00216301519620025,-2.75583691589878e-05,-0.00202738719840244,-0.00080592620833519,-0.00963265673813671,1
"GSM1932976",0.000975396468568493,-0.000794977331605179,0.00464162084799841,0.00813481075372429,-0.0029624095337837,-0.00268012064380559,-0.0122757323236397,0.00433154873353671,-0.00304906631394544,-0.00972176069765941,-1.15861111297873e-05,-0.000109611664596117,-0.00196230631571937,-0.000518256377636172,-0.00546430880141925,0.00389389550816449,0.0123882837564549,0.00046637966446783,0.0062953960774592,0.00392392390507722,-0.0014556787091634,-0.00287744671823749,-0.0108932092931929,-4.00035881258644e-05,0.00478361987729589,0.00246578002811278,-2.60468911034484e-05,-0.00241633551463012,-0.000838152513644426,-0.0101201994907942,1
"GSM1932977",0.00119235177693128,-0.000802465733958541,0.0047208605849237,0.00983885072068878,-0.00323854605312815,-0.00312063703528,-0.0134251220009196,0.00432647490122419,-0.00281484373374643,-0.00995921797680911,-1.43726735605898e-05,-0.000129497646424139,-0.00214345189786444,-0.000453194171737587,-0.00755351845408979,0.00457524638083134,0.0105478393606916,0.000478169241003643,0.0069513543394293,0.00397625012282072,-0.00142474736732712,-0.0032133670465153,-0.0113104783498918,-3.66131489730589e-05,0.00482638351578455,0.00234695645123908,-2.67739983276174e-05,-0.00247063013657652,-0.00084060189226253,-0.00989262221547598,1
"GSM1932978",0.001186918323487,-0.000763742940908984,0.00461032923743229,0.00758956477320264,-0.00317365356863786,-0.00286275417163962,-0.0136824206274293,0.00424506391095235,-0.00279073639528552,-0.00976240543131012,-1.45773267065617e-05,-0.00013402786834294,-0.00212044486328762,-0.000370926399975651,-0.00516920203161339,0.00449944893987005,0.0108958074094892,0.000446702535342427,0.00587014447138468,0.00388014527617056,-0.00136320833872402,-0.00286146960014215,-0.0116221028301628,-3.70754114372948e-05,0.00468959923358516,0.00222280529382789,-2.60122956217658e-05,-0.00282523637564309,-0.000827439726905026,-0.00968751274951563,0
"GSM1932979",0.000938934718192436,-0.00080450857788488,0.00481624347594961,0.00723846132505904,-0.00290960376300909,-0.00258839038766954,-0.0118780145097405,0.00413863462532906,-0.0029819152358271,-0.00894587033109205,-1.16003298103828e-05,-0.000102314066259245,-0.00194899976847218,-0.000527583071884561,-0.00604521830346169,0.00421681880557164,0.0122504681785008,0.000513846572914655,0.00802980908723798,0.00407141577664077,-0.00142001676410059,-0.00330979380455517,-0.0116338206456988,-3.99366333082214e-05,0.00496499175090081,0.00230717954461798,-2.802414545851e-05,-0.00200344024057961,-0.0008704959875196,-0.00965003272330718,1
"GSM1932980",0.00100072056213518,-0.000771354039319324,0.00448651865963275,0.00786685330261873,-0.00265569218021575,-0.00252306783124083,-0.0121509178191586,0.00407973661635533,-0.00278295228096104,-0.00877855638163252,-1.1853063598124e-05,-0.000102443531600114,-0.00176370423772321,-0.000468703250409199,-0.00600227799182864,0.00392890664234823,0.0129558916227168,0.000465571748458119,0.00621234957100453,0.00379900743035839,-0.00131044923668859,-0.00289532995064289,-0.0103751212654431,-3.86135343514054e-05,0.00457527114994193,0.00239690929699601,-2.51736206953176e-05,-0.00195919933195744,-0.000773977524436453,-0.00970879268048491,1
"GSM1932981",0.00111967311854091,-0.0007817119471737,0.00460828852646771,0.00948605723394233,-0.00268270296678891,-0.00288261346595191,-0.0117072533665454,0.00421144336601599,-0.00289846681544785,-0.00894851827947625,-1.41409773930921e-05,-0.00010902571583318,-0.00194277240626056,-0.000470072931346706,-0.00664247756073078,0.00417404890666729,0.0112965757630416,0.00046143388284595,0.0064695959183204,0.0037189413043189,-0.0013122998525346,-0.0030304227853855,-0.0116168557683629,-3.50256773776953e-05,0.00429072957026377,0.0022551073753971,-2.53362540654603e-05,-0.00257013513104336,-0.000774667008762538,-0.00958643537642096,1
"GSM1932982",0.00108729311908971,-0.000802402396004935,0.00455521226334386,0.00654556570954471,-0.003334404726353,-0.0029380284872588,-0.013746255192465,0.00431338865524439,-0.00306097275890891,-0.00919099025643683,-1.21265609901429e-05,-0.000141109186521447,-0.00209885319132502,-0.000413935563183051,-0.0053468013670599,0.00410687848040664,0.0106210257962076,0.000478685401213395,0.00608922421958536,0.00382648061886602,-0.00139563334026313,-0.00278007098228353,-0.011467832810169,-3.80781351768421e-05,0.00485286676089027,0.00234955226566435,-2.5594039637549e-05,-0.00243328405905824,-0.000877734298235865,-0.00956578513131166,1
"GSM1932983",0.00110189492829553,-0.000809638966569625,0.00473849348582574,0.00728536692960429,-0.00286121166341995,-0.00277737808954968,-0.0130462395147486,0.00455848452772525,-0.00327673425509667,-0.009245142697513,-1.18014997872529e-05,-0.000114290563421336,-0.00194494427589662,-0.000521632347459497,-0.0054410131014422,0.00418996557517013,0.0110317035112859,0.000476076733801386,0.00676157586017494,0.00375416035847716,-0.00145536722810298,-0.00304089837614824,-0.0116769170445621,-3.73180720204544e-05,0.00497768017823993,0.002229951691917,-2.65741350319314e-05,-0.00230167627024287,-0.000829673524970714,-0.00987261876944591,0
"GSM1932984",0.0011265458404611,-0.000792010785391863,0.00479258184714806,0.00712942865258597,-0.00313853073072552,-0.00269809469484136,-0.0134708971904869,0.00434446939459907,-0.00303635134987719,-0.00936115046330039,-1.29070260940943e-05,-0.000119431725975771,-0.00210699971358089,-0.00046329227348537,-0.00587107988281306,0.00397169902945828,0.0160920306532396,0.000456683025474118,0.0062551789418759,0.00377308317445636,-0.00142980783763133,-0.00308821671532924,-0.0117448742503944,-3.71000813221931e-05,0.00473332533236453,0.00221238474843842,-2.65815439672864e-05,-0.0025623225916189,-0.000831583740543175,-0.00984936041642404,1
"GSM1932985",0.00105237728231548,-0.000761102898244545,0.00438543810956,0.00661070380098035,-0.00291004507750759,-0.0025815635336118,-0.0132361712546008,0.00406773386351527,-0.00279236225810546,-0.00878413344397054,-1.19350525002326e-05,-0.00011950023308126,-0.00197692454099881,-0.000451414600114846,-0.00531260383563226,0.0041584678473359,0.0103960152310098,0.00044147018612817,0.0062935684017961,0.00370543747943353,-0.00129408645090268,-0.00272490166908243,-0.0109520179967821,-3.57520988488019e-05,0.00457012726964938,0.00216326365413678,-2.43610290698031e-05,-0.00218206209188861,-0.000799793431147943,-0.00930552933962644,1
"GSM1932986",0.000978607260677423,-0.00077945821312549,0.00455276597999287,0.00994237337312099,-0.0029817713515335,-0.00297176955522048,-0.0124963323077769,0.0043031690545615,-0.00288939825450249,-0.00940939611210496,-1.23530229246821e-05,-0.000118510297852619,-0.00195661151351221,-0.000502028508141869,-0.0071089797047318,0.00401843396321305,0.0109998077319966,0.000453196643212929,0.00607064695947235,0.00373812163630324,-0.00135713992425164,-0.00289992780986242,-0.0108807550909509,-3.5937895621562e-05,0.00514419888357196,0.00229425366225042,-2.59813387241094e-05,-0.00235241062033889,-0.000804124398771402,-0.0102617748270558,1
"GSM1932987",0.00108455618913773,-0.000771886485067467,0.00463542218722406,0.008019544583188,-0.00282477681921582,-0.0026921870065872,-0.0130885171057396,0.00398841999590247,-0.00277111638450565,-0.00947925471176813,-1.28610699235717e-05,-0.000124288504298243,-0.0019891050104477,-0.000413099228093233,-0.00545124367979388,0.00429635087224957,0.0106822487787273,0.000433008132065499,0.00583027204666714,0.00375352537179399,-0.00127843875225062,-0.00274549576664678,-0.0110676723717261,-3.39459200318372e-05,0.00456845107666897,0.00215489304394624,-2.44922368330543e-05,-0.00260021042614306,-0.000784130880054287,-0.00982462934157814,1
"GSM1932988",0.000924915343175429,-0.000807654566031021,0.00474031095007281,0.00804252900817915,-0.00261479707724922,-0.00265772599876039,-0.0124031896157275,0.0047210384023661,-0.00302233653489679,-0.0088902070325395,-1.15241247576861e-05,-0.000114301081327613,-0.00198491065852086,-0.000571501710693442,-0.00644208146925229,0.00447447453407058,0.0136256262734365,0.000500540271719108,0.00841280510185505,0.00393204649303938,-0.00141262823296882,-0.0030579522139961,-0.0110026797599297,-4.173440504515e-05,0.00495543894742074,0.00242902128512873,-2.85344894678342e-05,-0.00213778314389115,-0.000828511673551069,-0.0102593185493259,1
"GSM1932989",0.000918447519608781,-0.000765515633582275,0.00445664447894483,0.00959362210532264,-0.00279541413712567,-0.00245653489066538,-0.0115229675282512,0.00360328311614103,-0.00277129613708983,-0.00871445431010152,-1.18485881615947e-05,-0.000101592535273772,-0.00171516575558552,-0.000497978695810096,-0.00566865334851324,0.00374069866871864,0.0117376067930749,0.000416287458387084,0.0062119358303102,0.00375768419177537,-0.00127091277599635,-0.00249293392940713,-0.0100150435397514,-3.39457761407785e-05,0.00393405313665694,0.00200108717489482,-2.36463532994757e-05,-0.00228927212860214,-0.000741458296231311,-0.00983707754997389,1
"GSM1932990",0.00113727188929002,-0.000808149264684887,0.00456968128581532,0.00869286625621155,-0.00301375453435832,-0.00282959566738792,-0.0126241447415143,0.00431941785876985,-0.0031471413888656,-0.00920426631497838,-1.25635780368301e-05,-0.000118141496801866,-0.00199888658062944,-0.000570254220779147,-0.00594558424795047,0.0040595283374696,0.0112759543107712,0.000455681321501655,0.00658753354312228,0.00388728471154112,-0.00132259391146334,-0.00342680680003077,-0.0107615519758569,-3.89760994076034e-05,0.00481858906601587,0.00241696055292501,-2.60224400612036e-05,-0.00248332770691747,-0.000844564846123537,-0.00935049740888799,1
"GSM1932991",0.00116480540233692,-0.000778275041923958,0.0046611266762102,0.00981505851757009,-0.00349676226132897,-0.00275277484631741,-0.0136807024944064,0.00430744254340863,-0.00306804328799547,-0.00910616741637357,-1.37017857795181e-05,-0.000137480486031314,-0.00211055294249594,-0.000549531128807962,-0.00718451806751861,0.00437164129172025,0.0104839099134362,0.000464973599766338,0.00678605813481978,0.00402629404435443,-0.00133676795773447,-0.00292374044012496,-0.0121677172564378,-3.9338724929298e-05,0.00497670052675005,0.0023099635093128,-2.57637876532754e-05,-0.00257108727444228,-0.000816998191182444,-0.0104938299376277,1
"GSM1932992",0.00109206013829004,-0.000802479765040791,0.00455603745960266,0.00991670162314413,-0.00301690727294399,-0.00276611627162142,-0.0126581767798539,0.00460207646036897,-0.00314764777671062,-0.00883999199041388,-1.26549060995505e-05,-0.000116443488899174,-0.00196826831745677,-0.000525952702293977,-0.00553645841992035,0.0042382210446124,0.0105110660624775,0.000503277329246831,0.00723012092451032,0.00399025895276234,-0.00131503732874009,-0.00289840975604628,-0.0108820040295123,-3.70487795265678e-05,0.00472844964809308,0.00237964061681772,-2.6606636564583e-05,-0.00253733897927618,-0.000835942493327041,-0.00968858914007547,1
"GSM1932993",0.00112309651900877,-0.000762478711834778,0.0044931865999875,0.00694323413221068,-0.00304886337563558,-0.00269077702965289,-0.0127353473795959,0.00402587549713833,-0.00276550598473144,-0.00891699368465459,-1.28307320313612e-05,-0.000118155250201725,-0.001904642981493,-0.000427671455344295,-0.00622247894656894,0.00384135731808767,0.0110535860748911,0.000430138824647192,0.00604001390091483,0.0037804584795291,-0.00129465436270384,-0.00264599105361018,-0.0110840911373552,-3.44665891508824e-05,0.00440988597197194,0.00207632690869885,-2.38343349596937e-05,-0.00244555656175874,-0.000780352566129315,-0.0092332452842794,1
"GSM1932994",0.00101698619396448,-0.000782635031559865,0.00467114319629025,0.00627728106224252,-0.00329835325075136,-0.00264147191882184,-0.0133680807558397,0.00425175469926772,-0.00315050102658781,-0.00889397537714542,-1.16798882299748e-05,-0.000121086734979518,-0.0019733765933476,-0.00049856319331875,-0.00573687172367824,0.00423817046519364,0.0138273989150335,0.000464590217140235,0.00715198811748277,0.00385333164955685,-0.00130037365642796,-0.00289133930955445,-0.0105410767830787,-3.76745245932747e-05,0.00469123672607503,0.00228630243663631,-2.67045208283337e-05,-0.00242734283079763,-0.00081398406042631,-0.00977214800098814,1
"GSM1932995",0.00118767443252359,-0.00079583173584917,0.00459401263618216,0.00840501699320961,-0.00339636288759292,-0.00273516175607023,-0.0138032616622046,0.00413617437754481,-0.00282647419726779,-0.00896525866296005,-1.3283429843103e-05,-0.000122942942736407,-0.00198170082944589,-0.000418277192368493,-0.00567053900068514,0.00421367758320329,0.0135556514970934,0.000451033901328684,0.00591253646513039,0.00381333602858188,-0.00133834292545419,-0.00274781132990266,-0.0111398159456415,-3.59658602910385e-05,0.00463040019416277,0.00219733735035126,-2.52931106962822e-05,-0.00276540355568174,-0.000824369754105532,-0.0100063118579471,1
"GSM1932996",0.00106270597676525,-0.000795419194262965,0.00431572936660504,0.00647269422452917,-0.0027252439336332,-0.00236980431478448,-0.0112553179360666,0.00432605877699951,-0.00306230394422836,-0.00862797321050404,-1.15703828336659e-05,-9.68247094892488e-05,-0.00180768289399324,-0.000377418266120986,-0.00518413541101564,0.0039043005943267,0.010619438587772,0.000478618711960288,0.00573624385060945,0.00405733539243498,-0.00135392058135123,-0.00377126685279221,-0.0104980901960608,-3.91558018011466e-05,0.00454118851342464,0.00249719619810662,-2.29901699403825e-05,-0.00199751296313641,-0.000892896037107586,-0.00885278604199998,0
"GSM1932997",0.0012294105960792,-0.000789263509395902,0.0046812927183953,0.00801392236425925,-0.00301788909531374,-0.00279527445433756,-0.0130160705483715,0.00466443069935377,-0.00299340515362719,-0.00919031475141286,-1.36559711864619e-05,-0.000127228014420607,-0.00203989798462121,-0.000535495003197484,-0.00541811437290028,0.00434788497142613,0.0121624557900454,0.000511445526553614,0.00672006301544836,0.00386833203707986,-0.00138446230604912,-0.00308764776693033,-0.011771254505428,-4.11071409956297e-05,0.00476861653972703,0.00239427328787182,-2.71685680383938e-05,-0.00262572267264334,-0.000967986832889777,-0.00966243370478432,0
"GSM1932998",0.000949568430283165,-0.00083969369357523,0.00484175305943483,0.0108244552261005,-0.00284944576937175,-0.00274945736338058,-0.012435555429912,0.00424672956616648,-0.00291100632245499,-0.00963749410505605,-1.12407162237049e-05,-0.00012172427107773,-0.00193973524220463,-0.000531329185845068,-0.00963268184381236,0.00370812351136445,0.0119273028849058,0.000486733317582398,0.0065696048811313,0.00370962522540524,-0.00143376766322655,-0.00320264418238599,-0.0108685926176086,-3.61261044413978e-05,0.00451830809114217,0.00241210788093406,-2.68835531228947e-05,-0.00210863748164546,-0.000787750385458838,-0.0123096876242446,1
"GSM1932999",0.00116591338283263,-0.000773003430145904,0.00455048831046126,0.00811336738697837,-0.00340745458294196,-0.00270509119056878,-0.0131669677023573,0.00435179409126724,-0.00297772273210276,-0.00943460243952703,-1.25338788302085e-05,-0.000119984972379363,-0.00201897034566519,-0.000517933621692733,-0.00555089804275607,0.00421050001846054,0.0106838102667252,0.000481199573536425,0.00666417983677271,0.00379076924356241,-0.00130915293996521,-0.00299051639241631,-0.0115943249635941,-4.02173747056719e-05,0.00463836523876088,0.0024037123040582,-2.57063754760337e-05,-0.00249537187075327,-0.000820650124074443,-0.00941260258595868,1
"GSM1933000",0.00115938891067158,-0.000785710038141469,0.00463542764051079,0.00814114850728056,-0.00299214397797226,-0.00278903713089435,-0.0127217131500633,0.00471135027774905,-0.00330071003476991,-0.00892550477438643,-1.28528355732936e-05,-0.000104980197481568,-0.00191304087010888,-0.000593015181472759,-0.00660135831640114,0.00437302900948018,0.0107906330875494,0.000489866717663483,0.00807216420520771,0.00405941890066045,-0.00135648318939722,-0.00305567741819557,-0.0108650112251822,-4.20511593285312e-05,0.00506213805423037,0.00239841845642846,-2.55868427543061e-05,-0.00224194853754251,-0.000919645569251411,-0.00898122245368153,0
"GSM1933001",0.00107683480401708,-0.000801458314151204,0.00461246515511412,0.00818751314280032,-0.00295918123918175,-0.00264498632898075,-0.0130960249506857,0.0042927158200183,-0.00296382453763663,-0.00885057573953877,-1.20104622947012e-05,-0.000109613400923835,-0.00192622671213757,-0.000524028443868955,-0.00534604550684407,0.00402152884550451,0.0111585166885386,0.000466724691049158,0.0067650620773047,0.0039180603147985,-0.00136508917313101,-0.00268724976368514,-0.0112738387030073,-3.66448826994172e-05,0.00482946432524481,0.0023155131197301,-2.62353059251002e-05,-0.00218557924805889,-0.000827381291831972,-0.00951325918459735,0
"GSM1933002",0.00108368734603017,-0.000800124030964104,0.00455856337015609,0.00756187729202437,-0.00308866595125454,-0.00304557514587088,-0.0134547108946185,0.00444586150340143,-0.00293100982011543,-0.00898833392543513,-1.23410598403583e-05,-0.000125043852870954,-0.00207742425254612,-0.000529126081819285,-0.00571613037246644,0.00425897326183473,0.0115098715431785,0.00046197387516458,0.00595184516627816,0.00388078696929541,-0.0014259952527202,-0.00304267780672368,-0.0113557984702189,-3.66769042401545e-05,0.00498769671673949,0.00234520634418295,-2.79774805572427e-05,-0.00248716198055673,-0.000789854839571619,-0.0113607379854891,1
"GSM1933003",0.00114237355768864,-0.000809247171055781,0.00477221629258618,0.0110591295558618,-0.00306969571883961,-0.00278007027066464,-0.0123682096232839,0.00443944058328876,-0.00308262943868322,-0.00921845575545781,-1.25963712159009e-05,-0.000116833781826896,-0.00198964174232937,-0.000533560834323843,-0.00602226699009774,0.00428683670268692,0.0117931806071519,0.000487595001565621,0.00725434896716971,0.00374999447878034,-0.00132992732231585,-0.00300084587805044,-0.0119451354598379,-3.61921248432792e-05,0.00485059805794446,0.00231502875345786,-2.69723423457948e-05,-0.00252816514220745,-0.000792601027545833,-0.0100786572653766,0
"GSM1933004",0.00107256706845437,-0.000805954434473743,0.00480594614292362,0.00981674076658079,-0.00331592360445752,-0.00285526075924268,-0.0126246604232563,0.00478634015285345,-0.0030296787945561,-0.00913522010802485,-1.24186700914901e-05,-0.000119341743058574,-0.00201186576371734,-0.000528270782603755,-0.00583235926989479,0.00387499649142291,0.0105259027867006,0.000499179297932059,0.00734653992069858,0.0041045438220744,-0.00142409243540981,-0.00297392207514478,-0.0113656322785979,-4.18899895226903e-05,0.00479168385276177,0.00248095628218474,-2.72091403115438e-05,-0.00254351991344438,-0.000844640593511091,-0.0097885456552567,0
"GSM1933005",0.00110686734406665,-0.000755755625559396,0.00447403699611725,0.00742001726716302,-0.00295462907084563,-0.00262231930434144,-0.0121911912358516,0.00405094820262815,-0.00301031711617876,-0.00902296586956773,-1.30964499872917e-05,-0.00010876115051255,-0.00194492003706026,-0.000482254919741033,-0.00532608239080091,0.00386949132558501,0.0116145409393261,0.000467678231074958,0.00595654402259596,0.00438818731486917,-0.00137446608872711,-0.00287189063151026,-0.0115256308364906,-3.81030467990177e-05,0.0044743662821096,0.00231670760704734,-2.57447939914032e-05,-0.00237866364024425,-0.000855541690197546,-0.0092650403770478,1
"GSM1933006",0.000776090140174359,-0.000760675661800768,0.00438942806321976,0.00824074063423301,-0.00268816271342142,-0.00227775436717953,-0.0115000432089496,0.0036067419977884,-0.00262037741337351,-0.00870405382755712,-1.16066392961114e-05,-0.000101912182628412,-0.00174880035541001,-0.000345280461292033,-0.00540766039944671,0.00345980155110498,0.0118939564143732,0.000376315037744216,0.00570947446253029,0.00367194916222691,-0.00121801433237274,-0.00266423135025805,-0.00975544198141885,-2.99123342602525e-05,0.00386770257237533,0.0018770245019567,-2.12215275449105e-05,-0.00209738640292735,-0.000721757413717851,-0.00960598071557487,1
"GSM1933007",0.00102028901083993,-0.000813626036992785,0.00457814805658774,0.00786903054157815,-0.00284949978754591,-0.00274593825273379,-0.0122661963749021,0.00425623075069797,-0.00322470199329369,-0.0093942094396164,-1.19160919629954e-05,-0.000107987762245461,-0.00191441307333069,-0.000472357772359337,-0.00552035298608366,0.00386037716494418,0.0139167293941026,0.000486025811050247,0.00570927543216234,0.00388244268031177,-0.00134404921940488,-0.00284715495549071,-0.011097728059025,-3.66465741156344e-05,0.00471766470786919,0.00235048751569624,-2.52968951675987e-05,-0.00218986731414491,-0.000810430187328668,-0.00945312302852675,0
"GSM1933008",0.000988766384745809,-0.000817143284204247,0.00468881611710969,0.00825253822486507,-0.00280970803456493,-0.00264198313902432,-0.0140829953342754,0.00420039285999518,-0.00301368179662858,-0.00898094552099901,-1.14747452560387e-05,-0.000120406726998618,-0.00206748578507196,-0.000510337463157427,-0.0062851829635981,0.00417238676294052,0.0106121542249921,0.000476781650770665,0.00730022222924733,0.00401338170601203,-0.00130095136575667,-0.00328735571935089,-0.0108537460429528,-4.25439141936502e-05,0.00482945989450927,0.00238019351033607,-2.58970974814442e-05,-0.00221172238726625,-0.000887249574860646,-0.0107404502422522,1
"GSM1933009",0.000984891183071242,-0.000790231176452802,0.004552557560448,0.00711570917580644,-0.00277127945558483,-0.00258527463462006,-0.0125823627400529,0.0040643356236236,-0.00284282921292147,-0.00913128215481466,-1.23975368524174e-05,-0.000114273609239443,-0.00187491738783302,-0.000490102463221219,-0.00618903936121,0.00416842260995068,0.0111431705677087,0.000429038533139474,0.00638755483189135,0.00376169722115558,-0.00126432829735937,-0.00286615903945981,-0.0115970555981447,-3.33796262328406e-05,0.00436649409381494,0.00213282227831341,-2.44888663443013e-05,-0.00217991815451743,-0.00075661404092351,-0.00968392911777658,1
"GSM1933010",0.000914109466908421,-0.000807978762852994,0.00445896711023177,0.00678591614236698,-0.00270454346681687,-0.00256887323752273,-0.0121772312787731,0.00412305657858497,-0.00271903237370496,-0.00881105388093946,-1.09721271607806e-05,-0.000126497939262142,-0.00181302109373614,-0.000450171481478332,-0.00529587054586448,0.00352603702929628,0.0184023587531688,0.000422772438639747,0.00631201118302241,0.00376895103823787,-0.00122809191983506,-0.00253039651466763,-0.0101302858958034,-3.86173092830681e-05,0.00437057166107453,0.00223976699055599,-2.37995315413284e-05,-0.00210447661786651,-0.000754530629411302,-0.00894702807608652,1
"GSM1933011",0.000977357525831472,-0.00081410408946164,0.00478998006111227,0.00666802928654831,-0.0025661663489558,-0.00280843692956854,-0.0125608365458286,0.00431137837342865,-0.00356825201124695,-0.00926840635881241,-1.38018135237828e-05,-0.000109893281717705,-0.00207857003313843,-0.000411553474992351,-0.00558543501269452,0.00421663790681656,0.0118346899274145,0.000530146013309367,0.00625768341646825,0.00465566468580951,-0.00149606058052962,-0.00305454922017268,-0.0108361613505746,-3.88406858628839e-05,0.00454399885798269,0.00256984599931506,-2.57296254691088e-05,-0.00210683913507127,-0.000819110616160297,-0.00940573678692329,0
"GSM1933012",0.00120373099382541,-0.000766195348456534,0.00476753661426928,0.00832173499249039,-0.00333491331117206,-0.0028452655663024,-0.0132974899000095,0.00408609103531272,-0.00289967164281235,-0.00924095887911405,-1.36338775321654e-05,-0.000126241432831694,-0.00204991282565434,-0.000457563109010996,-0.00732814001311983,0.00400247764977228,0.0107883844517193,0.000443554124634473,0.00627644599721895,0.00376499700884184,-0.00130497243403442,-0.00281329408917291,-0.0116857446331021,-3.64266494022656e-05,0.00472065886676374,0.00220492510950209,-2.51711451288595e-05,-0.00249326942711438,-0.00081153957898404,-0.00972411996160476,1
"GSM1933013",0.00104252817120497,-0.000800476916031756,0.00466949811976494,0.00838143578960288,-0.00281123085567549,-0.00269234023351548,-0.0129648477300102,0.00424483907473404,-0.00294595592353889,-0.00907007302397254,-1.2142721020046e-05,-0.000106423813532262,-0.00194868702743513,-0.000527020922397515,-0.00627921868678248,0.00428151283920597,0.0116928575482652,0.000464499367396076,0.00701784711078872,0.00381671824373923,-0.00133730867465907,-0.00311780533617079,-0.0113488814074366,-3.91690922767131e-05,0.00479398062422493,0.00227966053379972,-2.61847132342173e-05,-0.00218801338874569,-0.00079349115076734,-0.00998646289929539,1
"GSM1933014",0.000997577767941015,-0.00078326460081361,0.00457059663491993,0.00813071699990052,-0.00254728765473502,-0.00266785244981393,-0.0122014154228543,0.00455343514180509,-0.00298554517388588,-0.00870738960578609,-1.09032820144568e-05,-0.000109765792674268,-0.00177984678583863,-0.000566761283676362,-0.00532640994599374,0.00388667186494137,0.0117369822556487,0.000478496620657427,0.00757134674191992,0.00386761485632795,-0.00127659875911455,-0.00287836133861893,-0.0107885856688851,-3.86211081234425e-05,0.00485009185766357,0.00233591228415989,-2.62674726965992e-05,-0.00204697924575809,-0.000887673446865202,-0.00995647869599839,1
"GSM1933015",0.00114792706784298,-0.000812505159669746,0.00474232685778846,0.00818594331218077,-0.00313549311139551,-0.00320901925092864,-0.0135869738355094,0.00444008448359636,-0.00297501220477835,-0.00913930985281421,-1.3026811169093e-05,-0.000128166153907735,-0.00207537742273239,-0.000555054897289615,-0.00733420540531124,0.00466496871834765,0.0107978563281225,0.000466227143740273,0.00625579810613023,0.00392496472346409,-0.00149458394339701,-0.00299725870972318,-0.0113643946058892,-3.7046426759429e-05,0.00480235360053903,0.00231295250325735,-2.83033459390677e-05,-0.00233676801824888,-0.000846407944943144,-0.0109359493375507,1
"GSM1933016",0.00117721144233582,-0.000857015177950548,0.00467634276875454,0.0122338832096314,-0.00326516654293639,-0.00267896678588519,-0.0126494676320379,0.00433036862904342,-0.00299753570903254,-0.00923780842551371,-1.31865736998028e-05,-0.000113786127712784,-0.00197407808533575,-0.000496146886381561,-0.00708626969735636,0.00401615711824892,0.0120757078772585,0.00047585651647093,0.00665639319805065,0.00397967967940309,-0.00137384388561259,-0.00311476489769303,-0.0117949963901513,-3.59055683346292e-05,0.00464573856281586,0.00225397655592957,-2.68160433521489e-05,-0.00232253043330518,-0.000853699833013487,-0.00967734386654871,0
"GSM1933017",0.00112818182748796,-0.000770684026630647,0.00467118195811282,0.00847402252848264,-0.00301240941407937,-0.00269436547999644,-0.0126360523095341,0.0043943950338054,-0.00289879601884474,-0.00920773299325597,-1.23969042000235e-05,-0.000111259647537345,-0.00192703753911115,-0.000537727944739385,-0.00617921090975754,0.00404041220026547,0.0123344515482497,0.00046671582995951,0.00739242621977809,0.00384555607778064,-0.00135298700648941,-0.00279658235163627,-0.0112356238679757,-3.86706086642815e-05,0.00452791088247128,0.0022683313894859,-2.53080758440887e-05,-0.00231359800579015,-0.00085959740783311,-0.00921442164437638,1
"GSM1933020",0.00101842006615602,-0.00076951740737326,0.00462477307726801,0.00771353328183205,-0.00282415295428301,-0.00256380650064384,-0.0126950620439594,0.00428900095506705,-0.00294761091639185,-0.00910527636804932,-1.1436173065555e-05,-0.000112811490958842,-0.00196816952596991,-0.000494754315552752,-0.00546055540477754,0.00398182843032454,0.0113964244532043,0.000470758102772254,0.00650124341460213,0.00389457530626093,-0.00135879539529265,-0.0032695968382003,-0.0112058107731974,-3.76340166180886e-05,0.00441038358003913,0.00208005910739854,-2.63743943433613e-05,-0.00229431934092981,-0.000820708915759707,-0.00956632674132176,1
"GSM1933021",0.0011832273950613,-0.000771697642623089,0.00450156277791203,0.00937657786913558,-0.0030387583756635,-0.0028468994938407,-0.0132496917091778,0.00411873790122738,-0.00277263469196325,-0.00908000531504516,-1.35221701413722e-05,-0.000120670940623876,-0.00199382966454215,-0.000464130502651279,-0.00553337175041272,0.00429712836107961,0.0120322505131441,0.000440771041756784,0.00585307339722614,0.0037998112930811,-0.00130879249472788,-0.00285731931674694,-0.0117841586870188,-3.5219059355432e-05,0.00464257511416708,0.00214067558399636,-2.41367971935652e-05,-0.00244062364432072,-0.000796193619010914,-0.00980539697801706,1
"GSM1933023",0.00108663509594863,-0.000828237231950646,0.00459541234778087,0.00820029000994006,-0.00336786434994548,-0.00302333140648667,-0.0134268717274082,0.00469442615135574,-0.0028826601775248,-0.0093767992100424,-1.22612926312516e-05,-0.000115807310048219,-0.00195982579387069,-0.00050987470205844,-0.00877044661688423,0.00420301320385913,0.0123618960737439,0.000474840431396222,0.00628710781579644,0.00385596265458616,-0.00136555914932383,-0.00309483004455889,-0.0111733558487824,-3.7948132987494e-05,0.00493663886989935,0.00240469248063194,-2.61868752021261e-05,-0.0022183851308288,-0.000815145743531485,-0.0101280456081915,1
"GSM1933024",0.000987703618240869,-0.000816989885708864,0.00462582062193273,0.00713560983189258,-0.00292809636502445,-0.00258122592574687,-0.0133602101452471,0.00418816213411882,-0.00300918297767874,-0.00910019258613726,-1.14690970063498e-05,-0.000118902072295792,-0.00190390546357015,-0.000463312760077636,-0.00551891727569716,0.00406853884212754,0.0116756956195239,0.000478323323757879,0.00668152588659883,0.00369021547547633,-0.00136521357483947,-0.0026632531370473,-0.0106535967793985,-3.69819564381505e-05,0.00457307528897778,0.00230612750007601,-2.62717655269384e-05,-0.00220684618249877,-0.000770172099710304,-0.00980767505322651,1
"GSM1933026",0.00108585620135015,-0.000815439313371714,0.00485322747939213,0.00722790526788237,-0.00347624969850892,-0.00288255693892897,-0.0130666789766176,0.00442465244463352,-0.00289035678901684,-0.00906014942501341,-1.23762265946913e-05,-0.000117024807974734,-0.00194314096029783,-0.000521104715056426,-0.00570537854478583,0.00417504331012537,0.0109152422698296,0.000506788111080279,0.00631799111984863,0.00391221645863296,-0.00132680876705726,-0.00294673790430999,-0.0110126466725255,-3.9515590177444e-05,0.00501796076716548,0.00235971630096142,-2.76397272704063e-05,-0.00228150875586383,-0.000797985804417351,-0.00960513619282298,1
"GSM1933027",0.00112805886669797,-0.000767384790238013,0.00460279225871453,0.0071263066520949,-0.00341691124934833,-0.00268100566667195,-0.0139637365682011,0.00426706328773149,-0.00286419264197869,-0.00877895967691318,-1.24687841312906e-05,-0.000128113680146076,-0.00200117558579519,-0.000487736199465725,-0.00531341654192222,0.00441043441560337,0.0116755754136843,0.000459720807503605,0.0067664105986734,0.00384258850201188,-0.00131828261625797,-0.00289427494506096,-0.0110638021012438,-3.77346984472748e-05,0.00488241633369751,0.00220625093135452,-2.65650556854943e-05,-0.00258444957101833,-0.000822448139264815,-0.00941248859726395,1
"GSM1933028",0.00107328394399557,-0.000798184288974337,0.00456482424916004,0.00693487686901994,-0.00291098794977059,-0.00307386641667423,-0.0123991805511887,0.00420585203802394,-0.00293286373097791,-0.00892124518977355,-1.2062769443932e-05,-0.000136278069848454,-0.00206149005354548,-0.000422046263882922,-0.00533044368824242,0.00415404867392277,0.0105392549620075,0.000469757230893153,0.00625631882607911,0.00397695917439992,-0.00132872781578422,-0.00286229267655188,-0.010848492770511,-4.08816389097131e-05,0.00454692194713095,0.00218488183727358,-2.60609620225917e-05,-0.00233123183018486,-0.00085911626088967,-0.00961111305819164,0
"GSM1933029",0.000966646692476189,-0.000841680932186176,0.00496209687212332,0.00823056414959984,-0.0027074793045161,-0.00288191003950041,-0.0123333802368934,0.0044661914391133,-0.00310326659526329,-0.00932842261911042,-1.16236093097696e-05,-0.000107273234954339,-0.00214550187817924,-0.000536378947477542,-0.00540283008297041,0.00439411885047004,0.0106863410357,0.000522008916957373,0.00836900888093351,0.00383748917331687,-0.00145219065715186,-0.00358995424020853,-0.0110487432252497,-3.89094522343781e-05,0.00485694913216188,0.00241072035516346,-2.8802382965222e-05,-0.00219204375269889,-0.000807998639438972,-0.0100783973462361,1
"GSM1933030",0.00109619653740366,-0.000794417967695677,0.00464176887691086,0.00724726934872991,-0.00274527072591919,-0.00259771857877128,-0.0129158820164093,0.00436406385829345,-0.00282169330210526,-0.00913542161604415,-1.265078196623e-05,-0.000113291956876126,-0.0018334824001036,-0.000460731617147681,-0.00554030605490308,0.00417550647451711,0.0109178504776682,0.000463898187052047,0.00728153838834473,0.00369449901843443,-0.00131706070881557,-0.00272997846277833,-0.0114212135675534,-3.89940686249883e-05,0.00453207781346147,0.00232332619371195,-2.41064676327905e-05,-0.00223643147747554,-0.000840076367257899,-0.0095278319808529,1
"GSM1933031",0.00104817523557795,-0.000791124581171426,0.00466129973386471,0.00928798791971657,-0.00299247053556377,-0.00283124283950238,-0.0134984305469792,0.00430020052677657,-0.0029123817695607,-0.00925104555324384,-1.19537069586201e-05,-0.000121595638053955,-0.00199922514681651,-0.000475161761865898,-0.00533538118443892,0.0041499160952652,0.0109020100556922,0.000464579684064336,0.00625533688203432,0.00377205915442421,-0.00140913124879746,-0.00295897947314524,-0.01110006782656,-3.54874926274075e-05,0.00485664112903895,0.00223687727602275,-2.66834540546743e-05,-0.00238093060236576,-0.000831793806771837,-0.00974355442005243,1
"GSM1933032",0.00100040037409603,-0.000811712091353229,0.0044898912692476,0.00728548226857075,-0.00301473229188867,-0.00291729002653515,-0.0129394854729273,0.00415514424103171,-0.00315237190242175,-0.00911606195660743,-1.15078513301752e-05,-0.000151337933003098,-0.00202625067024537,-0.000433099554767085,-0.00532535200576163,0.00412944418652874,0.0127404215365222,0.000478237188691568,0.00719725161004949,0.00374389793912812,-0.00137614186182783,-0.00304377833858278,-0.0104939650715906,-4.03915668799595e-05,0.00478386308223126,0.00229031927409254,-2.61113020850395e-05,-0.0021202058227867,-0.000859015088500625,-0.00928503065734115,1
"GSM1933033",0.00108001853810554,-0.000780245028795587,0.004671733145726,0.00691273292206251,-0.00270603863801685,-0.00263439828039496,-0.0120414492790613,0.00423213724074173,-0.00283928510022704,-0.00886082740035408,-1.2953734401942e-05,-0.000102714148386906,-0.00186336231250075,-0.000563577106483503,-0.00591366123805087,0.00397127307265727,0.01141905228543,0.000465718793745793,0.0068529656104009,0.00372804719444345,-0.00140355491828179,-0.00292548864179059,-0.0107081396972684,-4.16509331683087e-05,0.00440869056268645,0.0023409575893203,-2.61411564965461e-05,-0.00210845554692158,-0.000850380133910131,-0.0104589544286729,1
"GSM1933034",0.00107693197881121,-0.000786856109922575,0.00471345175816985,0.00939128856956075,-0.0035750237060473,-0.00274122798527402,-0.0135856191698259,0.00451741944940876,-0.00304253766100466,-0.009208929536268,-1.25478486026523e-05,-0.000127571397816366,-0.00200525612688885,-0.000503244658862822,-0.00685508019017084,0.00412969841730334,0.0105288649818747,0.000479630189165285,0.00666003340328032,0.00379856824933898,-0.00137217087995233,-0.00322591271542063,-0.0118050511257256,-3.70137871491396e-05,0.00483153750264709,0.00228288814471634,-2.64959263143943e-05,-0.00241921470496433,-0.000816483253960898,-0.0112274860621266,1
"GSM1933036",0.00113473894370485,-0.000784317328655754,0.00462917045211432,0.00770958322656086,-0.0027779516579546,-0.00262395419108569,-0.0120822023195986,0.00442612798417659,-0.0030259317152719,-0.00891311397444726,-1.33659074538755e-05,-0.000105619340766979,-0.00202293840604461,-0.000564117889419685,-0.00539520355496814,0.00407297487517245,0.0108363848906272,0.000485442123904398,0.00684269641181446,0.00404062079225737,-0.00135305486974799,-0.00286957497249067,-0.0114667152634898,-4.05995056694464e-05,0.00501027153678417,0.00240272332212569,-2.73272455076179e-05,-0.0023316788776191,-0.000868258301917652,-0.00958717941962797,1
"GSM1933037",0.00107086093349359,-0.000804701805096284,0.00462039026271016,0.00738528458817819,-0.00299416750931621,-0.00276499188928796,-0.0133002868937343,0.00414764522431118,-0.00287147446762904,-0.00945473964563577,-1.29372306079235e-05,-0.000119727185349486,-0.00198742588303373,-0.000467215636016114,-0.00741093391448592,0.00409692552027597,0.0116498057194385,0.000448412548907668,0.00610021956897704,0.00379234071275169,-0.00143776487430421,-0.00276874101183198,-0.0110986127003324,-3.45661428242937e-05,0.00475078202352026,0.00228063943042658,-2.60010763365767e-05,-0.00246681041187102,-0.000801631007593306,-0.0104702041164125,0
"GSM1933038",0.00128339191488622,-0.000765433839124118,0.00466565675407636,0.0103142927970546,-0.00361216666773935,-0.00298169520440527,-0.0133467772289725,0.00415384110726849,-0.00299520771121307,-0.00942842321413509,-1.54408454288453e-05,-0.000132458327871338,-0.00207185048917202,-0.000450088992573904,-0.00554640956793374,0.00429287387317089,0.0118848294470595,0.000444277005600645,0.00608765748372578,0.00375588166159317,-0.0012786941479399,-0.00275778614812952,-0.0128174670480765,-3.60481986176838e-05,0.00478739321060678,0.00221383811727755,-2.41855722676997e-05,-0.00267044131186901,-0.000817212575532752,-0.0102477689709043,0
"GSM1933039",0.00102674520881701,-0.000773822596146327,0.00453838358308602,0.00800919487848677,-0.00310215274091087,-0.0024904452369661,-0.0126246205684755,0.00371901746594176,-0.00278016897028541,-0.00909926422845285,-1.25506193272429e-05,-0.000123201738975411,-0.0018553560842161,-0.000371285281021795,-0.00547429095973484,0.0036509988413382,0.0115177971323364,0.000413115693886739,0.0057582171117563,0.00364828524023092,-0.00126035978217744,-0.00251293579743042,-0.0107751902797256,-3.41235012618683e-05,0.00430938177392937,0.00204732350666591,-2.38240541706785e-05,-0.00250610602516444,-0.000743075479646064,-0.00978757101583923,1
"GSM1933040",0.000849832387684403,-0.000796033298464472,0.0045157300104353,0.00662698470995125,-0.00266824047941082,-0.00249210261298702,-0.0124319994340095,0.00415564971295698,-0.00296091997843483,-0.00879381187617614,-1.13833554434051e-05,-0.000101486629119974,-0.00175087968641,-0.000505044097979997,-0.00540719865082335,0.00400695617559421,0.0109908263120615,0.000474603151352774,0.00731443353023294,0.00380626003016027,-0.00132614758820506,-0.00280872411387417,-0.0106636916983428,-3.65078625329903e-05,0.00448713145353525,0.00214390124252856,-2.56337095679642e-05,-0.00212142725840578,-0.000808852622939184,-0.0096933612489612,0
"GSM1933041",0.00109195136110706,-0.00078100915552646,0.00466580235102927,0.00773232499080259,-0.00296778092058918,-0.00272874710958953,-0.0132141554509763,0.0042475344073937,-0.00293201651313562,-0.0093178586859271,-1.29134545284578e-05,-0.000118846537153725,-0.00193522020366166,-0.00048730316487663,-0.00599939514878569,0.00416213807635044,0.0103516318917787,0.000463599126650187,0.00654914858969457,0.00385145584051571,-0.00132872280023046,-0.00292084013686563,-0.0111114008730925,-3.71106982110762e-05,0.00467359144408779,0.00228135198579369,-2.61336602930008e-05,-0.00239645548355051,-0.00081120684044537,-0.00957874274640419,1
"GSM1933042",0.00106458535056222,-0.000772120869666042,0.00453354299010036,0.00905053824544482,-0.00296607973084519,-0.00268717003904969,-0.0128825063912764,0.00444610990802724,-0.00271050247190692,-0.00879064015041175,-1.17185137058005e-05,-0.000115942419952795,-0.00191432632020177,-0.000555988069459284,-0.00538080894476064,0.00425176920606331,0.0112589670005525,0.000461440314376646,0.00664613986950057,0.00376576830781799,-0.00137261062016279,-0.00280661657549458,-0.0112470102149633,-3.69443340109248e-05,0.00492159809415401,0.0023099802001513,-2.64713508378911e-05,-0.00212236058498152,-0.000816446536315655,-0.00994975547344863,1
"GSM1933043",0.00101126558185704,-0.000811145144062377,0.00461134830599948,0.0096787910214165,-0.00302317258317826,-0.00277133987952634,-0.0133773431572863,0.00384205357016636,-0.00305500840479757,-0.0094443216037434,-1.22143248215968e-05,-0.000127444985562033,-0.00190891105657461,-0.000497916761430433,-0.00569729621433863,0.0039825071159482,0.0109559987341754,0.000465900251385427,0.00581071495094705,0.00393631014176959,-0.00140618301814192,-0.0027018283760673,-0.0109004516668933,-3.42747632930947e-05,0.00453645565382098,0.00221417052510948,-2.55226742553484e-05,-0.00231478232367049,-0.000777008155041215,-0.0100235177135007,1
"GSM1933044",0.00103225147784502,-0.000851305524995923,0.00494737990592497,0.0127577126565806,-0.00254658094940754,-0.00316332455435876,-0.0133850120072851,0.00466457947917933,-0.00292502273001782,-0.00973184078319759,-1.15959883556169e-05,-0.000141918665421573,-0.00210431985161314,-0.000480661302786702,-0.00607562540371987,0.00479666707976592,0.0111959173749536,0.000489467214827838,0.00639718738856728,0.0037975086088006,-0.00147801528339523,-0.00345912353053369,-0.0107614424331907,-3.81850926045475e-05,0.00498138217522729,0.00235821886931013,-2.75408172191124e-05,-0.00228516517650108,-0.000787674898653179,-0.0118280692211187,0
"GSM1933045",0.00112244511176567,-0.000786706907431972,0.00457137503905546,0.00945234837772558,-0.00355014323868848,-0.00293984033310914,-0.0129472315707051,0.00403027754814874,-0.00293273751566082,-0.00915497890560783,-1.34889633818097e-05,-0.000121769818411964,-0.00199539779064249,-0.000495873869006088,-0.00616582074345929,0.00446663364698861,0.0117405712224994,0.000451745134908069,0.00594885872487874,0.00362971963421585,-0.00130137891328716,-0.00286494827535106,-0.0113601950279764,-3.43891535726544e-05,0.0045472766961876,0.00215293492353146,-2.56687014924999e-05,-0.00243570071364869,-0.000805246055188527,-0.0102773374281368,1
"GSM1933046",0.000949643052956207,-0.000826557020668451,0.00495408009000878,0.00691916761433884,-0.0024903591925351,-0.0027071868563118,-0.0116344917190472,0.00459426410887473,-0.00305190591453162,-0.00892456497518927,-1.15550677767805e-05,-0.000109463111978035,-0.00197626661800594,-0.00056305658931142,-0.00542633681185352,0.00460763786482385,0.0114304438995636,0.000516786946514906,0.00817327533633117,0.00394741121056704,-0.00140694205729892,-0.00292703460873021,-0.0106972126887782,-4.33531743595185e-05,0.00497483014133806,0.00240250442694308,-2.81543251801268e-05,-0.00207381746790733,-0.000865783812381342,-0.00955348757736939,1
"GSM1933047",0.00100226007341081,-0.000841249878629241,0.00471501168803038,0.0076317463226876,-0.00318692042188883,-0.00271022664584222,-0.012591401298798,0.004398343403688,-0.00295809829691918,-0.00950721287965005,-1.1803085711613e-05,-0.000114345382533454,-0.00184328741202644,-0.000526947034415776,-0.00552970798426263,0.00412999249371823,0.0112917215714972,0.000487049326353814,0.00676796545167544,0.0038286210236334,-0.00148292407884624,-0.00314539777097575,-0.0107837742039977,-3.6214361150084e-05,0.00470990452485536,0.00236584929197144,-2.66028676952265e-05,-0.00236150614407609,-0.000865197675824351,-0.0107659109598413,0
"GSM1933048",0.00115654012504275,-0.000764352542885146,0.00458623467512641,0.00904701969993766,-0.00326009941922805,-0.0027689006913694,-0.0138165671633901,0.00417699160511924,-0.00276180720065683,-0.00926875440963498,-1.27031793408073e-05,-0.000126026750095344,-0.00195277827719668,-0.000366441536143264,-0.00530312695563087,0.00436828104826421,0.0110499087069183,0.000439837193259243,0.00590186247989297,0.00385515184249254,-0.00126317878193548,-0.0027537664496598,-0.0116049099917228,-3.67754390363675e-05,0.00466010497328031,0.00219345765905342,-2.37790782918302e-05,-0.00264373176652584,-0.000814661149897906,-0.0101287437661022,1
"GSM1933049",0.0010138336681439,-0.00082624801893431,0.00459848754160936,0.0103320292860201,-0.00284064068087027,-0.00273903958894423,-0.0129138298325932,0.00409243019555375,-0.00282713769986847,-0.00915414741459363,-1.25585065950372e-05,-0.000111699298238,-0.00193353405088197,-0.000451359070197643,-0.00836812583094797,0.00401150185390588,0.011836740539626,0.000468518168787247,0.00609155329227473,0.00381332218733735,-0.00131635684725591,-0.00303513247424262,-0.0117337546687375,-3.54584578505559e-05,0.00456605626514114,0.00213821365447816,-2.57532540896845e-05,-0.00219144524228205,-0.000748254194289521,-0.01027591811424,1
"GSM1933051",0.000849299293065944,-0.000781423467705548,0.00453669490156231,0.00965881156781609,-0.00265161808374248,-0.00282070425779335,-0.0122784193198869,0.00402464507981875,-0.00275187342629038,-0.00916909421546619,-1.13996836351675e-05,-0.000115840960324247,-0.00194664069726561,-0.000391459517891617,-0.00672259856709398,0.00367106071429604,0.0115381184800141,0.000441589471621055,0.00559900192743379,0.00391655349805207,-0.00137623192483394,-0.00315804820998386,-0.0103604996932651,-3.40722124526712e-05,0.00470136970427811,0.00231639376618994,-2.43146309931319e-05,-0.00224563265541036,-0.000804253867243763,-0.0109347981970827,1
"GSM1933052",0.00101050241654941,-0.000773113435969601,0.00455215563097606,0.0100536659037622,-0.00316926435062791,-0.0024060303574305,-0.0124384632801343,0.00438014351384199,-0.0029203750549944,-0.0091134239709913,-1.18358022713409e-05,-0.000107993373898534,-0.00179491573492956,-0.000514072058898495,-0.00527771251262365,0.00401540004454555,0.0108112541264045,0.000469090193395499,0.00652511763198137,0.00378374197022671,-0.00137734423236567,-0.0027468515162525,-0.0112146368328491,-3.90339119513259e-05,0.004443263879036,0.00228708875725461,-2.49249593209238e-05,-0.00211554945499046,-0.000828951535839727,-0.00967796097936458,1
"GSM1933053",0.000910316673445547,-0.00078157799104428,0.00464290275214116,0.00823445312759637,-0.002880772434721,-0.00256103458579061,-0.0122179372894822,0.0043134826747174,-0.00291945116387199,-0.00882035492730748,-1.15319866402277e-05,-0.000103778842835064,-0.00178181440080683,-0.000495415661729343,-0.00619418317470734,0.00397751105372718,0.0111991572750796,0.000467300514299375,0.00773533106496996,0.00376517486949997,-0.00132714446773152,-0.00291777343041069,-0.0105777028883769,-3.66204763700356e-05,0.00433786552309124,0.00229715372619677,-2.57009674187491e-05,-0.00230671545841563,-0.000753104249880017,-0.0104794148212039,1
"GSM1933054",0.00121442193980521,-0.000796365083974903,0.00459129331877408,0.00920563738841898,-0.00296384146991091,-0.00291429843947018,-0.0137137836756793,0.00444779680461819,-0.00315034837310289,-0.00932930004080892,-1.44302165355991e-05,-0.000123536907714703,-0.00206753981510847,-0.000470946095732937,-0.00532246422398294,0.00433648321592147,0.0107858199790745,0.000465151507729761,0.00614433272860701,0.00391568168874607,-0.00139242539245999,-0.00312700663587185,-0.0120115376969162,-4.17429970020137e-05,0.00486607379767338,0.00239202162018765,-2.55215380953125e-05,-0.00240591302435932,-0.000825750979916896,-0.0101380099889253,1
"GSM1933055",0.000960345307810077,-0.000781331809305358,0.00447654651680591,0.00868062516857201,-0.00299492103579252,-0.00269880073155616,-0.0126299080641835,0.00402444592498566,-0.0027552335153249,-0.0091911767851512,-1.1898234066218e-05,-0.00010953727065014,-0.00187975162302174,-0.000460651523887312,-0.00576017371237622,0.00376697850078742,0.0117401014585117,0.000421331299084829,0.00618361158355845,0.00364873284152001,-0.00135104963067126,-0.00279257204739912,-0.010400499120416,-3.21834757034685e-05,0.0044668485392067,0.00212049346310773,-2.43060950408705e-05,-0.00214245387503976,-0.000769952770491467,-0.00976101346830391,1
"GSM1933056",0.00103590653932806,-0.000834091263513953,0.0045002952260213,0.0105580676593757,-0.00322450645370675,-0.00285627422148943,-0.0124132644703229,0.00421458590835555,-0.00301446006695083,-0.0092490653582532,-1.33198189595496e-05,-0.000130753259664091,-0.00207685640353032,-0.000437683354971546,-0.00553754392874386,0.00420774607570677,0.0117916970924103,0.000486054428111835,0.00676886136238284,0.00408436016569874,-0.00137894956471303,-0.00302345674094879,-0.0111577345296347,-3.63846526724549e-05,0.00469508006257616,0.00240249836531598,-2.59786846725743e-05,-0.00238274666787389,-0.000848374642393172,-0.0107686109535252,1
"GSM1933057",0.0010889196069108,-0.000808428562767763,0.00473525134391328,0.00853247437855158,-0.00293623413931858,-0.00282281554807655,-0.0134346347886559,0.00448083331894225,-0.00291278471977211,-0.00906628064805092,-1.29474029570839e-05,-0.000126271353545392,-0.00198216307361449,-0.000475948705227644,-0.00620314816379344,0.0041456969962854,0.0109262571258993,0.000475521901750778,0.00747607238513722,0.00384716599855951,-0.00134693862904199,-0.00286029524201262,-0.0113983704163969,-3.62945006713141e-05,0.00480393193025605,0.00227931169697906,-2.61405572978416e-05,-0.00232553553858191,-0.000800613970408205,-0.00974325108704974,1
"GSM1933058",0.000986614396660977,-0.000846956331132047,0.00470008155590301,0.0111148396942683,-0.00335242500364539,-0.00253843065679356,-0.0124059177605206,0.00436162274672524,-0.00323044536709437,-0.00944596008352863,-1.15287429847224e-05,-0.000124149454050674,-0.00194387496854956,-0.000519044012853767,-0.00576327634913236,0.00379747389249605,0.010727416400289,0.000511851179433428,0.00723749557649529,0.00404693259272434,-0.00138031380618432,-0.00337366494130414,-0.0117897622259832,-3.51033223174394e-05,0.00476652762713202,0.00234626322685786,-2.63122460662376e-05,-0.00235390817821029,-0.000796792319819799,-0.0101052025422086,0
"GSM1933059",0.00108631304841283,-0.000813544259903311,0.00455124308397307,0.00772685256914708,-0.00293979200700595,-0.00257884658101784,-0.0130603551063569,0.00407641878528732,-0.0031788565180203,-0.00899977548655292,-1.31709954570376e-05,-0.000116301456181347,-0.00189755868184255,-0.0004947506458566,-0.00576814377427153,0.0040148799870924,0.0108439801812443,0.000476153204666084,0.00657550167363312,0.00415674941974886,-0.00134907358983671,-0.00291969546716462,-0.0109937401997861,-3.65769748671601e-05,0.00475807809682316,0.00222774691675002,-2.6087125902888e-05,-0.00243379848040302,-0.000807502271121257,-0.00970100805315013,1
"GSM1933060",0.00101573089138026,-0.0008095260712199,0.00460658386459324,0.00848280119488899,-0.00294354016468858,-0.00277206038129099,-0.0138384666492611,0.00420692215285024,-0.0029158960891825,-0.00914156957615146,-1.24726502180024e-05,-0.000130458643708625,-0.00207137408090837,-0.000439846391481612,-0.00678899304918122,0.00417469612604426,0.0101808095379284,0.000470012928595811,0.00610739701662961,0.00381954495176493,-0.00135172671041529,-0.00280166677537602,-0.0107175838075323,-3.75436024356362e-05,0.00481859765170215,0.0024178946363772,-2.69757455424791e-05,-0.0024855226315802,-0.00085254086199148,-0.0104086682279611,0
"GSM1933061",0.00104011905542838,-0.000778848626515574,0.00445238677917998,0.00803377215969318,-0.00284446656567114,-0.00290606510400292,-0.0126016331833308,0.00400403823311086,-0.00282517413737782,-0.00886515801758371,-1.21283396538026e-05,-0.000108950820147032,-0.00186550426745712,-0.000527308896689886,-0.00547278900331759,0.00387604918973691,0.0111473624917025,0.000430604134127208,0.00632344758686983,0.00374647108796441,-0.00142552809092863,-0.00275418867347138,-0.0109087899921764,-3.46972081182064e-05,0.00438100679286348,0.00220673263508285,-2.54382980595093e-05,-0.00227033020485199,-0.000796491867936164,-0.0096167363820054,1
"GSM1933062",0.000991868983149009,-0.000772296736628956,0.00447182379402376,0.00737907566859255,-0.00320370547716067,-0.00251605118592922,-0.0132334277944166,0.00444441378876211,-0.00308080262614923,-0.00872990591247594,-1.15569353362185e-05,-0.000113780782196577,-0.00198667694634766,-0.000508820828104212,-0.00536692065675128,0.00431216833198197,0.0106176637334224,0.000503562471803842,0.00662350221082656,0.00413171207834696,-0.00127942721964818,-0.00280126106804927,-0.0104139338137799,-4.00365613685954e-05,0.00486461185778207,0.00229867023692004,-2.55622341706266e-05,-0.00216800601959383,-0.000895103126040951,-0.00921010681088821,1
"GSM1933063",0.000952128111737401,-0.000783607911647759,0.00476713531795578,0.00708387647920904,-0.00280541364015259,-0.00270453439169457,-0.0131244192580668,0.00454147022940546,-0.00323254516023709,-0.00910975081348974,-1.21497245367865e-05,-0.000109042527386409,-0.00197442461423437,-0.000569844621120534,-0.00639793232541611,0.0042940681419835,0.0115258499508301,0.000473950466226953,0.00684243677742972,0.00380443808986711,-0.00137449301432393,-0.00283300200070924,-0.0108077935889618,-3.76682479388025e-05,0.00519660913586516,0.00234727357606121,-2.6816669175633e-05,-0.00220612208889099,-0.0008643133159711,-0.00948472127817288,1
"GSM1933064",0.00114105857027974,-0.000779530759539195,0.00478797236152981,0.0106034442174074,-0.00343883853256454,-0.00327185184451618,-0.0137939588179894,0.00447970233390681,-0.00292121275463669,-0.00954620499961705,-1.33416690331555e-05,-0.000134819908598719,-0.00206444773532799,-0.00043278002253265,-0.00539004896694021,0.00426455865572173,0.0123060260982081,0.000454537518468011,0.00597571450051138,0.00396058972885374,-0.00143927469031016,-0.00284291752151625,-0.0112133450038243,-3.73057141338093e-05,0.00503336437953037,0.00226188621012617,-2.58550144034216e-05,-0.0028772103160774,-0.000857243836873862,-0.011176967156276,0
"GSM1933065",0.000890508086117189,-0.00079349522387885,0.00455646252164766,0.00684744829580221,-0.00271565147698914,-0.00251338453035985,-0.0122762150394541,0.0042456423829894,-0.00320961445270134,-0.00877371331947603,-1.12318003724541e-05,-0.000120636863467738,-0.00178237650967273,-0.00053950088157478,-0.00523297192435667,0.00423122257347445,0.0113896255813239,0.000469706476507615,0.00634521337954204,0.00362624455536666,-0.00132395835969097,-0.00265026277895976,-0.0101962836471418,-4.27081528300708e-05,0.00451726966637773,0.00225229849351738,-2.46199063285175e-05,-0.00204602906313485,-0.000831111025827715,-0.00933391520101647,1
"GSM1933066",0.000851680788787683,-0.000801316820067944,0.00451562597174363,0.00682262601539969,-0.00260658512424782,-0.00249964069995293,-0.0117324748574481,0.00450646052584483,-0.00317413438128414,-0.00895304614706367,-1.11821853109048e-05,-9.88724346301301e-05,-0.0016877096170934,-0.00055809069778625,-0.0053610643817312,0.00408878960230989,0.0143683621501859,0.000484208610641713,0.00714389473549089,0.00397957552304053,-0.00131430817937134,-0.00270695666536497,-0.0107276905003081,-4.01818407015336e-05,0.00486262142169714,0.00231281411382765,-2.63604808259431e-05,-0.00200601292398125,-0.000935194254969763,-0.00959258889807027,1
"GSM1933067",0.0011726623852694,-0.00075372147981701,0.00446721256049769,0.00866396724210312,-0.00282545594577195,-0.00283254812397511,-0.0132295154409108,0.00418774270190716,-0.00273060356247576,-0.00888057578989116,-1.34526781529158e-05,-0.000110641158959808,-0.00198946857056316,-0.000422170590843862,-0.00532673507046205,0.00422692827053715,0.0110505181876965,0.000437855182184261,0.0060646869445213,0.00361925777709644,-0.00127721897823966,-0.00277237054895544,-0.0119294510886535,-3.62525341155151e-05,0.00480442850306227,0.00218045324834036,-2.50396300748979e-05,-0.00220852489229465,-0.000772336642861938,-0.0093497695180057,1
"GSM1933068",0.000973377078145218,-0.000776467997881127,0.0045757416087395,0.00868796379238792,-0.00298195686874889,-0.00269512114695841,-0.0124307300675887,0.00421112142975614,-0.00275444978082924,-0.00934805622047919,-1.32631540887572e-05,-0.000116524074863721,-0.0019359389433487,-0.000415370013422586,-0.00536558309558451,0.00411609247189147,0.0110235787774358,0.000469128291368178,0.00574466125838846,0.00399659683501989,-0.00131864668691721,-0.00273943799811762,-0.0102616382705474,-4.11971464871955e-05,0.00463467113238559,0.00227365864120809,-2.479463682528e-05,-0.00234054755811249,-0.000814341052531132,-0.00962200371747311,0
"GSM1933069",0.00106969507234455,-0.000787166303451586,0.00451454632545846,0.0078083716490008,-0.002754097134284,-0.00250190481892095,-0.0125870029088424,0.00375244898115597,-0.00281404871359623,-0.00911676633960632,-1.22810108879075e-05,-0.000106926239430018,-0.00179835446524178,-0.000390731391991676,-0.00579220687989546,0.00367508279131532,0.0108785406173726,0.000433514580141694,0.00606213466056262,0.00369513356700262,-0.00129412384578442,-0.00271916330642528,-0.0113830921688928,-3.3558978418439e-05,0.00414901466069925,0.00203950926941178,-2.3502264583832e-05,-0.00217820784939172,-0.000780029053526016,-0.00937122265003024,1
"GSM1933070",0.000980611810199523,-0.00077872146232657,0.00477982590202717,0.00906216157001685,-0.00291617600350374,-0.00273098876507575,-0.0122297706129497,0.00432253854681827,-0.00303103713691631,-0.00912512938781748,-1.20655613449506e-05,-0.000110733169131467,-0.0019776175941682,-0.000529560235621442,-0.00544894629888788,0.00432121278624147,0.010547093002509,0.000478240619247474,0.00654776070783465,0.00375152302821924,-0.00138531783460211,-0.00298138895115438,-0.0108931332483439,-3.73698748412044e-05,0.00452347264775076,0.00222103196476416,-2.65536189656454e-05,-0.00242523247062307,-0.000807938836243942,-0.00989238602127555,1
"GSM1933071",0.00109188215647875,-0.000765189260589522,0.0045508391105044,0.00866135093892182,-0.00368813376987389,-0.00278990685624574,-0.0126897681447751,0.00425175606093932,-0.00284809910485049,-0.00897653362262192,-1.21040774883938e-05,-0.000117432616521574,-0.00195675508147467,-0.000495058700609499,-0.00609034044296146,0.00407028519731518,0.0112926560844559,0.00045427620924895,0.00696350365575275,0.00373243810726379,-0.00130587888678551,-0.00281789216684853,-0.0116048063159912,-3.65076169708612e-05,0.00491248763031144,0.00224623888956767,-2.48840166564623e-05,-0.00232205676317807,-0.000810565979594564,-0.0101736741786404,1
"GSM1933072",0.00100396410577128,-0.000792853901141198,0.00451454054393436,0.00711546687538596,-0.00281943629141128,-0.00259601079653092,-0.0127466924371508,0.00439689975892916,-0.00292910692587029,-0.00886287188770585,-1.13196856175928e-05,-0.000112011232190335,-0.00192274706999418,-0.00038549986360447,-0.00555221125725405,0.00372991951308671,0.0103593941128384,0.000480476683469695,0.00735071585259877,0.00390959324458255,-0.00136593304908194,-0.00297289537962856,-0.01071433484317,-4.06054220708089e-05,0.00452555334982972,0.00227526115702517,-2.32671900803817e-05,-0.00214310350450294,-0.00082441126726148,-0.00924088843862151,0
"GSM1933073",0.000964108551676554,-0.000783748198603474,0.00443359849194515,0.00681071552908001,-0.00252358482372935,-0.0022951233984588,-0.0117906321467783,0.00442708386484802,-0.00302849628088951,-0.00867954928355186,-1.10325610131962e-05,-0.000102625062752422,-0.00176028678555454,-0.000471898135225556,-0.00520356082806239,0.00403671536699009,0.0108292115610207,0.000469450253152801,0.00655590465880077,0.00418626070549685,-0.00131718247091499,-0.00281381972665225,-0.0104029233449055,-3.78061665929889e-05,0.00492485179938774,0.00241869487767042,-2.42436202730593e-05,-0.00254519620986805,-0.000879703091167159,-0.00937276009020057,1
